{"rank_positive": 4, "rank_stars": 1, "business_id": "_Dp6Wfqqt4J0D5rHij-WqQ", "neutral": 0, "total": 28, "name": "Budd's Auto Repair", "rating_positive": 4.609529179588384, "positive": 27, "negative": 1, "longitude": -89.4273219, "rating_stars": 4.575104644731714, "stars": 5.0, "latitude": 43.0586128}
{"rank_positive": 19, "rank_stars": 2, "business_id": "eTrt2sC9fq9_Vj--vNIr-g", "neutral": 0, "total": 27, "name": "Dutch's Auto Service", "rating_positive": 4.466792070612067, "positive": 25, "negative": 2, "longitude": -89.320108, "rating_stars": 4.563853617381968, "stars": 5.0, "latitude": 43.1005192}
{"rank_positive": 6, "rank_stars": 3, "business_id": "RsFKsfQ-Xh2SsXKgnULuig", "neutral": 1, "total": 24, "name": "Sparkle Auto Body", "rating_positive": 4.56460232631248, "positive": 23, "negative": 0, "longitude": -89.3631185, "rating_stars": 4.526216967891665, "stars": 5.0, "latitude": 43.0904038}
{"rank_positive": 50, "rank_stars": 4, "business_id": "8pPD7BhiPAq-SC4vSBns1w", "neutral": 1, "total": 20, "name": "Speedy Muffler & Brake Center", "rating_positive": 4.345470692717584, "positive": 18, "negative": 1, "longitude": -89.3502414, "rating_stars": 4.4646167583884155, "stars": 5.0, "latitude": 43.0995576}
{"rank_positive": 2, "rank_stars": 5, "business_id": "Ae0HSV-mcUkMKTrxbxl2ow", "neutral": 0, "total": 19, "name": "Phoenix Foreign Car Service", "rating_positive": 4.659445566366807, "positive": 19, "negative": 0, "longitude": -89.398459, "rating_stars": 4.4466297686298475, "stars": 5.0, "latitude": 43.0300483}
{"rank_positive": 3, "rank_stars": 6, "business_id": "vhB6K_cRtjDfK0nv0RSX3w", "neutral": 0, "total": 16, "name": "Hansen's Auto", "rating_positive": 4.621273989383421, "positive": 16, "negative": 0, "longitude": -89.3939179, "rating_stars": 4.38460439969922, "stars": 5.0, "latitude": 43.0509894}
{"rank_positive": 5, "rank_stars": 7, "business_id": "8EJh4tJA_LbNulSN1rllzw", "neutral": 0, "total": 14, "name": "Courtesy Auto Service", "rating_positive": 4.590688437775816, "positive": 14, "negative": 0, "longitude": -89.337935, "rating_stars": 4.334905637627267, "stars": 5.0, "latitude": 43.1000749}
{"rank_positive": 12, "rank_stars": 8, "business_id": "7FXw9cGbX6nJ2Ghxk25P8w", "neutral": 1, "total": 40, "name": "Chet's Car Care", "rating_positive": 4.504843918191604, "positive": 37, "negative": 2, "longitude": -89.356874, "rating_stars": 4.281570758851106, "stars": 4.5, "latitude": 43.114632}
{"rank_positive": 62, "rank_stars": 9, "business_id": "pnGCr40N_v_cZFylaU4SgQ", "neutral": 0, "total": 11, "name": "AMD Affordable Mobile Detailing", "rating_positive": 4.30454431333166, "positive": 10, "negative": 1, "longitude": -89.4196137619, "rating_stars": 4.2432318226780765, "stars": 5.0, "latitude": 43.0200627521}
{"rank_positive": 1, "rank_stars": 10, "business_id": "dDZ7No0gCZBcB6Nz_FSeLw", "neutral": 0, "total": 32, "name": "Wilde East Towne Honda", "rating_positive": 4.762969588550984, "positive": 32, "negative": 0, "longitude": -89.28159, "rating_stars": 4.2407094747925855, "stars": 4.5, "latitude": 43.143451}
{"rank_positive": 10, "rank_stars": 11, "business_id": "WDV1cwfk5QOuMQmX5fOh_A", "neutral": 0, "total": 10, "name": "Wright's Auto Service", "rating_positive": 4.511842105263157, "positive": 10, "negative": 0, "longitude": -89.4045276, "rating_stars": 4.206787460454415, "stars": 5.0, "latitude": 43.0411501}
{"rank_positive": 11, "rank_stars": 12, "business_id": "_sfusiBwayIdBZwrah7Hhg", "neutral": 0, "total": 10, "name": "Westside Service Center", "rating_positive": 4.511842105263157, "positive": 10, "negative": 0, "longitude": -89.4608834, "rating_stars": 4.206787460454415, "stars": 5.0, "latitude": 43.0321478}
{"rank_positive": 65, "rank_stars": 13, "business_id": "H3aQZfJx6BcyUBRlIkqf3w", "neutral": 0, "total": 10, "name": "ABRA Auto Body & Glass", "rating_positive": 4.2710526315789465, "positive": 9, "negative": 1, "longitude": -89.284105, "rating_stars": 4.206787460454415, "stars": 5.0, "latitude": 43.142085}
{"rank_positive": 67, "rank_stars": 14, "business_id": "BKIWIvfyj8vChwLceDi5Ag", "neutral": 0, "total": 10, "name": "Percy's Service Station", "rating_positive": 4.2710526315789465, "positive": 9, "negative": 1, "longitude": -89.4369577, "rating_stars": 4.206787460454415, "stars": 5.0, "latitude": 43.0521047}
{"rank_positive": 14, "rank_stars": 15, "business_id": "qYyM2yaTdgZX55DPAwWMlg", "neutral": 0, "total": 19, "name": "West Town Monona Tire", "rating_positive": 4.4914631907472, "positive": 18, "negative": 1, "longitude": -89.502311, "rating_stars": 4.127463254952594, "stars": 4.5, "latitude": 43.057075}
{"rank_positive": 20, "rank_stars": 16, "business_id": "GTzQ2-uJAelYk0tLFHaJHw", "neutral": 0, "total": 8, "name": "Valvoline Instant Oil Change", "rating_positive": 4.459813628421665, "positive": 8, "negative": 0, "longitude": -89.4763578, "rating_stars": 4.122245879361321, "stars": 5.0, "latitude": 43.0836646}
{"rank_positive": 18, "rank_stars": 17, "business_id": "vLVk3R4cvkTgDThIv3xJnw", "neutral": 0, "total": 18, "name": "Zimbrick Honda Service Center", "rating_positive": 4.473784194528875, "positive": 17, "negative": 1, "longitude": -89.4969969, "rating_stars": 4.114512224492169, "stars": 4.5, "latitude": 43.05901}
{"rank_positive": 63, "rank_stars": 18, "business_id": "cg-lsWvYnay7vIoob5Rq6w", "neutral": 0, "total": 18, "name": "Mex Mufflers & Brakes", "rating_positive": 4.299962006079027, "positive": 16, "negative": 2, "longitude": -89.3992507, "rating_stars": 4.114512224492169, "stars": 4.5, "latitude": 43.0568524}
{"rank_positive": 22, "rank_stars": 19, "business_id": "wBCvywtcxH2jG2WzFlsPjQ", "neutral": 0, "total": 7, "name": "EV Powers Hybrid Battery Service & Repair", "rating_positive": 4.429406336511842, "positive": 7, "negative": 0, "longitude": -89.3545383, "rating_stars": 4.07283677321648, "stars": 5.0, "latitude": 43.0939689}
{"rank_positive": 23, "rank_stars": 20, "business_id": "4C34dFPh8dWB3Gxai4hDQQ", "neutral": 0, "total": 7, "name": "McDermott's Service and Repair", "rating_positive": 4.429406336511842, "positive": 7, "negative": 0, "longitude": -89.4953713, "rating_stars": 4.07283677321648, "stars": 5.0, "latitude": 43.0514755}
{"rank_positive": 28, "rank_stars": 21, "business_id": "q1RhtgfdsCJOBZbF9RoFeQ", "neutral": 0, "total": 15, "name": "M&M Auto Body", "rating_positive": 4.412513255567338, "positive": 14, "negative": 1, "longitude": -89.3196630478, "rating_stars": 4.069627221575138, "stars": 4.5, "latitude": 43.0987580747}
{"rank_positive": 37, "rank_stars": 22, "business_id": "UMVyDaHpLpDlYCQsOqH_xA", "neutral": 0, "total": 13, "name": "Capitol Tire and Service", "rating_positive": 4.363071970567946, "positive": 12, "negative": 1, "longitude": -89.4770977, "rating_stars": 4.0334082202177, "stars": 4.5, "latitude": 43.0504469}
{"rank_positive": 31, "rank_stars": 23, "business_id": "t4FmuPOQv6PoN4Ad6CYIQA", "neutral": 0, "total": 6, "name": "Gates Collision Centers - Park Street", "rating_positive": 4.395371577574966, "positive": 6, "negative": 0, "longitude": -89.394131, "rating_stars": 4.017533360406381, "stars": 5.0, "latitude": 43.048398}
{"rank_positive": 35, "rank_stars": 24, "business_id": "gdpWp6LCb2AVugVIV1Vccg", "neutral": 0, "total": 6, "name": "Lynch Auto Body", "rating_positive": 4.395371577574966, "positive": 6, "negative": 0, "longitude": -89.348054, "rating_stars": 4.017533360406381, "stars": 5.0, "latitude": 43.093234}
{"rank_positive": 8, "rank_stars": 25, "business_id": "qxItyqavu7BwoC76CRxhAA", "neutral": 0, "total": 11, "name": "Liberty Towing Service", "rating_positive": 4.53427065026362, "positive": 11, "negative": 0, "longitude": -89.2562239, "rating_stars": 3.9905328520529193, "stars": 4.5, "latitude": 43.0850514}
{"rank_positive": 41, "rank_stars": 26, "business_id": "wKfNckqIqTssS6X8acR7Ow", "neutral": 0, "total": 5, "name": "Martin Glass", "rating_positive": 4.357019064124783, "positive": 5, "negative": 0, "longitude": -89.347423, "rating_stars": 3.955213986040477, "stars": 5.0, "latitude": 43.093369}
{"rank_positive": 47, "rank_stars": 27, "business_id": "X_hTAj84s11HePqZVM55zQ", "neutral": 0, "total": 5, "name": "Kwik Trip", "rating_positive": 4.357019064124783, "positive": 5, "negative": 0, "longitude": -89.2900168, "rating_stars": 3.955213986040477, "stars": 5.0, "latitude": 43.1486501}
{"rank_positive": 117, "rank_stars": 28, "business_id": "lrHE_3IRHm3nb73ofHvHIw", "neutral": 0, "total": 5, "name": "Maurice and Sons Roadside Rescue", "rating_positive": 4.0398613518197575, "positive": 4, "negative": 1, "longitude": -89.3882024, "rating_stars": 3.955213986040477, "stars": 5.0, "latitude": 43.0333077}
{"rank_positive": 118, "rank_stars": 29, "business_id": "k9gd7PMu3wX1TQBmFGSyWw", "neutral": 0, "total": 5, "name": "Crestwood Auto Clinic", "rating_positive": 4.0398613518197575, "positive": 4, "negative": 1, "longitude": -89.4717526, "rating_stars": 3.955213986040477, "stars": 5.0, "latitude": 43.0739344}
{"rank_positive": 15, "rank_stars": 30, "business_id": "noPOw3LKkC_nSFWB4DWORA", "neutral": 0, "total": 9, "name": "Car Care Clinic", "rating_positive": 4.487144042023776, "positive": 9, "negative": 0, "longitude": -89.435131, "rating_stars": 3.938980467162504, "stars": 4.5, "latitude": 43.073536}
{"rank_positive": 13, "rank_stars": 31, "business_id": "tLyyUdILp_J_lKZKcKRwxQ", "neutral": 0, "total": 49, "name": "Discount Tire Store - Madison, WI", "rating_positive": 4.495748377068667, "positive": 45, "negative": 4, "longitude": -89.5260757953, "rating_stars": 3.90452522169944, "stars": 4.0, "latitude": 43.0732686818}
{"rank_positive": 7, "rank_stars": 32, "business_id": "fyaURNYm4MCgTIKu64V2fA", "neutral": 0, "total": 45, "name": "Smart Motors Toyota Scion", "rating_positive": 4.549240568348848, "positive": 42, "negative": 3, "longitude": -89.4839406, "rating_stars": 3.897676859355882, "stars": 4.0, "latitude": 43.0523314}
{"rank_positive": 60, "rank_stars": 33, "business_id": "US8gbxm12stL1JPejo2KSg", "neutral": 0, "total": 4, "name": "Penske", "rating_positive": 4.313471502590673, "positive": 4, "negative": 0, "longitude": -89.522313, "rating_stars": 3.884453127211982, "stars": 5.0, "latitude": 43.0580671}
{"rank_positive": 130, "rank_stars": 34, "business_id": "cgnsicw7Mv39lS-YfNlh9Q", "neutral": 0, "total": 4, "name": "The Tint Factory", "rating_positive": 3.9748334566987413, "positive": 3, "negative": 1, "longitude": -89.2765579224, "rating_stars": 3.884453127211982, "stars": 5.0, "latitude": 43.1067390442}
{"rank_positive": 99, "rank_stars": 35, "business_id": "vs0dLMhvqhEr6ej470u0aw", "neutral": 0, "total": 7, "name": "Odana Tire & Service Center", "rating_positive": 4.147954475545985, "positive": 6, "negative": 1, "longitude": -89.4925, "rating_stars": 3.8758204705403805, "stars": 4.5, "latitude": 43.05584}
{"rank_positive": 102, "rank_stars": 36, "business_id": "s-7U5m1EFlOPhA4T3953YQ", "neutral": 0, "total": 7, "name": "Zimbrick Buick GMC Eastside", "rating_positive": 4.147954475545985, "positive": 6, "negative": 1, "longitude": -89.287314, "rating_stars": 3.8758204705403805, "stars": 4.5, "latitude": 43.141503}
{"rank_positive": 34, "rank_stars": 37, "business_id": "s1HOPt63iwoeWBd7wiELzg", "neutral": 0, "total": 6, "name": "Drew's Audio & Video", "rating_positive": 4.395371577574966, "positive": 6, "negative": 0, "longitude": -89.2919337255, "rating_stars": 3.838589422987867, "stars": 4.5, "latitude": 43.0569098631}
{"rank_positive": 52, "rank_stars": 38, "business_id": "DTFhUr2XjHCct4sia2QRRw", "neutral": 1, "total": 19, "name": "Kayser Ford Lincoln", "rating_positive": 4.323480815127593, "positive": 17, "negative": 1, "longitude": -89.4194365293, "rating_stars": 3.80829674127534, "stars": 4.0, "latitude": 43.0340630738}
{"rank_positive": 54, "rank_stars": 39, "business_id": "PDdW5gDmzmIIBx381fZmxg", "neutral": 0, "total": 19, "name": "Terry's Car Care", "rating_positive": 4.323480815127593, "positive": 17, "negative": 2, "longitude": -89.3906208873, "rating_stars": 3.80829674127534, "stars": 4.0, "latitude": 43.0743824691}
{"rank_positive": 77, "rank_stars": 40, "business_id": "l6J0AFNA9Ssd9j_Q6LwCoA", "neutral": 0, "total": 3, "name": "Jenks Service Center", "rating_positive": 4.26359666534339, "positive": 3, "negative": 0, "longitude": -89.3102435, "rating_stars": 3.8034110161678347, "stars": 5.0, "latitude": 43.0641479}
{"rank_positive": 139, "rank_stars": 41, "business_id": "txkrTKuzsBrHlPHFe6Mo_w", "neutral": 0, "total": 3, "name": "Flynn Audio", "rating_positive": 3.9003572846367605, "positive": 2, "negative": 1, "longitude": -89.4228089, "rating_stars": 3.8034110161678347, "stars": 5.0, "latitude": 43.0376614}
{"rank_positive": 39, "rank_stars": 42, "business_id": "zFpc76mG3XmRZInMhTPYYQ", "neutral": 0, "total": 5, "name": "Tom's Auto Clinc", "rating_positive": 4.357019064124783, "positive": 5, "negative": 0, "longitude": -89.347978, "rating_stars": 3.796635129887964, "stars": 4.5, "latitude": 43.101799}
{"rank_positive": 43, "rank_stars": 43, "business_id": "YxUbIVMc4HOivAtslGrUjQ", "neutral": 0, "total": 5, "name": "Seversin's Service Center", "rating_positive": 4.357019064124783, "positive": 5, "negative": 0, "longitude": -89.332119, "rating_stars": 3.796635129887964, "stars": 4.5, "latitude": 43.099279}
{"rank_positive": 88, "rank_stars": 44, "business_id": "uRpjhhLclGlw_0oxDVicAw", "neutral": 0, "total": 16, "name": "Zimbrick BMW", "rating_positive": 4.247652102899142, "positive": 14, "negative": 2, "longitude": -89.38006, "rating_stars": 3.786809381324373, "stars": 4.0, "latitude": 43.037696}
{"rank_positive": 97, "rank_stars": 45, "business_id": "3zUnWDmPEfG_goDf8Mh4XA", "neutral": 1, "total": 13, "name": "Midwest Engine Service", "rating_positive": 4.152678776730283, "positive": 11, "negative": 1, "longitude": -89.3203875, "rating_stars": 3.759897068228737, "stars": 4.0, "latitude": 43.0987415}
{"rank_positive": 103, "rank_stars": 46, "business_id": "TV25r0A7kr0K6Xf_o0NfEg", "neutral": 0, "total": 12, "name": "Bergstrom Chevrolet of Madison", "rating_positive": 4.115458473355736, "positive": 10, "negative": 2, "longitude": -89.4061822, "rating_stars": 3.7493500599440175, "stars": 4.0, "latitude": 43.0323848}
{"rank_positive": 143, "rank_stars": 47, "business_id": "7r2Pg1ETNXfieFvIQuN42g", "neutral": 0, "total": 12, "name": "Jiffy Lube", "rating_positive": 3.8958233317330766, "positive": 9, "negative": 3, "longitude": -89.5253818, "rating_stars": 3.7493500599440175, "stars": 4.0, "latitude": 43.0739666}
{"rank_positive": 55, "rank_stars": 48, "business_id": "gAFhGshkKcbI5Bn-2yLvqA", "neutral": 0, "total": 4, "name": "Wisconsin Aviation", "rating_positive": 4.313471502590673, "positive": 4, "negative": 0, "longitude": -89.3265388, "rating_stars": 3.7489979088552094, "stars": 4.5, "latitude": 43.1400029}
{"rank_positive": 70, "rank_stars": 49, "business_id": "Pw5QoGMaiUxQBadTcDpAhA", "neutral": 0, "total": 10, "name": "Don Miller Subaru West", "rating_positive": 4.2710526315789465, "positive": 9, "negative": 1, "longitude": -89.4826982, "rating_stars": 3.725208513085994, "stars": 4.0, "latitude": 43.0529459}
{"rank_positive": 16, "rank_stars": 50, "business_id": "FzcayTZfOAsIONhCvhFNEg", "neutral": 0, "total": 9, "name": "Capitol Car Cleaners", "rating_positive": 4.487144042023776, "positive": 9, "negative": 0, "longitude": -89.4999241, "rating_stars": 3.711305598486806, "stars": 4.0, "latitude": 43.0506235}
{"rank_positive": 90, "rank_stars": 51, "business_id": "scQjDK6rLJmy6H9okgs81g", "neutral": 0, "total": 9, "name": "Foreign Car Specialists", "rating_positive": 4.234171965717445, "positive": 8, "negative": 1, "longitude": -89.5003942, "rating_stars": 3.711305598486806, "stars": 4.0, "latitude": 43.0511382}
{"rank_positive": 91, "rank_stars": 52, "business_id": "V41-mRM8Z5VXxVRV-EpqsA", "neutral": 0, "total": 8, "name": "Don Miller Mazda", "rating_positive": 4.193360512521839, "positive": 7, "negative": 1, "longitude": -89.4824361, "rating_stars": 3.695920893921601, "stars": 4.0, "latitude": 43.0519027}
{"rank_positive": 134, "rank_stars": 53, "business_id": "3ca_Ow2cjifKg2Ws_P7XIw", "neutral": 0, "total": 8, "name": "Goben Cars", "rating_positive": 3.9269073966220147, "positive": 6, "negative": 2, "longitude": -89.298574209, "rating_stars": 3.695920893921601, "stars": 4.0, "latitude": 43.1322851787}
{"rank_positive": 72, "rank_stars": 54, "business_id": "xNUspPbXrzFhnyY6Z5vCyA", "neutral": 0, "total": 3, "name": "Jerry's Camping Center", "rating_positive": 4.26359666534339, "positive": 3, "negative": 0, "longitude": -89.3058899, "rating_stars": 3.694439201955846, "stars": 4.5, "latitude": 43.0488698}
{"rank_positive": 73, "rank_stars": 55, "business_id": "NUxxY-hdrLhiW7vpKvNrKA", "neutral": 0, "total": 3, "name": "Brunke Glass & Window", "rating_positive": 4.26359666534339, "positive": 3, "negative": 0, "longitude": -89.4982894, "rating_stars": 3.694439201955846, "stars": 4.5, "latitude": 43.0505807}
{"rank_positive": 75, "rank_stars": 56, "business_id": "E6IqO_srZnelVq9u1JceXQ", "neutral": 0, "total": 3, "name": "Car Audio Workx", "rating_positive": 4.26359666534339, "positive": 3, "negative": 0, "longitude": -89.3092207, "rating_stars": 3.694439201955846, "stars": 4.5, "latitude": 43.0656141}
{"rank_positive": 76, "rank_stars": 57, "business_id": "hVLXyv6igvPuIQdhDdSWMQ", "neutral": 0, "total": 3, "name": "Madison Gas & Electric", "rating_positive": 4.26359666534339, "positive": 3, "negative": 0, "longitude": -89.3761818, "rating_stars": 3.694439201955846, "stars": 4.5, "latitude": 43.0771065}
{"rank_positive": 81, "rank_stars": 58, "business_id": "Yfv6gPNdLomtKqFaiM3yFQ", "neutral": 0, "total": 3, "name": "Madison Auto Trim", "rating_positive": 4.26359666534339, "positive": 3, "negative": 0, "longitude": -89.2894649, "rating_stars": 3.694439201955846, "stars": 4.5, "latitude": 43.140803}
{"rank_positive": 32, "rank_stars": 59, "business_id": "rGv0FH58TaBWN4U1LnaDVQ", "neutral": 0, "total": 6, "name": "Super Lube", "rating_positive": 4.395371577574966, "positive": 6, "negative": 0, "longitude": -89.409871, "rating_stars": 3.6596454855693534, "stars": 4.0, "latitude": 43.029445}
{"rank_positive": 33, "rank_stars": 60, "business_id": "fddr1wPGJyu0XSr0d5irDQ", "neutral": 0, "total": 6, "name": "Comstock Tire & Auto", "rating_positive": 4.395371577574966, "positive": 6, "negative": 0, "longitude": -89.3931489, "rating_stars": 3.6596454855693534, "stars": 4.0, "latitude": 43.0390173}
{"rank_positive": 105, "rank_stars": 61, "business_id": "AECSHzJAZpWrW9RXtIRrmg", "neutral": 0, "total": 6, "name": "Motorcycle Performance", "rating_positive": 4.0971316818774435, "positive": 5, "negative": 1, "longitude": -89.470509, "rating_stars": 3.6596454855693534, "stars": 4.0, "latitude": 43.077399}
{"rank_positive": 107, "rank_stars": 62, "business_id": "G65yipCa-UKCcZTH135IAw", "neutral": 1, "total": 6, "name": "Safelite AutoGlass", "rating_positive": 4.0971316818774435, "positive": 5, "negative": 0, "longitude": -89.382092, "rating_stars": 3.6596454855693534, "stars": 4.0, "latitude": 43.040044}
{"rank_positive": 40, "rank_stars": 63, "business_id": "tIj_lh_isdxNXjk0iY4jBg", "neutral": 0, "total": 5, "name": "CV Pros", "rating_positive": 4.357019064124783, "positive": 5, "negative": 0, "longitude": -89.3345683, "rating_stars": 3.638056273735451, "stars": 4.0, "latitude": 43.1097012}
{"rank_positive": 42, "rank_stars": 64, "business_id": "YsP0KCkWlFQgHuY9BYf8Ug", "neutral": 0, "total": 5, "name": "Harley-Davidson of Madison", "rating_positive": 4.357019064124783, "positive": 5, "negative": 0, "longitude": -89.7219085693, "rating_stars": 3.638056273735451, "stars": 4.0, "latitude": 43.2667063232}
{"rank_positive": 44, "rank_stars": 65, "business_id": "AjbKviT_e8okVt-4nG4NuQ", "neutral": 0, "total": 5, "name": "Suters Speed Shop", "rating_positive": 4.357019064124783, "positive": 5, "negative": 0, "longitude": -89.258966, "rating_stars": 3.638056273735451, "stars": 4.0, "latitude": 43.050612}
{"rank_positive": 46, "rank_stars": 66, "business_id": "mTgi_KD0FGetzAao-KlvBg", "neutral": 0, "total": 5, "name": "Eastside Transmission Service", "rating_positive": 4.357019064124783, "positive": 5, "negative": 0, "longitude": -89.314669, "rating_stars": 3.638056273735451, "stars": 4.0, "latitude": 43.096222}
{"rank_positive": 49, "rank_stars": 67, "business_id": "pE8S76rwXc7RO3Vf6aX8yA", "neutral": 0, "total": 5, "name": "Waynes Automotive", "rating_positive": 4.357019064124783, "positive": 5, "negative": 0, "longitude": -89.322187, "rating_stars": 3.638056273735451, "stars": 4.0, "latitude": 43.083988}
{"rank_positive": 113, "rank_stars": 68, "business_id": "7hlPTaDAnaxdEPwao7p89A", "neutral": 0, "total": 5, "name": "O'Reilly Auto Parts", "rating_positive": 4.0398613518197575, "positive": 4, "negative": 1, "longitude": -89.5013874, "rating_stars": 3.638056273735451, "stars": 4.0, "latitude": 43.0506747}
{"rank_positive": 121, "rank_stars": 69, "business_id": "1slI_n8CcguB5bJp3d-2Dg", "neutral": 0, "total": 5, "name": "Pahl Tire Co", "rating_positive": 4.0398613518197575, "positive": 4, "negative": 1, "longitude": -89.382301, "rating_stars": 3.638056273735451, "stars": 4.0, "latitude": 43.076563}
{"rank_positive": 58, "rank_stars": 70, "business_id": "qKDVI-AQ8GeGvtnDuHF4MQ", "neutral": 0, "total": 4, "name": "Smith's Service Center Of Madison", "rating_positive": 4.313471502590673, "positive": 4, "negative": 0, "longitude": -89.3085533381, "rating_stars": 3.613542690498437, "stars": 4.0, "latitude": 43.1098479853}
{"rank_positive": 59, "rank_stars": 71, "business_id": "f2Jqae40BGRlokenLGgNuQ", "neutral": 0, "total": 4, "name": "Engelhart Motorsports", "rating_positive": 4.313471502590673, "positive": 4, "negative": 0, "longitude": -89.4077716, "rating_stars": 3.613542690498437, "stars": 4.0, "latitude": 43.030774}
{"rank_positive": 61, "rank_stars": 72, "business_id": "6GPbm7X_RUVBEfQ3vQtf-w", "neutral": 0, "total": 4, "name": "Road Rescue Towing", "rating_positive": 4.313471502590673, "positive": 4, "negative": 0, "longitude": -89.4037623, "rating_stars": 3.613542690498437, "stars": 4.0, "latitude": 43.0678992}
{"rank_positive": 161, "rank_stars": 73, "business_id": "3uzls5LOdKbX7dIwowM2gw", "neutral": 0, "total": 4, "name": "J & L Automotive And 4-Wheel Drive Center", "rating_positive": 3.6361954108068093, "positive": 2, "negative": 2, "longitude": -89.3002712, "rating_stars": 3.613542690498437, "stars": 4.0, "latitude": 43.0484596}
{"rank_positive": 71, "rank_stars": 74, "business_id": "7tHULq5WM-jTFvh5vcp1rQ", "neutral": 0, "total": 3, "name": "Capitol Ford-New & Used Car & Truck Dealership", "rating_positive": 4.26359666534339, "positive": 3, "negative": 0, "longitude": -89.2861992, "rating_stars": 3.585467387743857, "stars": 4.0, "latitude": 43.1436882}
{"rank_positive": 80, "rank_stars": 75, "business_id": "Zac0zz_vm6LtDkqxoWVWgQ", "neutral": 0, "total": 3, "name": "Bergstrom Cadillac of Madison", "rating_positive": 4.26359666534339, "positive": 3, "negative": 0, "longitude": -89.4035216, "rating_stars": 3.585467387743857, "stars": 4.0, "latitude": 43.0337208}
{"rank_positive": 110, "rank_stars": 76, "business_id": "SH8KerPNCMzYGzEB8fml9A", "neutral": 0, "total": 28, "name": "Zimbrick Honda", "rating_positive": 4.093600225542712, "positive": 23, "negative": 5, "longitude": -89.4101189, "rating_stars": 3.491653841235802, "stars": 3.5, "latitude": 43.0318334}
{"rank_positive": 36, "rank_stars": 77, "business_id": "rjuXZtfjhkIrF0lamHm2OA", "neutral": 0, "total": 21, "name": "Zimbrick Volkswagen of Madison", "rating_positive": 4.36607603646998, "positive": 19, "negative": 2, "longitude": -89.3235678, "rating_stars": 3.489814613749661, "stars": 3.5, "latitude": 43.1151602}
{"rank_positive": 51, "rank_stars": 78, "business_id": "Jb0d23xOzC4yL19wWoCoaA", "neutral": 0, "total": 20, "name": "Zimbrick Buick/GMC West", "rating_positive": 4.345470692717584, "positive": 18, "negative": 2, "longitude": -89.4101189, "rating_stars": 3.489483543468344, "stars": 3.5, "latitude": 43.0318334}
{"rank_positive": 64, "rank_stars": 79, "business_id": "lWIT5YR2JtryDRWAOU1MjQ", "neutral": 1, "total": 18, "name": "Tires Plus", "rating_positive": 4.299962006079027, "positive": 16, "negative": 1, "longitude": -89.523289, "rating_stars": 3.488752346072716, "stars": 3.5, "latitude": 43.057104}
{"rank_positive": 21, "rank_stars": 80, "business_id": "j5zLNGzzlLsstvYHrBD1Bg", "neutral": 0, "total": 16, "name": "ABRA Auto Body & Glass", "rating_positive": 4.434463046141282, "positive": 15, "negative": 1, "longitude": -89.4920891, "rating_stars": 3.4879118721369493, "stars": 3.5, "latitude": 43.0549909}
{"rank_positive": 87, "rank_stars": 81, "business_id": "IXJ5CilVoFx82ODCQM3XWA", "neutral": 0, "total": 16, "name": "Tires Plus", "rating_positive": 4.247652102899142, "positive": 14, "negative": 2, "longitude": -89.323239, "rating_stars": 3.4879118721369493, "stars": 3.5, "latitude": 43.116522}
{"rank_positive": 29, "rank_stars": 82, "business_id": "tycS8_3s2a_nmHlOKxvDoQ", "neutral": 1, "total": 15, "name": "Zimbrick European", "rating_positive": 4.412513255567338, "positive": 14, "negative": 0, "longitude": -89.3803298121, "rating_stars": 3.4874427040777896, "stars": 3.5, "latitude": 43.0388721076}
{"rank_positive": 123, "rank_stars": 83, "business_id": "3Oxat8bgP9ZJrZxYhfu76Q", "neutral": 1, "total": 15, "name": "East Madison Toyota Express Service", "rating_positive": 4.024390243902438, "positive": 12, "negative": 2, "longitude": -89.287742, "rating_stars": 3.4874427040777896, "stars": 3.5, "latitude": 43.138928}
{"rank_positive": 98, "rank_stars": 84, "business_id": "xZP5CS9EpQBL2PHYTGv7wg", "neutral": 0, "total": 13, "name": "Goodyear Auto Service Center", "rating_positive": 4.152678776730283, "positive": 11, "negative": 2, "longitude": -89.3786154538, "rating_stars": 3.486385916239774, "stars": 3.5, "latitude": 43.0791800584}
{"rank_positive": 155, "rank_stars": 85, "business_id": "jVagN3c3ogpK7LvVOF9gdA", "neutral": 0, "total": 12, "name": "Jiffy Lube", "rating_positive": 3.676188190110417, "positive": 8, "negative": 4, "longitude": -89.4975558, "rating_stars": 3.485787889996826, "stars": 3.5, "latitude": 43.0160229}
{"rank_positive": 9, "rank_stars": 86, "business_id": "EkQlmOiWkNlmupJR0TVB6g", "neutral": 0, "total": 11, "name": "Zimbrick Hyundai Eastside", "rating_positive": 4.53427065026362, "positive": 11, "negative": 0, "longitude": -89.285257, "rating_stars": 3.4851349108026053, "stars": 3.5, "latitude": 43.142709}
{"rank_positive": 111, "rank_stars": 87, "business_id": "mxInstXfqT4w8cEYXA_hPw", "neutral": 0, "total": 11, "name": "Valvoline Instant Oil Change", "rating_positive": 4.074817976399698, "positive": 9, "negative": 2, "longitude": -89.3258315, "rating_stars": 3.4851349108026053, "stars": 3.5, "latitude": 43.1165424}
{"rank_positive": 68, "rank_stars": 88, "business_id": "GMBM2_vyM7xSKUulBWRa-g", "neutral": 0, "total": 10, "name": "Zimbrick Hyundai West", "rating_positive": 4.2710526315789465, "positive": 9, "negative": 1, "longitude": -89.383649, "rating_stars": 3.4844190394017835, "stars": 3.5, "latitude": 43.0395726}
{"rank_positive": 89, "rank_stars": 89, "business_id": "6rqDzz92kOzGMndUhkKH2Q", "neutral": 0, "total": 9, "name": "Meineke Car Care Center", "rating_positive": 4.234171965717445, "positive": 8, "negative": 1, "longitude": -89.3107435265, "rating_stars": 3.4836307298111078, "stars": 3.5, "latitude": 43.0729035118}
{"rank_positive": 94, "rank_stars": 90, "business_id": "XZT29kd3ZK7YxbIHIjTT3A", "neutral": 0, "total": 8, "name": "Midas", "rating_positive": 4.193360512521839, "positive": 7, "negative": 1, "longitude": -89.393836, "rating_stars": 3.4827584012017407, "stars": 3.5, "latitude": 43.0505305}
{"rank_positive": 136, "rank_stars": 91, "business_id": "HjIZg0MUTM3qVb6quOoO7A", "neutral": 0, "total": 8, "name": "Jensen Auto", "rating_positive": 3.9269073966220147, "positive": 6, "negative": 2, "longitude": -89.4069273, "rating_stars": 3.4827584012017407, "stars": 3.5, "latitude": 43.0674711}
{"rank_positive": 138, "rank_stars": 92, "business_id": "G8adGu51F9MY2Yn0fah6Gg", "neutral": 0, "total": 8, "name": "The Radio Doctor", "rating_positive": 3.9269073966220147, "positive": 6, "negative": 2, "longitude": -89.299154, "rating_stars": 3.4827584012017407, "stars": 3.5, "latitude": 43.048538}
{"rank_positive": 158, "rank_stars": 93, "business_id": "v3_YJLx4qA-GljhMk3npYQ", "neutral": 1, "total": 8, "name": "Don The Car Care Man", "rating_positive": 3.660454280722189, "positive": 5, "negative": 2, "longitude": -89.5206069946, "rating_stars": 3.4827584012017407, "stars": 3.5, "latitude": 43.0594711304}
{"rank_positive": 25, "rank_stars": 94, "business_id": "QRYsyYbCdJx2UU7ILc1spA", "neutral": 0, "total": 7, "name": "Madison Auto Detail", "rating_positive": 4.429406336511842, "positive": 7, "negative": 0, "longitude": -89.308601, "rating_stars": 3.481787865188181, "stars": 3.5, "latitude": 43.085667}
{"rank_positive": 26, "rank_stars": 95, "business_id": "NuJBUwYZO0k5mLB3-qHTFg", "neutral": 0, "total": 7, "name": "CarMax", "rating_positive": 4.429406336511842, "positive": 7, "negative": 0, "longitude": -89.49506, "rating_stars": 3.481787865188181, "stars": 3.5, "latitude": 43.054637}
{"rank_positive": 100, "rank_stars": 96, "business_id": "5cD07DUrzxZzH1AsI25KJQ", "neutral": 0, "total": 7, "name": "Don the Car Care Man", "rating_positive": 4.147954475545985, "positive": 6, "negative": 1, "longitude": -89.4244155838, "rating_stars": 3.481787865188181, "stars": 3.5, "latitude": 43.0725185293}
{"rank_positive": 101, "rank_stars": 97, "business_id": "VMqocqtjVbPopLn6YKr67Q", "neutral": 0, "total": 7, "name": "AutoZone", "rating_positive": 4.147954475545985, "positive": 6, "negative": 1, "longitude": -89.4539572, "rating_stars": 3.481787865188181, "stars": 3.5, "latitude": 43.0340417}
{"rank_positive": 146, "rank_stars": 98, "business_id": "8kxknxkhMNj3Swwfg1ft7g", "neutral": 0, "total": 7, "name": "Car-X Tire & Auto", "rating_positive": 3.8665026145801287, "positive": 5, "negative": 2, "longitude": -89.4787766, "rating_stars": 3.481787865188181, "stars": 3.5, "latitude": 43.0496968}
{"rank_positive": 30, "rank_stars": 99, "business_id": "dgH8pGKynb56tN1gc_hzhQ", "neutral": 0, "total": 6, "name": "Harbor Freight", "rating_positive": 4.395371577574966, "positive": 6, "negative": 0, "longitude": -89.4541088899, "rating_stars": 3.4807015481508397, "stars": 3.5, "latitude": 43.0339428524}
{"rank_positive": 106, "rank_stars": 100, "business_id": "mfPFpIoBWpO0gnmdp9JG8A", "neutral": 0, "total": 6, "name": "PDQ  Food Stores", "rating_positive": 4.0971316818774435, "positive": 5, "negative": 1, "longitude": -89.3593520299, "rating_stars": 3.4807015481508397, "stars": 3.5, "latitude": 43.0978769938}
{"rank_positive": 109, "rank_stars": 101, "business_id": "_-EQvhO897VEgZ1vphCeoA", "neutral": 0, "total": 6, "name": "Cycle Gear", "rating_positive": 4.0971316818774435, "positive": 5, "negative": 1, "longitude": -89.3139044365, "rating_stars": 3.4807015481508397, "stars": 3.5, "latitude": 43.1250048876}
{"rank_positive": 147, "rank_stars": 102, "business_id": "JUOkFsDGIAqv6gjvK5ZrEQ", "neutral": 0, "total": 6, "name": "O'reilly Auto Parts", "rating_positive": 3.7988917861799214, "positive": 4, "negative": 2, "longitude": -89.3284510777, "rating_stars": 3.4807015481508397, "stars": 3.5, "latitude": 43.1138413135}
{"rank_positive": 168, "rank_stars": 103, "business_id": "g9OVqDegsFX91p_VxdM7Tw", "neutral": 0, "total": 6, "name": "Zimbrick Nissan", "rating_positive": 3.500651890482399, "positive": 3, "negative": 3, "longitude": -89.288099, "rating_stars": 3.4807015481508397, "stars": 3.5, "latitude": 43.140633}
{"rank_positive": 38, "rank_stars": 104, "business_id": "d-_KwqRuTZlKEOGQyfxSyA", "neutral": 0, "total": 5, "name": "PDQ Food Stores", "rating_positive": 4.357019064124783, "positive": 5, "negative": 0, "longitude": -89.5133229115, "rating_stars": 3.4794774175829377, "stars": 3.5, "latitude": 43.0608199141}
{"rank_positive": 115, "rank_stars": 105, "business_id": "DtXgJ70VoHYPUYdpV_SBWw", "neutral": 0, "total": 5, "name": "Exhaust Pros Muffler Shop", "rating_positive": 4.0398613518197575, "positive": 4, "negative": 1, "longitude": -89.3244323, "rating_stars": 3.4794774175829377, "stars": 3.5, "latitude": 43.0833103}
{"rank_positive": 116, "rank_stars": 106, "business_id": "zBAJuQaH_yyHeSiVWE-eXA", "neutral": 0, "total": 5, "name": "Dave's Auto Service", "rating_positive": 4.0398613518197575, "positive": 4, "negative": 1, "longitude": -89.298309, "rating_stars": 3.4794774175829377, "stars": 3.5, "latitude": 43.062866}
{"rank_positive": 119, "rank_stars": 107, "business_id": "fgoxZ6mnoH59N-E4TUslgw", "neutral": 1, "total": 5, "name": "Jiffy Lube", "rating_positive": 4.0398613518197575, "positive": 4, "negative": 0, "longitude": -89.4737155, "rating_stars": 3.4794774175829377, "stars": 3.5, "latitude": 43.0529735}
{"rank_positive": 120, "rank_stars": 108, "business_id": "dei67jnanWpRLRL7aRwqAA", "neutral": 1, "total": 5, "name": "Clausen Automotive", "rating_positive": 4.0398613518197575, "positive": 4, "negative": 0, "longitude": -89.310409, "rating_stars": 3.4794774175829377, "stars": 3.5, "latitude": 43.0670589}
{"rank_positive": 132, "rank_stars": 109, "business_id": "bbL3Ge6fliSKcfxl3ywEsw", "neutral": 0, "total": 4, "name": "Gennins Mobil Service", "rating_positive": 3.9748334566987413, "positive": 3, "negative": 1, "longitude": -89.447039, "rating_stars": 3.478087472141664, "stars": 3.5, "latitude": 43.074875}
{"rank_positive": 79, "rank_stars": 110, "business_id": "dsuXH9W3LpyT7mPzcFWslg", "neutral": 0, "total": 3, "name": "Applegate Auto", "rating_positive": 4.26359666534339, "positive": 3, "negative": 0, "longitude": -89.40397, "rating_stars": 3.476495573531868, "stars": 3.5, "latitude": 43.0307439}
{"rank_positive": 83, "rank_stars": 111, "business_id": "OVosy6NN9M541n5qEzRAng", "neutral": 0, "total": 3, "name": "A To Z Auto Sports", "rating_positive": 4.26359666534339, "positive": 3, "negative": 0, "longitude": -89.3092366, "rating_stars": 3.476495573531868, "stars": 3.5, "latitude": 43.0614461}
{"rank_positive": 85, "rank_stars": 112, "business_id": "k6l8Tn5sMK4tDieR6PdaMQ", "neutral": 0, "total": 3, "name": "Maaco Collision Repair & Auto Painting", "rating_positive": 4.26359666534339, "positive": 3, "negative": 0, "longitude": -89.3074911833, "rating_stars": 3.476495573531868, "stars": 3.5, "latitude": 43.0627700887}
{"rank_positive": 141, "rank_stars": 113, "business_id": "UYQJ5BdSf3-9jcHTm2tvww", "neutral": 0, "total": 3, "name": "All Metals Recycling", "rating_positive": 3.9003572846367605, "positive": 2, "negative": 1, "longitude": -89.397136, "rating_stars": 3.476495573531868, "stars": 3.5, "latitude": 43.045465}
{"rank_positive": 82, "rank_stars": 114, "business_id": "HhhyAIMPK90gjNaoyE59dQ", "neutral": 0, "total": 3, "name": "BP Station", "rating_positive": 4.26359666534339, "positive": 3, "negative": 0, "longitude": -89.4872581959, "rating_stars": 3.3675237593198792, "stars": 3.0, "latitude": 43.0466558256}
{"rank_positive": 56, "rank_stars": 115, "business_id": "ra4o3DLiO-ETckeS4UbF_w", "neutral": 0, "total": 4, "name": "Scooter Therapy", "rating_positive": 4.313471502590673, "positive": 4, "negative": 0, "longitude": -89.3687714, "rating_stars": 3.3426322537848914, "stars": 3.0, "latitude": 43.0861878}
{"rank_positive": 57, "rank_stars": 116, "business_id": "lLLS7UrflprEv0Cu0R_jcw", "neutral": 0, "total": 4, "name": "Car-X Tire & Auto", "rating_positive": 4.313471502590673, "positive": 4, "negative": 0, "longitude": -89.3709472, "rating_stars": 3.3426322537848914, "stars": 3.0, "latitude": 43.084564}
{"rank_positive": 153, "rank_stars": 117, "business_id": "F3J7PQWvdUekLHa-iCaDwQ", "neutral": 0, "total": 5, "name": "Don Miller Dodge West", "rating_positive": 3.722703639514731, "positive": 3, "negative": 2, "longitude": -89.4826982, "rating_stars": 3.320898561430425, "stars": 3.0, "latitude": 43.0529459}
{"rank_positive": 178, "rank_stars": 118, "business_id": "vsqItmfkinLt7iAcxKpjTw", "neutral": 1, "total": 5, "name": "Valvoline Instant Oil Change", "rating_positive": 3.088388214904679, "positive": 1, "negative": 3, "longitude": -89.3102385, "rating_stars": 3.320898561430425, "stars": 3.0, "latitude": 43.0613492}
{"rank_positive": 149, "rank_stars": 119, "business_id": "G5JqPK05KY9ZZS2CqJpCTA", "neutral": 0, "total": 6, "name": "Suds It Up Car Wash", "rating_positive": 3.7988917861799214, "positive": 4, "negative": 2, "longitude": -89.287087, "rating_stars": 3.301757610732326, "stars": 3.0, "latitude": 43.14693}
{"rank_positive": 27, "rank_stars": 120, "business_id": "fQvZiboeSa2XTQmBrllcCw", "neutral": 0, "total": 7, "name": "MINI of Madison", "rating_positive": 4.429406336511842, "positive": 7, "negative": 0, "longitude": -89.3829381782, "rating_stars": 3.284771562512081, "stars": 3.0, "latitude": 43.0398377197}
{"rank_positive": 172, "rank_stars": 121, "business_id": "1-v3K9wtbUkEjEKfw4wTDg", "neutral": 1, "total": 7, "name": "ARA Of Madison", "rating_positive": 3.3035988926484157, "positive": 3, "negative": 3, "longitude": -89.360002, "rating_stars": 3.284771562512081, "stars": 3.0, "latitude": 43.091066}
{"rank_positive": 135, "rank_stars": 122, "business_id": "mtPysxcGum7ga5XZ4pC7Ww", "neutral": 0, "total": 8, "name": "Schmidt's Auto", "rating_positive": 3.9269073966220147, "positive": 6, "negative": 2, "longitude": -89.390177, "rating_stars": 3.26959590848188, "stars": 3.0, "latitude": 43.0504226}
{"rank_positive": 137, "rank_stars": 123, "business_id": "RRipqWBBK4DD5REQ9979qQ", "neutral": 0, "total": 8, "name": "Jiffy Lube", "rating_positive": 3.9269073966220147, "positive": 6, "negative": 2, "longitude": -89.4049848, "rating_stars": 3.26959590848188, "stars": 3.0, "latitude": 43.03677}
{"rank_positive": 74, "rank_stars": 124, "business_id": "oN8f85jcRrrqWXViJO8cGQ", "neutral": 0, "total": 3, "name": "PDQ Food Stores", "rating_positive": 4.26359666534339, "positive": 3, "negative": 0, "longitude": -89.308203, "rating_stars": 3.2585519451078904, "stars": 2.5, "latitude": 43.073517}
{"rank_positive": 78, "rank_stars": 125, "business_id": "3CW9q1hQgl5ibu5sglNXig", "neutral": 0, "total": 3, "name": "Russ Darrow Chrysler Jeep Dodge RAM Of Madison, Service", "rating_positive": 4.26359666534339, "positive": 3, "negative": 0, "longitude": -89.2909292, "rating_stars": 3.2585519451078904, "stars": 2.5, "latitude": 43.1391873}
{"rank_positive": 84, "rank_stars": 126, "business_id": "8uD6o6pNa4_QlVv4s7g_qA", "neutral": 0, "total": 3, "name": "O'Reilly Auto Parts", "rating_positive": 4.26359666534339, "positive": 3, "negative": 0, "longitude": -89.310706, "rating_stars": 3.2585519451078904, "stars": 2.5, "latitude": 43.072697}
{"rank_positive": 140, "rank_stars": 127, "business_id": "aCU2KqIXOVQYTZXwQAy5OA", "neutral": 0, "total": 3, "name": "U-Haul Moving & Storage of Eastside", "rating_positive": 3.9003572846367605, "positive": 2, "negative": 1, "longitude": -89.3079163, "rating_stars": 3.2585519451078904, "stars": 2.5, "latitude": 43.0862534}
{"rank_positive": 142, "rank_stars": 128, "business_id": "gH0AwTn-tyMiMWXVZiyg-A", "neutral": 0, "total": 3, "name": "TintTek", "rating_positive": 3.9003572846367605, "positive": 2, "negative": 1, "longitude": -89.4969035, "rating_stars": 3.2585519451078904, "stars": 2.5, "latitude": 43.0512076}
{"rank_positive": 164, "rank_stars": 129, "business_id": "5R6bVyFw9EKYRxDeJrBR-A", "neutral": 1, "total": 3, "name": "M K S Petroleum", "rating_positive": 3.5371179039301306, "positive": 1, "negative": 1, "longitude": -89.3654198, "rating_stars": 3.2585519451078904, "stars": 2.5, "latitude": 43.0828473}
{"rank_positive": 165, "rank_stars": 130, "business_id": "cCfYNA9K-k2zH_qqp3143Q", "neutral": 0, "total": 3, "name": "Car-X Auto Service West", "rating_positive": 3.5371179039301306, "positive": 1, "negative": 2, "longitude": -89.4787766, "rating_stars": 3.2585519451078904, "stars": 2.5, "latitude": 43.0496968}
{"rank_positive": 17, "rank_stars": 131, "business_id": "UDtuxaRqyBMLJthqkIoECw", "neutral": 0, "total": 9, "name": "Fields Jaguar Land Rover Volvo Cars Madison", "rating_positive": 4.487144042023776, "positive": 9, "negative": 0, "longitude": -89.4973393, "rating_stars": 3.25595586113541, "stars": 3.0, "latitude": 43.0522758}
{"rank_positive": 127, "rank_stars": 132, "business_id": "orgKKsH39yWvi4U6fL_25w", "neutral": 0, "total": 9, "name": "Valvoline Instant Oil Change", "rating_positive": 3.9811998894111134, "positive": 7, "negative": 2, "longitude": -89.5036645, "rating_stars": 3.25595586113541, "stars": 3.0, "latitude": 43.0485103}
{"rank_positive": 66, "rank_stars": 133, "business_id": "kD-V-a0FfdCqMOknATD1Tw", "neutral": 0, "total": 10, "name": "Jiffy Lube", "rating_positive": 4.2710526315789465, "positive": 9, "negative": 1, "longitude": -89.36984, "rating_stars": 3.243629565717573, "stars": 3.0, "latitude": 43.085271}
{"rank_positive": 69, "rank_stars": 134, "business_id": "Cirx-Dt9WK6jN5qqQXTZJA", "neutral": 0, "total": 10, "name": "Midas", "rating_positive": 4.2710526315789465, "positive": 9, "negative": 1, "longitude": -89.4704295, "rating_stars": 3.243629565717573, "stars": 3.0, "latitude": 43.0775706}
{"rank_positive": 156, "rank_stars": 135, "business_id": "NP1dqvTkb-hG3777FD-tcQ", "neutral": 0, "total": 12, "name": "Moore's Towing & Service", "rating_positive": 3.676188190110417, "positive": 8, "negative": 4, "longitude": -89.4391798, "rating_stars": 3.2222257200496345, "stars": 3.0, "latitude": 43.0610561}
{"rank_positive": 53, "rank_stars": 136, "business_id": "J77Dyu44UhypN7PyRRd9RQ", "neutral": 0, "total": 19, "name": "Octopus Car Wash", "rating_positive": 4.323480815127593, "positive": 17, "negative": 2, "longitude": -89.3696781, "rating_stars": 3.1699637139208328, "stars": 3.0, "latitude": 43.0843408}
{"rank_positive": 45, "rank_stars": 137, "business_id": "DxLy5o412nK6_BIXgWPUoA", "neutral": 0, "total": 5, "name": "DB's Service Center", "rating_positive": 4.357019064124783, "positive": 5, "negative": 0, "longitude": -89.3074559, "rating_stars": 3.1623197052779117, "stars": 2.5, "latitude": 43.0846512}
{"rank_positive": 48, "rank_stars": 138, "business_id": "OeidOqt7n2PvJ9wiKuoV4A", "neutral": 0, "total": 5, "name": "ProClip", "rating_positive": 4.357019064124783, "positive": 5, "negative": 0, "longitude": -89.296981, "rating_stars": 3.1623197052779117, "stars": 2.5, "latitude": 43.040321}
{"rank_positive": 114, "rank_stars": 139, "business_id": "L48KlWZvPSHzdfzpmVz55Q", "neutral": 0, "total": 5, "name": "Kayser Nissan", "rating_positive": 4.0398613518197575, "positive": 4, "negative": 1, "longitude": -89.421262145, "rating_stars": 3.1623197052779117, "stars": 2.5, "latitude": 43.0365501093}
{"rank_positive": 151, "rank_stars": 140, "business_id": "9L1hFD_q76sAyCLMAUcGMg", "neutral": 0, "total": 5, "name": "Gates Collision Centers - Madison East", "rating_positive": 3.722703639514731, "positive": 3, "negative": 2, "longitude": -89.2915306, "rating_stars": 3.1623197052779117, "stars": 2.5, "latitude": 43.1387841}
{"rank_positive": 152, "rank_stars": 141, "business_id": "Gn1fCXBX4e4UI9nVDNyPTQ", "neutral": 1, "total": 5, "name": "Super-Lube", "rating_positive": 3.722703639514731, "positive": 3, "negative": 1, "longitude": -89.4788031, "rating_stars": 3.1623197052779117, "stars": 2.5, "latitude": 43.0502313}
{"rank_positive": 95, "rank_stars": 142, "business_id": "tLb6RFiHtiElWxJV3GHBbg", "neutral": 0, "total": 26, "name": "East Madison Toyota", "rating_positive": 4.180291319857313, "positive": 22, "negative": 4, "longitude": -89.289802, "rating_stars": 3.137602905726334, "stars": 3.0, "latitude": 43.140013}
{"rank_positive": 125, "rank_stars": 143, "business_id": "PAneX9WAf7Gn7tsgzY5zpA", "neutral": 1, "total": 29, "name": "Octopus Car Wash", "rating_positive": 3.9906554898996838, "positive": 23, "negative": 5, "longitude": -89.4606806302, "rating_stars": 3.1272217053355473, "stars": 3.0, "latitude": 43.071727249}
{"rank_positive": 108, "rank_stars": 144, "business_id": "FSNZwVj79qgyQcv5UBBOiA", "neutral": 0, "total": 6, "name": "Russ Darrow Mazda of Madison", "rating_positive": 4.0971316818774435, "positive": 5, "negative": 1, "longitude": -89.2911588773, "rating_stars": 3.122813673313812, "stars": 2.5, "latitude": 43.1357982664}
{"rank_positive": 24, "rank_stars": 145, "business_id": "A_ix0cClFuwFwB181I0oRg", "neutral": 0, "total": 7, "name": "Don Miller Dodge Chrysler Jeep Ram", "rating_positive": 4.429406336511842, "positive": 7, "negative": 0, "longitude": -89.4820189, "rating_stars": 3.0877552598359816, "stars": 2.5, "latitude": 43.052758}
{"rank_positive": 145, "rank_stars": 146, "business_id": "eL1RV15Wt3ox1gwXraCz2g", "neutral": 0, "total": 7, "name": "Goodyear Auto Service Center", "rating_positive": 3.8665026145801287, "positive": 5, "negative": 2, "longitude": -89.5231193304, "rating_stars": 3.0877552598359816, "stars": 2.5, "latitude": 43.0594582106}
{"rank_positive": 163, "rank_stars": 147, "business_id": "-urPlVvPdWIfVtAZuZqkrQ", "neutral": 0, "total": 7, "name": "Schoepp Motors East", "rating_positive": 3.585050753614272, "positive": 4, "negative": 3, "longitude": -89.3104544, "rating_stars": 3.0877552598359816, "stars": 2.5, "latitude": 43.0630442}
{"rank_positive": 128, "rank_stars": 148, "business_id": "a9XiT_Z60rxFuboJCicqaw", "neutral": 0, "total": 4, "name": "Fields Land Rover Madison", "rating_positive": 3.9748334566987413, "positive": 3, "negative": 1, "longitude": -89.4973393, "rating_stars": 3.071721817071346, "stars": 2.0, "latitude": 43.0522758}
{"rank_positive": 131, "rank_stars": 149, "business_id": "vNSaUpD6LSqxA93WjXMsKQ", "neutral": 0, "total": 4, "name": "7-Eleven", "rating_positive": 3.9748334566987413, "positive": 3, "negative": 1, "longitude": -89.4248854369, "rating_stars": 3.071721817071346, "stars": 2.0, "latitude": 43.0728872582}
{"rank_positive": 162, "rank_stars": 150, "business_id": "q7EywQkFp8UYjiZWy2kz5g", "neutral": 0, "total": 4, "name": "Goodyear Auto Service Center", "rating_positive": 3.6361954108068093, "positive": 2, "negative": 2, "longitude": -89.3212603033, "rating_stars": 3.071721817071346, "stars": 2.0, "latitude": 43.1182350725}
{"rank_positive": 93, "rank_stars": 151, "business_id": "5TU65pDNdIB4nxxrpaarEA", "neutral": 0, "total": 8, "name": "Sears Auto Center", "rating_positive": 4.193360512521839, "positive": 7, "negative": 1, "longitude": -89.504424, "rating_stars": 3.0564334157620197, "stars": 2.5, "latitude": 43.054574}
{"rank_positive": 157, "rank_stars": 152, "business_id": "qq35wofR8tKAakqHi3wD2g", "neutral": 0, "total": 8, "name": "Metro Ford of Madison", "rating_positive": 3.660454280722189, "positive": 5, "negative": 3, "longitude": -89.2861992, "rating_stars": 3.0564334157620197, "stars": 2.5, "latitude": 43.1436882}
{"rank_positive": 159, "rank_stars": 153, "business_id": "zRQWwc9qdF9BlNIW5dNXiw", "neutral": 0, "total": 8, "name": "U-Haul Moving & Storage of W Towne", "rating_positive": 3.660454280722189, "positive": 5, "negative": 3, "longitude": -89.501649119, "rating_stars": 3.0564334157620197, "stars": 2.5, "latitude": 43.0545037809}
{"rank_positive": 176, "rank_stars": 154, "business_id": "YdK0Xp8ftWB8eNk51cSrBw", "neutral": 0, "total": 3, "name": "Westgate Mobil", "rating_positive": 3.173878523223501, "positive": 0, "negative": 3, "longitude": -89.472982, "rating_stars": 3.0406083166839126, "stars": 1.5, "latitude": 43.050365}
{"rank_positive": 177, "rank_stars": 155, "business_id": "hbSMYVlJgwP5dLjz0xYJnw", "neutral": 1, "total": 3, "name": "BP", "rating_positive": 3.173878523223501, "positive": 0, "negative": 2, "longitude": -89.5026273, "rating_stars": 3.0406083166839126, "stars": 1.5, "latitude": 43.0505564}
{"rank_positive": 169, "rank_stars": 156, "business_id": "naiEuGXGV4bdKQdoJzuIXA", "neutral": 1, "total": 5, "name": "Midas", "rating_positive": 3.405545927209705, "positive": 2, "negative": 2, "longitude": -89.3220023, "rating_stars": 3.003740849125399, "stars": 2.0, "latitude": 43.1180977}
{"rank_positive": 112, "rank_stars": 157, "business_id": "kZkDiB0DwZ_FKy5fvAFRbA", "neutral": 0, "total": 11, "name": "Meineke Car Care Center", "rating_positive": 4.074817976399698, "positive": 9, "negative": 2, "longitude": -89.52669, "rating_stars": 2.9797369695522917, "stars": 2.5, "latitude": 43.059903}
{"rank_positive": 148, "rank_stars": 158, "business_id": "ge-pu_o0XBsfXiTG7I5PfQ", "neutral": 0, "total": 6, "name": "Dutch Mill Park & Ride", "rating_positive": 3.7988917861799214, "positive": 4, "negative": 2, "longitude": -89.3042933636, "rating_stars": 2.9438697358952988, "stars": 2.0, "latitude": 43.0474901035}
{"rank_positive": 166, "rank_stars": 159, "business_id": "MhWEXv3XYy7iNzCQAVBkfg", "neutral": 1, "total": 3, "name": "Sears Auto Center", "rating_positive": 3.5371179039301306, "positive": 1, "negative": 1, "longitude": -89.306445, "rating_stars": 2.9316365024719238, "stars": 1.0, "latitude": 43.123753}
{"rank_positive": 167, "rank_stars": 160, "business_id": "JxeWylDVvSdedR_BzPEP7w", "neutral": 1, "total": 3, "name": "Zimbrick Body Shop", "rating_positive": 3.5371179039301306, "positive": 1, "negative": 1, "longitude": -89.40963, "rating_stars": 2.9316365024719238, "stars": 1.0, "latitude": 43.031422}
{"rank_positive": 126, "rank_stars": 161, "business_id": "l1xgRlJuKegHiEaCNbcJoQ", "neutral": 0, "total": 14, "name": "Smart Motors", "rating_positive": 3.984995586937334, "positive": 11, "negative": 3, "longitude": -89.4829537, "rating_stars": 2.9216223190041433, "stars": 2.5, "latitude": 43.0516211}
{"rank_positive": 175, "rank_stars": 162, "business_id": "gHTPcRWWLmpa45mg-jlYxQ", "neutral": 2, "total": 14, "name": "U-Haul Moving & Storage at Downtown Campus", "rating_positive": 3.1774051191526915, "positive": 7, "negative": 5, "longitude": -89.393644, "rating_stars": 2.9216223190041433, "stars": 2.5, "latitude": 43.068915}
{"rank_positive": 160, "rank_stars": 163, "business_id": "e-Mnx5W35fGQOUk1pS_oBg", "neutral": 0, "total": 15, "name": "Firestone Complete Auto Care", "rating_positive": 3.636267232237539, "positive": 10, "negative": 5, "longitude": -89.3049598, "rating_stars": 2.9052581865804408, "stars": 2.5, "latitude": 43.1283291}
{"rank_positive": 86, "rank_stars": 164, "business_id": "C-S0oZRD0hqf6t2BOggBKA", "neutral": 0, "total": 16, "name": "Metro Kia of Madison", "rating_positive": 4.247652102899142, "positive": 14, "negative": 2, "longitude": -89.285285, "rating_stars": 2.8901168537621023, "stars": 2.5, "latitude": 43.143849}
{"rank_positive": 150, "rank_stars": 165, "business_id": "bpfLAHVoTT8VRdV2GAXYtA", "neutral": 0, "total": 17, "name": "Gates Collision Centers - Madison Rimrock Rd", "rating_positive": 3.7345010824640816, "positive": 12, "negative": 5, "longitude": -89.3798149294, "rating_stars": 2.8760661975451245, "stars": 2.5, "latitude": 43.0418636139}
{"rank_positive": 133, "rank_stars": 166, "business_id": "KE8T-d28cygJtxUZ9JNGQQ", "neutral": 0, "total": 18, "name": "Firestone Complete Auto Care", "rating_positive": 3.9523176291793307, "positive": 14, "negative": 4, "longitude": -89.5055136, "rating_stars": 2.862992467653263, "stars": 2.5, "latitude": 43.0606029}
{"rank_positive": 92, "rank_stars": 167, "business_id": "xAonF_jqyd5HkLZHBXgPNQ", "neutral": 0, "total": 8, "name": "Don Miller Subaru East", "rating_positive": 4.193360512521839, "positive": 7, "negative": 1, "longitude": -89.2892897, "rating_stars": 2.8432709230421596, "stars": 2.0, "latitude": 43.1415066}
{"rank_positive": 104, "rank_stars": 168, "business_id": "tNYmZEKXXvroyDt4IJX1cw", "neutral": 0, "total": 23, "name": "Blain's Farm & Fleet", "rating_positive": 4.107460754167341, "positive": 19, "negative": 4, "longitude": -89.310854, "rating_stars": 2.809239739395821, "stars": 2.5, "latitude": 43.0654455}
{"rank_positive": 129, "rank_stars": 169, "business_id": "cezA2kZ-seryeaqZkKLKjw", "neutral": 0, "total": 4, "name": "American TV & Appliance", "rating_positive": 3.9748334566987413, "positive": 3, "negative": 1, "longitude": -89.2892789, "rating_stars": 2.8008113803578003, "stars": 1.0, "latitude": 43.1366889}
{"rank_positive": 174, "rank_stars": 170, "business_id": "und-lufVduXBWFCt-HXW6g", "neutral": 2, "total": 9, "name": "Marge's BP", "rating_positive": 3.22228366049212, "positive": 4, "negative": 3, "longitude": -89.375433, "rating_stars": 2.8006061237840134, "stars": 2.0, "latitude": 43.080337}
{"rank_positive": 144, "rank_stars": 171, "business_id": "rVWcq9Rt0C7Nbw4h-4X0PQ", "neutral": 0, "total": 30, "name": "Best Buy", "rating_positive": 3.8927613941018766, "positive": 23, "negative": 7, "longitude": -89.2989696, "rating_stars": 2.7561383846818734, "stars": 2.5, "latitude": 43.1294068}
{"rank_positive": 96, "rank_stars": 172, "business_id": "vgkuFKzIz4DnWfSW90tYqw", "neutral": 2, "total": 32, "name": "Best Buy", "rating_positive": 4.178379759775108, "positive": 27, "negative": 3, "longitude": -89.5109565253, "rating_stars": 2.744159513126345, "stars": 2.5, "latitude": 43.0555670362}
{"rank_positive": 179, "rank_stars": 173, "business_id": "qcZ6fUwsBSV3k3Rf8_miJQ", "neutral": 0, "total": 12, "name": "Mister Car Wash", "rating_positive": 3.017282765242438, "positive": 5, "negative": 7, "longitude": -89.3696781, "rating_stars": 2.695101380155251, "stars": 2.0, "latitude": 43.0843408}
{"rank_positive": 124, "rank_stars": 174, "business_id": "2smxwI4OgqikZN5M1dhtWg", "neutral": 0, "total": 15, "name": "Russ Darrow Chrysler Jeep Dodge RAM Of Madison", "rating_positive": 4.024390243902438, "positive": 12, "negative": 3, "longitude": -89.2909292, "rating_stars": 2.614165927831766, "stars": 2.0, "latitude": 43.1391873}
{"rank_positive": 182, "rank_stars": 175, "business_id": "WmdpqWnCpFVNfm8jW4T71Q", "neutral": 3, "total": 93, "name": "Green Cab", "rating_positive": 2.6375796513771133, "positive": 46, "negative": 44, "longitude": -89.390177, "rating_stars": 2.6006262757241974, "stars": 2.5, "latitude": 43.0504226}
{"rank_positive": 154, "rank_stars": 176, "business_id": "CdYA0EX8rLKm1NFYrhJb4A", "neutral": 0, "total": 16, "name": "U-Haul Moving & Storage at Verona Road", "rating_positive": 3.687219273172723, "positive": 11, "negative": 5, "longitude": -89.457721168, "rating_stars": 2.5912193445746787, "stars": 2.0, "latitude": 43.0344786843}
{"rank_positive": 170, "rank_stars": 177, "business_id": "vvGfIqzVqyCu8ODIyQzkFQ", "neutral": 3, "total": 17, "name": "Mister Car Wash", "rating_positive": 3.3743357606770314, "positive": 10, "negative": 4, "longitude": -89.4239593966, "rating_stars": 2.5699256740261323, "stars": 2.0, "latitude": 43.0726093292}
{"rank_positive": 122, "rank_stars": 178, "business_id": "B0yVWGLp6_TGDJUlFN1j-Q", "neutral": 0, "total": 10, "name": "Russ Darrow Kia of Madison", "rating_positive": 4.030263157894736, "positive": 8, "negative": 2, "longitude": -89.4937345, "rating_stars": 2.521261144664941, "stars": 1.5, "latitude": 43.0549544}
{"rank_positive": 183, "rank_stars": 179, "business_id": "Ft2lpJSeHxqNj7pWHEqIhw", "neutral": 0, "total": 20, "name": "Mermaid Car Wash", "rating_positive": 2.5577264653641203, "positive": 7, "negative": 13, "longitude": -89.311909, "rating_stars": 2.514350328548273, "stars": 2.0, "latitude": 43.122767}
{"rank_positive": 173, "rank_stars": 180, "business_id": "vwfDXpqtNO28Vk1Pge-ZEw", "neutral": 0, "total": 32, "name": "Mister Car Wash", "rating_positive": 3.243036033733708, "positive": 19, "negative": 13, "longitude": -89.3995279, "rating_stars": 2.370022022709785, "stars": 2.0, "latitude": 43.0582064}
{"rank_positive": 180, "rank_stars": 181, "business_id": "kW95API2Y34YTNmbiQ62VQ", "neutral": 0, "total": 37, "name": "Mermaid Car Wash", "rating_positive": 3.008237043816497, "positive": 20, "negative": 17, "longitude": -89.4976109, "rating_stars": 2.331288450946891, "stars": 2.0, "latitude": 43.0547237}
{"rank_positive": 171, "rank_stars": 182, "business_id": "Lq5mp5V7xqWTkcC3MJiG-w", "neutral": 0, "total": 22, "name": "Mad City Sales", "rating_positive": 3.3172114743162107, "positive": 13, "negative": 9, "longitude": -89.3736537, "rating_stars": 2.1472302117623046, "stars": 1.5, "latitude": 43.0412597}
{"rank_positive": 181, "rank_stars": 183, "business_id": "MlZOcpjE6ykfLU3rgT1y3Q", "neutral": 0, "total": 18, "name": "Jiffy Lube", "rating_positive": 2.9093844984802426, "positive": 8, "negative": 10, "longitude": -89.3071198, "rating_stars": 1.9243526500240835, "stars": 1.0, "latitude": 43.1212644}
