{"address":"960 S Park St","attributes":{"BusinessAcceptsCreditCards":true},"business_id":"cg-lsWvYnay7vIoob5Rq6w","categories":["Auto Repair","Automotive"],"city":"Madison","hours":{},"is_open":1,"latitude":43.0568524,"longitude":-89.3992507,"name":"Mex Mufflers & Brakes","neighborhood":"Bay Creek","postal_code":"53715","review_count":18,"stars":4.5,"state":"WI"}
{"address":"5422 Wayne Ter","attributes":{},"business_id":"7tHULq5WM-jTFvh5vcp1rQ","categories":["Car Dealers","Auto Repair","Automotive","Auto Parts & Supplies"],"city":"Madison","hours":{"Friday":"9:00-18:00","Monday":"9:00-20:00","Saturday":"9:00-17:00","Thursday":"9:00-20:00","Tuesday":"9:00-20:00","Wednesday":"9:00-20:00"},"is_open":0,"latitude":43.1436882,"longitude":-89.2861992,"name":"Capitol Ford-New & Used Car & Truck Dealership","neighborhood":"High Crossing","postal_code":"53718","review_count":3,"stars":4.0,"state":"WI"}
{"address":"2501 East Springs Dr","attributes":{"BusinessAcceptsCreditCards":true},"business_id":"3ca_Ow2cjifKg2Ws_P7XIw","categories":["Car Dealers","Automotive","Auto Repair"],"city":"Madison","hours":{"Friday":"9:00-18:00","Monday":"9:00-19:00","Saturday":"9:00-17:00","Thursday":"9:00-19:00","Tuesday":"9:00-19:00","Wednesday":"9:00-19:00"},"is_open":1,"latitude":43.1322851787,"longitude":-89.298574209,"name":"Goben Cars","neighborhood":"","postal_code":"53704","review_count":8,"stars":4.0,"state":"WI"}
{"address":"4506 E Broadway","attributes":{"RestaurantsPriceRange2":2},"business_id":"xNUspPbXrzFhnyY6Z5vCyA","categories":["Local Services","Outdoor Gear","Auto Parts & Supplies","Automotive","Shopping","Sporting Goods","Self Storage"],"city":"Madison","hours":{"Friday":"9:00-17:00","Monday":"9:00-17:00","Saturday":"9:00-14:00","Sunday":"0:00-0:00","Thursday":"9:00-17:00","Tuesday":"9:00-17:00","Wednesday":"9:00-17:00"},"is_open":1,"latitude":43.0488698,"longitude":-89.3058899,"name":"Jerry's Camping Center","neighborhood":"","postal_code":"53716","review_count":3,"stars":4.5,"state":"WI"}
{"address":"2512 S Stoughton Rd","attributes":{},"business_id":"vsqItmfkinLt7iAcxKpjTw","categories":["Oil Change Stations","Automotive"],"city":"Madison","hours":{"Friday":"8:00-19:00","Monday":"8:00-19:00","Saturday":"8:00-17:00","Sunday":"10:00-16:00","Thursday":"8:00-19:00","Tuesday":"8:00-19:00","Wednesday":"8:00-19:00"},"is_open":1,"latitude":43.0613492,"longitude":-89.3102385,"name":"Valvoline Instant Oil Change","neighborhood":"Glendale","postal_code":"53716","review_count":5,"stars":3.0,"state":"WI"}
{"address":"2202 University Ave","attributes":{"BusinessAcceptsCreditCards":true},"business_id":"vvGfIqzVqyCu8ODIyQzkFQ","categories":["Auto Detailing","Automotive","Car Wash"],"city":"Madison","hours":{"Friday":"7:30-18:00","Monday":"7:30-18:00","Saturday":"7:30-18:00","Sunday":"9:00-17:00","Thursday":"7:30-18:00","Tuesday":"7:30-18:00","Wednesday":"7:30-18:00"},"is_open":1,"latitude":43.0726093292,"longitude":-89.4239593966,"name":"Mister Car Wash","neighborhood":"Regent","postal_code":"53705","review_count":17,"stars":2.0,"state":"WI"}
{"address":"1130 Williamson St","attributes":{"BusinessAcceptsCreditCards":true},"business_id":"5R6bVyFw9EKYRxDeJrBR-A","categories":["Automotive","Gas Stations"],"city":"Madison","hours":{},"is_open":1,"latitude":43.0828473,"longitude":-89.3654198,"name":"M K S Petroleum","neighborhood":"Williamson - Marquette","postal_code":"53703","review_count":3,"stars":2.5,"state":"WI"}
{"address":"6702 Watts Rd","attributes":{"BusinessAcceptsCreditCards":true},"business_id":"NUxxY-hdrLhiW7vpKvNrKA","categories":["Auto Parts & Supplies","Glass & Mirrors","Home Services","Auto Glass Services","Home & Garden","Home Decor","Automotive","Kitchen & Bath","Windows Installation","Shopping"],"city":"Madison","hours":{"Friday":"7:30-17:00","Monday":"7:30-17:00","Saturday":"9:00-12:00","Sunday":"0:00-0:00","Thursday":"7:30-17:00","Tuesday":"7:30-17:00","Wednesday":"7:30-17:00"},"is_open":1,"latitude":43.0505807,"longitude":-89.4982894,"name":"Brunke Glass & Window","neighborhood":"","postal_code":"53719","review_count":3,"stars":4.5,"state":"WI"}
{"address":"7502 Mineral Point Rd","attributes":{"BikeParking":true,"BusinessAcceptsCreditCards":true,"BusinessParking":{"garage":false,"lot":false,"street":false,"valet":false,"validated":false},"RestaurantsPriceRange2":2},"business_id":"d-_KwqRuTZlKEOGQyfxSyA","categories":["Automotive","Gas Stations","Food","Convenience Stores"],"city":"Madison","hours":{"Friday":"0:00-0:00","Monday":"0:00-0:00","Saturday":"0:00-0:00","Sunday":"0:00-0:00","Thursday":"0:00-0:00","Tuesday":"0:00-0:00","Wednesday":"0:00-0:00"},"is_open":1,"latitude":43.0608199141,"longitude":-89.5133229115,"name":"PDQ Food Stores","neighborhood":"","postal_code":"53717","review_count":5,"stars":3.5,"state":"WI"}
{"address":"907 S Park St","attributes":{"BusinessAcceptsCreditCards":true},"business_id":"vwfDXpqtNO28Vk1Pge-ZEw","categories":["Auto Repair","Automotive","Auto Detailing","Car Wash"],"city":"Madison","hours":{"Friday":"7:30-18:00","Monday":"7:30-18:00","Saturday":"7:30-18:00","Sunday":"9:00-17:00","Thursday":"7:30-18:00","Tuesday":"7:30-18:00","Wednesday":"7:30-18:00"},"is_open":1,"latitude":43.0582064,"longitude":-89.3995279,"name":"Mister Car Wash","neighborhood":"Bay Creek","postal_code":"53715","review_count":32,"stars":2.0,"state":"WI"}
{"address":"3606 Corben Ct","attributes":{"BusinessAcceptsCreditCards":true},"business_id":"gAFhGshkKcbI5Bn-2yLvqA","categories":["Automotive","Aircraft Dealers","Aircraft Repairs","Hotels & Travel","Education","Specialty Schools","Airports","Flight Instruction"],"city":"Madison","hours":{"Friday":"0:00-0:00","Monday":"0:00-0:00","Saturday":"0:00-0:00","Sunday":"0:00-0:00","Thursday":"0:00-0:00","Tuesday":"0:00-0:00","Wednesday":"0:00-0:00"},"is_open":1,"latitude":43.1400029,"longitude":-89.3265388,"name":"Wisconsin Aviation","neighborhood":"","postal_code":"53704","review_count":4,"stars":4.5,"state":"WI"}
{"address":"5317 Wayne Ter","attributes":{"BusinessAcceptsCreditCards":true},"business_id":"9L1hFD_q76sAyCLMAUcGMg","categories":["Auto Parts & Supplies","Automotive","Auto Repair","Mobile Dent Repair","Body Shops"],"city":"Madison","hours":{"Friday":"7:00-17:00","Monday":"7:00-17:00","Saturday":"9:00-12:00","Thursday":"7:00-17:00","Tuesday":"7:00-17:00","Wednesday":"7:00-17:00"},"is_open":1,"latitude":43.1387841,"longitude":-89.2915306,"name":"Gates Collision Centers - Madison East","neighborhood":"High Crossing","postal_code":"53718","review_count":5,"stars":2.5,"state":"WI"}
{"address":"5205 University Ave","attributes":{"BusinessAcceptsCreditCards":true},"business_id":"AECSHzJAZpWrW9RXtIRrmg","categories":["Motorcycle Repair","Shopping","Sports Wear","Motorcycle Dealers","Fashion","Sporting Goods","Automotive"],"city":"Madison","hours":{"Friday":"9:00-18:00","Monday":"9:00-18:00","Saturday":"9:00-12:00","Sunday":"0:00-0:00","Thursday":"9:00-18:00","Tuesday":"9:00-18:00","Wednesday":"9:00-18:00"},"is_open":1,"latitude":43.077399,"longitude":-89.470509,"name":"Motorcycle Performance","neighborhood":"","postal_code":"53705","review_count":6,"stars":4.0,"state":"WI"}
{"address":"5632 Odana Rd","attributes":{},"business_id":"Gn1fCXBX4e4UI9nVDNyPTQ","categories":["Automotive","Oil Change Stations","Auto Repair"],"city":"Madison","hours":{"Friday":"8:00-19:00","Monday":"8:00-19:00","Saturday":"8:00-17:00","Sunday":"9:00-16:00","Thursday":"8:00-19:00","Tuesday":"8:00-19:00","Wednesday":"8:00-19:00"},"is_open":0,"latitude":43.0502313,"longitude":-89.4788031,"name":"Super-Lube","neighborhood":"","postal_code":"53719","review_count":5,"stars":2.5,"state":"WI"}
{"address":"5812 Odana Rd","attributes":{"BusinessAcceptsCreditCards":true},"business_id":"V41-mRM8Z5VXxVRV-EpqsA","categories":["Car Dealers","Automotive"],"city":"Madison","hours":{"Friday":"9:00-18:00","Monday":"9:00-20:00","Saturday":"9:00-17:00","Thursday":"9:00-20:00","Tuesday":"9:00-20:00","Wednesday":"9:00-20:00"},"is_open":1,"latitude":43.0519027,"longitude":-89.4824361,"name":"Don Miller Mazda","neighborhood":"","postal_code":"53719","review_count":8,"stars":4.0,"state":"WI"}
{"address":"2652 E Washington Ave","attributes":{},"business_id":"zFpc76mG3XmRZInMhTPYYQ","categories":["Auto Repair","Automotive"],"city":"Madison","hours":{"Monday":"8:00-16:00","Thursday":"8:00-16:00","Tuesday":"8:00-16:00","Wednesday":"8:00-16:00"},"is_open":1,"latitude":43.101799,"longitude":-89.347978,"name":"Tom's Auto Clinc","neighborhood":"Eken Park","postal_code":"53704","review_count":5,"stars":4.5,"state":"WI"}
{"address":"7357 W Towne Way","attributes":{"BikeParking":true,"BusinessAcceptsCreditCards":true,"BusinessParking":{"garage":false,"lot":true,"street":false,"valet":false,"validated":false},"RestaurantsPriceRange2":2},"business_id":"vgkuFKzIz4DnWfSW90tYqw","categories":["Appliances","Home & Garden","Computers","Automotive","Electronics","Local Services","IT Services & Computer Repair","Car Stereo Installation","Shopping"],"city":"Madison","hours":{"Friday":"10:00-21:00","Monday":"10:00-21:00","Saturday":"10:00-21:00","Sunday":"10:00-19:00","Thursday":"10:00-21:00","Tuesday":"10:00-21:00","Wednesday":"10:00-21:00"},"is_open":1,"latitude":43.0555670362,"longitude":-89.5109565253,"name":"Best Buy","neighborhood":"","postal_code":"53719","review_count":32,"stars":2.5,"state":"WI"}
{"address":"602 W Washington Ave","attributes":{"BusinessAcceptsBitcoin":false,"BusinessAcceptsCreditCards":true},"business_id":"gHTPcRWWLmpa45mg-jlYxQ","categories":["Movers","Truck Rental","Automotive","Home Services","Local Services","Parking","Self Storage"],"city":"Madison","hours":{"Friday":"7:00-20:00","Monday":"7:00-19:00","Saturday":"7:00-19:00","Sunday":"9:00-17:00","Thursday":"7:00-19:00","Tuesday":"7:00-19:00","Wednesday":"7:00-19:00"},"is_open":1,"latitude":43.068915,"longitude":-89.393644,"name":"U-Haul Moving & Storage at Downtown Campus","neighborhood":"Capitol","postal_code":"53703","review_count":14,"stars":2.5,"state":"WI"}
{"address":"517 S Yellowstone Dr","attributes":{"BusinessAcceptsCreditCards":true},"business_id":"vs0dLMhvqhEr6ej470u0aw","categories":["Auto Repair","Auto Parts & Supplies","Tires","Automotive"],"city":"Madison","hours":{"Friday":"7:00-18:00","Monday":"7:00-18:00","Saturday":"0:00-0:00","Sunday":"0:00-0:00","Thursday":"7:00-18:00","Tuesday":"7:00-18:00","Wednesday":"7:00-18:00"},"is_open":1,"latitude":43.05584,"longitude":-89.4925,"name":"Odana Tire & Service Center","neighborhood":"","postal_code":"53719","review_count":7,"stars":4.5,"state":"WI"}
{"address":"6525 Odana Rd","attributes":{"BusinessAcceptsCreditCards":true},"business_id":"B0yVWGLp6_TGDJUlFN1j-Q","categories":["Car Dealers","Automotive"],"city":"Madison","hours":{"Friday":"9:00-20:00","Monday":"7:00-20:00","Saturday":"8:00-17:00","Thursday":"7:00-20:00","Tuesday":"7:00-20:00","Wednesday":"7:00-20:00"},"is_open":1,"latitude":43.0549544,"longitude":-89.4937345,"name":"Russ Darrow Kia of Madison","neighborhood":"","postal_code":"53719","review_count":10,"stars":1.5,"state":"WI"}
{"address":"3602 Cross Hill Dr","attributes":{"BusinessAcceptsCreditCards":true},"business_id":"H3aQZfJx6BcyUBRlIkqf3w","categories":["Auto Glass Services","Body Shops","Windshield Installation & Repair","Auto Repair","Automotive"],"city":"Madison","hours":{"Friday":"7:30-17:30","Monday":"7:30-17:30","Saturday":"9:00-12:00","Thursday":"7:30-17:30","Tuesday":"7:30-17:30","Wednesday":"7:30-17:30"},"is_open":1,"latitude":43.142085,"longitude":-89.284105,"name":"ABRA Auto Body & Glass","neighborhood":"High Crossing","postal_code":"53718","review_count":10,"stars":5.0,"state":"WI"}
{"address":"5422 Wayne Ter","attributes":{"BusinessAcceptsCreditCards":true},"business_id":"C-S0oZRD0hqf6t2BOggBKA","categories":["Car Dealers","Automotive"],"city":"Madison","hours":{"Friday":"9:00-18:00","Monday":"9:00-20:00","Saturday":"9:00-17:00","Thursday":"9:00-20:00","Tuesday":"9:00-20:00","Wednesday":"9:00-20:00"},"is_open":1,"latitude":43.143849,"longitude":-89.285285,"name":"Metro Kia of Madison","neighborhood":"High Crossing","postal_code":"53718","review_count":16,"stars":2.5,"state":"WI"}
{"address":"699 S Whitney Way","attributes":{"BusinessAcceptsCreditCards":true},"business_id":"YdK0Xp8ftWB8eNk51cSrBw","categories":["Automotive","Gas Stations"],"city":"Madison","hours":{"Friday":"5:00-23:00","Monday":"5:00-23:00","Saturday":"5:00-23:00","Sunday":"6:00-22:00","Thursday":"5:00-23:00","Tuesday":"5:00-23:00","Wednesday":"5:00-23:00"},"is_open":1,"latitude":43.050365,"longitude":-89.472982,"name":"Westgate Mobil","neighborhood":"Midvale Heights Community","postal_code":"53711","review_count":3,"stars":1.5,"state":"WI"}
{"address":"1601 W Beltline Hwy","attributes":{"BusinessAcceptsCreditCards":true},"business_id":"SH8KerPNCMzYGzEB8fml9A","categories":["Auto Parts & Supplies","Car Dealers","Automotive","Body Shops","Auto Repair"],"city":"Madison","hours":{"Friday":"8:30-18:00","Monday":"8:30-20:00","Saturday":"8:30-16:00","Sunday":"0:00-0:00","Thursday":"8:30-20:00","Tuesday":"8:30-20:00","Wednesday":"8:30-20:00"},"is_open":1,"latitude":43.0318334,"longitude":-89.4101189,"name":"Zimbrick Honda","neighborhood":"Leopold","postal_code":"53713","review_count":28,"stars":3.5,"state":"WI"}
{"address":"4402 E Buckeye Rd","attributes":{"BikeParking":false,"BusinessAcceptsCreditCards":true,"BusinessParking":{"garage":false,"lot":false,"street":false,"valet":false,"validated":false},"RestaurantsPriceRange2":2,"RestaurantsTakeOut":false},"business_id":"oN8f85jcRrrqWXViJO8cGQ","categories":["Gas Stations","Automotive","Convenience Stores","Food"],"city":"Madison","hours":{"Friday":"0:00-0:00","Monday":"0:00-0:00","Saturday":"0:00-0:00","Sunday":"0:00-0:00","Thursday":"0:00-0:00","Tuesday":"0:00-0:00","Wednesday":"0:00-0:00"},"is_open":1,"latitude":43.073517,"longitude":-89.308203,"name":"PDQ Food Stores","neighborhood":"Elvehjem","postal_code":"53716","review_count":3,"stars":2.5,"state":"WI"}
{"address":"4601 E Towne Blvd","attributes":{"BusinessAcceptsCreditCards":true},"business_id":"e-Mnx5W35fGQOUk1pS_oBg","categories":["Auto Repair","Auto Parts & Supplies","Oil Change Stations","Automotive","Tires"],"city":"Madison","hours":{"Friday":"7:00-20:00","Monday":"7:00-20:00","Saturday":"7:00-18:00","Sunday":"9:00-17:00","Thursday":"7:00-20:00","Tuesday":"7:00-20:00","Wednesday":"7:00-20:00"},"is_open":1,"latitude":43.1283291,"longitude":-89.3049598,"name":"Firestone Complete Auto Care","neighborhood":"","postal_code":"53704","review_count":15,"stars":2.5,"state":"WI"}
{"address":"2202 S Stoughton Rd","attributes":{"BikeParking":true,"BusinessAcceptsCreditCards":true,"BusinessParking":{"garage":false,"lot":true,"street":false,"valet":false,"validated":false},"RestaurantsPriceRange2":2,"WheelchairAccessible":true},"business_id":"tNYmZEKXXvroyDt4IJX1cw","categories":["Automotive","Home & Garden","Tires","Hardware Stores","Shopping"],"city":"Madison","hours":{"Friday":"8:00-21:00","Monday":"8:00-21:00","Saturday":"8:00-20:00","Sunday":"9:00-18:00","Thursday":"8:00-21:00","Tuesday":"8:00-21:00","Wednesday":"8:00-21:00"},"is_open":1,"latitude":43.0654455,"longitude":-89.310854,"name":"Blain's Farm & Fleet","neighborhood":"Glendale","postal_code":"53716","review_count":23,"stars":2.5,"state":"WI"}
{"address":"2409 Daniels St","attributes":{"BusinessAcceptsCreditCards":true},"business_id":"qxItyqavu7BwoC76CRxhAA","categories":["Auto Parts & Supplies","Keys & Locksmiths","Towing","Tires","Roadside Assistance","Automotive","Auto Repair","Home Services"],"city":"Madison","hours":{"Friday":"0:00-0:00","Monday":"0:00-0:00","Saturday":"0:00-0:00","Sunday":"0:00-0:00","Thursday":"0:00-0:00","Tuesday":"0:00-0:00","Wednesday":"0:00-0:00"},"is_open":1,"latitude":43.0850514,"longitude":-89.2562239,"name":"Liberty Towing Service","neighborhood":"","postal_code":"53718","review_count":11,"stars":4.5,"state":"WI"}
{"address":"401 N 3rd St","attributes":{"BikeParking":true,"BusinessAcceptsCreditCards":true,"BusinessParking":{"garage":false,"lot":false,"street":false,"valet":false,"validated":false},"Caters":false,"RestaurantsPriceRange2":2,"RestaurantsTakeOut":true},"business_id":"mfPFpIoBWpO0gnmdp9JG8A","categories":["Gas Stations","Convenience Stores","Car Wash","Automotive","Food"],"city":"Madison","hours":{"Friday":"5:00-0:00","Monday":"5:00-0:00","Saturday":"5:00-0:00","Sunday":"5:00-0:00","Thursday":"5:00-0:00","Tuesday":"5:00-0:00","Wednesday":"5:00-0:00"},"is_open":1,"latitude":43.0978769938,"longitude":-89.3593520299,"name":"PDQ  Food Stores","neighborhood":"Emerson East","postal_code":"53704","review_count":6,"stars":3.5,"state":"WI"}
{"address":"3213 E Washington Ave","attributes":{"BusinessAcceptsCreditCards":true},"business_id":"tIj_lh_isdxNXjk0iY4jBg","categories":["Auto Repair","Tires","Automotive","Auto Parts & Supplies"],"city":"Madison","hours":{"Friday":"8:00-17:00","Monday":"8:00-17:00","Saturday":"9:00-14:00","Thursday":"8:00-17:00","Tuesday":"8:00-17:00","Wednesday":"8:00-17:00"},"is_open":1,"latitude":43.1097012,"longitude":-89.3345683,"name":"CV Pros","neighborhood":"Carpenter-Ridgeway","postal_code":"53704","review_count":5,"stars":4.0,"state":"WI"}
{"address":"2219 S Stoughton Rd","attributes":{},"business_id":"E6IqO_srZnelVq9u1JceXQ","categories":["Car Stereo Installation","Automotive"],"city":"Madison","hours":{"Friday":"8:00-19:30","Monday":"8:00-19:30","Saturday":"8:00-16:00","Sunday":"8:00-16:00","Thursday":"8:00-19:30","Tuesday":"8:00-19:30","Wednesday":"8:00-19:30"},"is_open":0,"latitude":43.0656141,"longitude":-89.3092207,"name":"Car Audio Workx","neighborhood":"","postal_code":"53716","review_count":3,"stars":4.5,"state":"WI"}
{"address":"611 Junction Rd","attributes":{"BusinessAcceptsCreditCards":true},"business_id":"tLyyUdILp_J_lKZKcKRwxQ","categories":["Automotive","Tires","Auto Parts & Supplies","Wheel & Rim Repair"],"city":"Madison","hours":{"Friday":"8:00-18:00","Monday":"8:00-18:00","Saturday":"8:00-17:00","Thursday":"8:00-18:00","Tuesday":"8:00-18:00","Wednesday":"8:00-18:00"},"is_open":1,"latitude":43.0732686818,"longitude":-89.5260757953,"name":"Discount Tire Store - Madison, WI","neighborhood":"Junction Ridge","postal_code":"53717","review_count":49,"stars":4.0,"state":"WI"}
{"address":"3030 Milwaukee St","attributes":{"BusinessAcceptsCreditCards":true},"business_id":"8EJh4tJA_LbNulSN1rllzw","categories":["Oil Change Stations","Automotive","Auto Repair"],"city":"Madison","hours":{"Friday":"8:00-12:00","Monday":"8:00-17:00","Thursday":"8:00-17:00","Tuesday":"8:00-17:00","Wednesday":"8:00-17:00"},"is_open":1,"latitude":43.1000749,"longitude":-89.337935,"name":"Courtesy Auto Service","neighborhood":"Worthington Park","postal_code":"53714","review_count":14,"stars":5.0,"state":"WI"}
{"address":"526 Grand Canyon Dr","attributes":{"BusinessAcceptsCreditCards":true},"business_id":"kW95API2Y34YTNmbiQ62VQ","categories":["Car Wash","Automotive"],"city":"Madison","hours":{},"is_open":1,"latitude":43.0547237,"longitude":-89.4976109,"name":"Mermaid Car Wash","neighborhood":"","postal_code":"53719","review_count":37,"stars":2.0,"state":"WI"}
{"address":"6624 Seybold Rd","attributes":{},"business_id":"a9XiT_Z60rxFuboJCicqaw","categories":["Car Dealers","Auto Repair","Automotive"],"city":"Madison","hours":{},"is_open":1,"latitude":43.0522758,"longitude":-89.4973393,"name":"Fields Land Rover Madison","neighborhood":"","postal_code":"53719","review_count":4,"stars":2.0,"state":"WI"}
{"address":"3720 Milwaukee St","attributes":{"BusinessAcceptsCreditCards":true},"business_id":"q1RhtgfdsCJOBZbF9RoFeQ","categories":["Body Shops","Automotive"],"city":"Madison","hours":{"Friday":"8:00-18:00","Monday":"8:00-18:00","Thursday":"8:00-18:00","Tuesday":"8:00-18:00","Wednesday":"8:00-18:00"},"is_open":1,"latitude":43.0987580747,"longitude":-89.3196630478,"name":"M&M Auto Body","neighborhood":"Eastmorland","postal_code":"53714","review_count":15,"stars":4.5,"state":"WI"}
{"address":"2100 Winnebago St","attributes":{"BusinessAcceptsCreditCards":true},"business_id":"wBCvywtcxH2jG2WzFlsPjQ","categories":["Auto Parts & Supplies","Shopping","Automotive","Battery Stores","Auto Repair"],"city":"Madison","hours":{"Friday":"9:00-17:00","Monday":"9:00-17:00","Thursday":"9:00-17:00","Tuesday":"9:00-17:00","Wednesday":"9:00-17:00"},"is_open":1,"latitude":43.0939689,"longitude":-89.3545383,"name":"EV Powers Hybrid Battery Service & Repair","neighborhood":"Williamson - Marquette","postal_code":"53704","review_count":7,"stars":5.0,"state":"WI"}
{"address":"3757 East Washington","attributes":{"BusinessAcceptsCreditCards":true},"business_id":"naiEuGXGV4bdKQdoJzuIXA","categories":["Tires","Oil Change Stations","Auto Repair","Automotive"],"city":"Madison","hours":{"Friday":"7:30-18:00","Monday":"7:30-18:00","Saturday":"7:30-16:00","Thursday":"7:30-18:00","Tuesday":"7:30-18:00","Wednesday":"7:30-18:00"},"is_open":1,"latitude":43.1180977,"longitude":-89.3220023,"name":"Midas","neighborhood":"Mayfair Park","postal_code":"53704","review_count":5,"stars":2.0,"state":"WI"}
{"address":"929 Stewart St","attributes":{"BusinessAcceptsCreditCards":true},"business_id":"Ae0HSV-mcUkMKTrxbxl2ow","categories":["Automotive","Auto Repair"],"city":"Madison","hours":{"Monday":"9:00-18:00","Thursday":"9:00-18:00","Tuesday":"9:00-18:00","Wednesday":"9:00-18:00"},"is_open":1,"latitude":43.0300483,"longitude":-89.398459,"name":"Phoenix Foreign Car Service","neighborhood":"","postal_code":"53713","review_count":19,"stars":5.0,"state":"WI"}
{"address":"15 Junction Ct","attributes":{"BusinessAcceptsCreditCards":true},"business_id":"7r2Pg1ETNXfieFvIQuN42g","categories":["Tires","Oil Change Stations","Auto Repair","Automotive"],"city":"Madison","hours":{"Friday":"7:00-19:00","Monday":"7:00-19:00","Saturday":"7:00-19:00","Sunday":"9:00-17:00","Thursday":"7:00-19:00","Tuesday":"7:00-19:00","Wednesday":"7:00-19:00"},"is_open":1,"latitude":43.0739666,"longitude":-89.5253818,"name":"Jiffy Lube","neighborhood":"Junction Ridge","postal_code":"53717","review_count":12,"stars":4.0,"state":"WI"}
{"address":"2008 University Ave","attributes":{"BusinessAcceptsCreditCards":true},"business_id":"5cD07DUrzxZzH1AsI25KJQ","categories":["Automotive","Auto Repair"],"city":"Madison","hours":{},"is_open":1,"latitude":43.0725185293,"longitude":-89.4244155838,"name":"Don the Car Care Man","neighborhood":"Regent","postal_code":"53726","review_count":7,"stars":3.5,"state":"WI"}
{"address":"3712 Milwaukee St","attributes":{"BusinessAcceptsCreditCards":true},"business_id":"3zUnWDmPEfG_goDf8Mh4XA","categories":["Oil Change Stations","Active Life","Transmission Repair","Towing","Boating","Automotive","Auto Parts & Supplies","Car Dealers","Tires","Auto Repair","Auto Detailing"],"city":"Madison","hours":{"Friday":"8:00-18:00","Monday":"8:00-18:00","Saturday":"9:00-12:00","Thursday":"8:00-18:00","Tuesday":"8:00-18:00","Wednesday":"8:00-18:00"},"is_open":1,"latitude":43.0987415,"longitude":-89.3203875,"name":"Midwest Engine Service","neighborhood":"Eastmorland","postal_code":"53714","review_count":13,"stars":4.0,"state":"WI"}
{"address":"133 S Blair St","attributes":{"BusinessAcceptsCreditCards":true,"ByAppointmentOnly":false},"business_id":"hVLXyv6igvPuIQdhDdSWMQ","categories":["Utilities","Automotive","Home Services","Appliances & Repair","Local Services","Gas Stations"],"city":"Madison","hours":{"Friday":"8:00-17:00","Monday":"8:00-17:00","Thursday":"8:00-17:00","Tuesday":"8:00-17:00","Wednesday":"8:00-17:00"},"is_open":1,"latitude":43.0771065,"longitude":-89.3761818,"name":"Madison Gas & Electric","neighborhood":"Williamson - Marquette","postal_code":"53788","review_count":3,"stars":4.5,"state":"WI"}
{"address":"1621 Beld St","attributes":{},"business_id":"WmdpqWnCpFVNfm8jW4T71Q","categories":["Hotels & Travel","Transportation","Automotive","Taxis"],"city":"Madison","hours":{"Friday":"5:30-5:30","Monday":"5:30-5:30","Saturday":"5:30-5:30","Sunday":"5:30-5:30","Thursday":"5:30-5:30","Tuesday":"5:30-5:30","Wednesday":"5:30-5:30"},"is_open":1,"latitude":43.0504226,"longitude":-89.390177,"name":"Green Cab","neighborhood":"Bay Creek","postal_code":"53715","review_count":93,"stars":2.5,"state":"WI"}
{"address":"2318 S Stoughton Rd","attributes":{},"business_id":"l6J0AFNA9Ssd9j_Q6LwCoA","categories":["Automotive","Auto Repair"],"city":"Madison","hours":{"Friday":"7:30-17:30","Monday":"7:30-17:30","Thursday":"7:30-17:30","Tuesday":"7:30-17:30","Wednesday":"7:30-17:30"},"is_open":1,"latitude":43.0641479,"longitude":-89.3102435,"name":"Jenks Service Center","neighborhood":"Glendale","postal_code":"53716","review_count":3,"stars":5.0,"state":"WI"}
{"address":"4008 Milwaukee St","attributes":{"BusinessAcceptsCreditCards":true},"business_id":"6rqDzz92kOzGMndUhkKH2Q","categories":["Auto Repair","Oil Change Stations","Tires","Automotive"],"city":"Madison","hours":{"Friday":"7:30-18:00","Monday":"7:30-18:00","Saturday":"7:30-16:00","Thursday":"7:30-18:00","Tuesday":"7:30-18:00","Wednesday":"7:30-18:00"},"is_open":1,"latitude":43.0729035118,"longitude":-89.3107435265,"name":"Meineke Car Care Center","neighborhood":"Lake Edge","postal_code":"53714","review_count":9,"stars":3.5,"state":"WI"}
{"address":"3451 E Washington Ave","attributes":{"BusinessAcceptsCreditCards":true},"business_id":"JUOkFsDGIAqv6gjvK5ZrEQ","categories":["Automotive","Auto Parts & Supplies"],"city":"Madison","hours":{},"is_open":1,"latitude":43.1138413135,"longitude":-89.3284510777,"name":"O'reilly Auto Parts","neighborhood":"Hawthorne","postal_code":"53704","review_count":6,"stars":3.5,"state":"WI"}
{"address":"5330 High Crossing Blvd","attributes":{"BusinessAcceptsCreditCards":true},"business_id":"g9OVqDegsFX91p_VxdM7Tw","categories":["Automotive","Commercial Truck Dealers","Car Dealers","Auto Repair","Auto Parts & Supplies"],"city":"Madison","hours":{"Friday":"8:30-18:00","Monday":"8:30-20:00","Saturday":"8:30-16:00","Thursday":"8:30-20:00","Tuesday":"8:30-18:00","Wednesday":"8:30-18:00"},"is_open":1,"latitude":43.140633,"longitude":-89.288099,"name":"Zimbrick Nissan","neighborhood":"High Crossing","postal_code":"53718","review_count":6,"stars":3.5,"state":"WI"}
{"address":"3594 E Washington Ave","attributes":{"BusinessAcceptsCreditCards":true},"business_id":"mxInstXfqT4w8cEYXA_hPw","categories":["Oil Change Stations","Automotive"],"city":"Madison","hours":{"Friday":"8:00-19:00","Monday":"8:00-19:00","Saturday":"8:00-17:00","Sunday":"11:00-16:00","Thursday":"8:00-19:00","Tuesday":"8:00-19:00","Wednesday":"8:00-19:00"},"is_open":1,"latitude":43.1165424,"longitude":-89.3258315,"name":"Valvoline Instant Oil Change","neighborhood":"Hawthorne","postal_code":"53704","review_count":11,"stars":3.5,"state":"WI"}
{"address":"7105 Mineral Point Rd","attributes":{"BusinessAcceptsCreditCards":true},"business_id":"KE8T-d28cygJtxUZ9JNGQQ","categories":["Tires","Automotive","Oil Change Stations","Auto Parts & Supplies","Auto Repair"],"city":"Madison","hours":{"Friday":"7:00-19:00","Monday":"7:00-19:00","Saturday":"7:00-18:00","Sunday":"9:00-17:00","Thursday":"7:00-19:00","Tuesday":"7:00-19:00","Wednesday":"7:00-19:00"},"is_open":1,"latitude":43.0606029,"longitude":-89.5055136,"name":"Firestone Complete Auto Care","neighborhood":"","postal_code":"53717","review_count":18,"stars":2.5,"state":"WI"}
{"address":"6902 Watts Rd","attributes":{"BusinessAcceptsCreditCards":true},"business_id":"7hlPTaDAnaxdEPwao7p89A","categories":["Auto Parts & Supplies","Automotive"],"city":"Madison","hours":{},"is_open":1,"latitude":43.0506747,"longitude":-89.5013874,"name":"O'Reilly Auto Parts","neighborhood":"","postal_code":"53719","review_count":5,"stars":4.0,"state":"WI"}
{"address":"5309 High Crossing Blvd","attributes":{"BusinessAcceptsCreditCards":true},"business_id":"3Oxat8bgP9ZJrZxYhfu76Q","categories":["Auto Repair","Automotive"],"city":"Madison","hours":{"Friday":"7:00-18:00","Monday":"7:00-19:00","Saturday":"7:00-17:00","Thursday":"7:00-19:00","Tuesday":"7:00-19:00","Wednesday":"7:00-19:00"},"is_open":1,"latitude":43.138928,"longitude":-89.287742,"name":"East Madison Toyota Express Service","neighborhood":"High Crossing","postal_code":"53718","review_count":15,"stars":3.5,"state":"WI"}
{"address":"6525 Seybold Rd","attributes":{"BusinessAcceptsCreditCards":true},"business_id":"4C34dFPh8dWB3Gxai4hDQQ","categories":["Auto Parts & Supplies","Automotive","Oil Change Stations","Auto Repair","Transmission Repair"],"city":"Madison","hours":{"Friday":"8:00-17:30","Monday":"8:00-17:30","Thursday":"8:00-17:30","Tuesday":"8:00-17:30","Wednesday":"8:00-17:30"},"is_open":1,"latitude":43.0514755,"longitude":-89.4953713,"name":"McDermott's Service and Repair","neighborhood":"","postal_code":"53719","review_count":7,"stars":5.0,"state":"WI"}
{"address":"1450 Macarthur Rd","attributes":{"BusinessAcceptsCreditCards":true},"business_id":"IXJ5CilVoFx82ODCQM3XWA","categories":["Tires","Auto Repair","Oil Change Stations","Automotive","Auto Parts & Supplies"],"city":"Madison","hours":{"Friday":"7:00-20:00","Monday":"7:00-20:00","Saturday":"7:00-18:00","Sunday":"9:00-17:00","Thursday":"7:00-20:00","Tuesday":"7:00-20:00","Wednesday":"7:00-20:00"},"is_open":1,"latitude":43.116522,"longitude":-89.323239,"name":"Tires Plus","neighborhood":"Mayfair Park","postal_code":"53714","review_count":16,"stars":3.5,"state":"WI"}
{"address":"1102 E Washington Ave","attributes":{},"business_id":"kD-V-a0FfdCqMOknATD1Tw","categories":["Auto Repair","Automotive","Oil Change Stations"],"city":"Madison","hours":{"Friday":"7:00-18:00","Monday":"7:00-18:00","Saturday":"7:00-17:00","Sunday":"9:00-16:00","Thursday":"7:00-18:00","Tuesday":"7:00-18:00","Wednesday":"7:00-18:00"},"is_open":0,"latitude":43.085271,"longitude":-89.36984,"name":"Jiffy Lube","neighborhood":"Tenney - Lapham","postal_code":"53703","review_count":10,"stars":3.0,"state":"WI"}
{"address":"3502 Lancaster Dr","attributes":{"BusinessAcceptsCreditCards":true},"business_id":"2smxwI4OgqikZN5M1dhtWg","categories":["Car Dealers","Hotels & Travel","Auto Repair","Automotive","Car Rental"],"city":"Madison","hours":{"Friday":"7:00-20:00","Monday":"7:00-20:00","Saturday":"8:00-17:00","Thursday":"7:00-20:00","Tuesday":"7:00-20:00","Wednesday":"7:00-20:00"},"is_open":1,"latitude":43.1391873,"longitude":-89.2909292,"name":"Russ Darrow Chrysler Jeep Dodge RAM Of Madison","neighborhood":"High Crossing","postal_code":"53718","review_count":15,"stars":2.0,"state":"WI"}
{"address":"5633 Odana Rd","attributes":{"BusinessAcceptsCreditCards":true},"business_id":"cCfYNA9K-k2zH_qqp3143Q","categories":["Automotive","Auto Repair","Tires"],"city":"Madison","hours":{},"is_open":1,"latitude":43.0496968,"longitude":-89.4787766,"name":"Car-X Auto Service West","neighborhood":"","postal_code":"53719","review_count":3,"stars":2.5,"state":"WI"}
{"address":"4627 Verona Rd","attributes":{},"business_id":"VMqocqtjVbPopLn6YKr67Q","categories":["Auto Parts & Supplies","Automotive"],"city":"Madison","hours":{"Friday":"7:30-22:00","Monday":"7:30-21:00","Saturday":"7:30-19:00","Thursday":"7:30-21:00","Tuesday":"7:30-21:00","Wednesday":"7:30-21:00"},"is_open":1,"latitude":43.0340417,"longitude":-89.4539572,"name":"AutoZone","neighborhood":"Allied Dunn's Marsh","postal_code":"53711","review_count":7,"stars":3.5,"state":"WI"}
{"address":"2323 Atwood Ave","attributes":{"BusinessAcceptsCreditCards":true,"RestaurantsPriceRange2":2},"business_id":"wKfNckqIqTssS6X8acR7Ow","categories":["Home Services","Shopping","Auto Parts & Supplies","Home & Garden","Glass & Mirrors","Auto Glass Services","Hardware Stores","Windows Installation","Automotive","Home Decor"],"city":"Madison","hours":{"Friday":"8:00-17:00","Monday":"8:00-17:00","Saturday":"9:00-13:00","Thursday":"8:00-17:00","Tuesday":"8:00-17:00","Wednesday":"8:00-17:00"},"is_open":1,"latitude":43.093369,"longitude":-89.347423,"name":"Martin Glass","neighborhood":"Williamson - Marquette","postal_code":"53704","review_count":5,"stars":5.0,"state":"WI"}
{"address":"6200 Millpond Rd","attributes":{"BikeParking":true,"BusinessAcceptsCreditCards":false,"BusinessParking":{"garage":false,"lot":true,"street":false,"valet":false,"validated":false},"DogsAllowed":true,"RestaurantsPriceRange2":3,"WheelchairAccessible":true},"business_id":"YsP0KCkWlFQgHuY9BYf8Ug","categories":["Leather Goods","Sporting Goods","Driving Schools","Education","Motorcycle Repair","Specialty Schools","Motorcycle Gear","Motorcycle Dealers","Automotive","Fashion","Shopping","Sports Wear"],"city":"Madison","hours":{"Friday":"9:00-20:00","Monday":"9:00-18:00","Saturday":"9:00-17:00","Sunday":"9:00-17:00","Thursday":"9:00-18:00","Tuesday":"9:00-18:00","Wednesday":"9:00-18:00"},"is_open":1,"latitude":43.2667063232,"longitude":-89.7219085693,"name":"Harley-Davidson of Madison","neighborhood":"","postal_code":"53718","review_count":5,"stars":4.0,"state":"WI"}
{"address":"2450 E Washington Ave","attributes":{"BusinessAcceptsCreditCards":true},"business_id":"8pPD7BhiPAq-SC4vSBns1w","categories":["Auto Repair","Automotive"],"city":"Madison","hours":{"Friday":"8:00-18:00","Monday":"8:00-18:00","Saturday":"8:00-18:00","Sunday":"10:00-17:00","Thursday":"8:00-18:00","Tuesday":"8:00-18:00","Wednesday":"8:00-18:00"},"is_open":1,"latitude":43.0995576,"longitude":-89.3502414,"name":"Speedy Muffler & Brake Center","neighborhood":"Emerson East","postal_code":"53704","review_count":20,"stars":5.0,"state":"WI"}
{"address":"2400 Rimrock Rd","attributes":{"BusinessAcceptsCreditCards":true},"business_id":"uRpjhhLclGlw_0oxDVicAw","categories":["Commercial Truck Dealers","Automotive","Car Dealers","Auto Parts & Supplies","Auto Repair"],"city":"Madison","hours":{"Friday":"8:30-18:00","Monday":"8:30-20:00","Saturday":"8:30-16:00","Thursday":"8:30-20:00","Tuesday":"8:30-18:00","Wednesday":"8:30-18:00"},"is_open":1,"latitude":43.037696,"longitude":-89.38006,"name":"Zimbrick BMW","neighborhood":"","postal_code":"53713","review_count":16,"stars":4.0,"state":"WI"}
{"address":"5422 Wayne Ter","attributes":{"BusinessAcceptsCreditCards":true},"business_id":"qq35wofR8tKAakqHi3wD2g","categories":["Auto Parts & Supplies","Auto Repair","Car Dealers","Automotive"],"city":"Madison","hours":{"Friday":"9:00-18:00","Monday":"9:00-20:00","Saturday":"9:00-17:00","Thursday":"9:00-20:00","Tuesday":"9:00-20:00","Wednesday":"9:00-20:00"},"is_open":1,"latitude":43.1436882,"longitude":-89.2861992,"name":"Metro Ford of Madison","neighborhood":"High Crossing","postal_code":"53718","review_count":8,"stars":2.5,"state":"WI"}
{"address":"","attributes":{"BusinessAcceptsCreditCards":false},"business_id":"pnGCr40N_v_cZFylaU4SgQ","categories":["Car Wash","Auto Detailing","Automotive","Carpet Cleaning","Local Services"],"city":"Madison","hours":{"Friday":"7:00-21:00","Monday":"7:00-21:00","Saturday":"7:00-21:00","Sunday":"7:00-21:00","Thursday":"7:00-21:00","Tuesday":"7:00-21:00","Wednesday":"7:00-21:00"},"is_open":1,"latitude":43.0200627521,"longitude":-89.4196137619,"name":"AMD Affordable Mobile Detailing","neighborhood":"","postal_code":"53744","review_count":11,"stars":5.0,"state":"WI"}
{"address":"3401 Milwaukee St","attributes":{"BusinessAcceptsCreditCards":true},"business_id":"YxUbIVMc4HOivAtslGrUjQ","categories":["Gas Stations","Auto Repair","Automotive","Car Wash"],"city":"Madison","hours":{"Friday":"7:30-17:00","Monday":"7:30-17:00","Thursday":"7:30-17:00","Tuesday":"7:30-17:00","Wednesday":"7:30-17:00"},"is_open":1,"latitude":43.099279,"longitude":-89.332119,"name":"Seversin's Service Center","neighborhood":"Starkweather - Yahar","postal_code":"53714","review_count":5,"stars":4.5,"state":"WI"}
{"address":"3502 Lancaster Dr","attributes":{"BusinessAcceptsCreditCards":true},"business_id":"3CW9q1hQgl5ibu5sglNXig","categories":["Automotive","Auto Repair"],"city":"Madison","hours":{"Friday":"9:00-21:00","Monday":"9:00-21:00","Saturday":"9:00-17:00","Thursday":"9:00-21:00","Tuesday":"9:00-21:00","Wednesday":"9:00-21:00"},"is_open":1,"latitude":43.1391873,"longitude":-89.2909292,"name":"Russ Darrow Chrysler Jeep Dodge RAM Of Madison, Service","neighborhood":"High Crossing","postal_code":"53718","review_count":3,"stars":2.5,"state":"WI"}
{"address":"5802 Odana Rd","attributes":{"BusinessAcceptsCreditCards":true},"business_id":"A_ix0cClFuwFwB181I0oRg","categories":["Car Dealers","Tires","Auto Repair","Auto Parts & Supplies","Oil Change Stations","Automotive"],"city":"Madison","hours":{"Friday":"9:00-18:00","Monday":"9:00-20:00","Saturday":"9:00-17:00","Sunday":"0:00-0:00","Thursday":"9:00-20:00","Tuesday":"9:00-20:00","Wednesday":"9:00-20:00"},"is_open":1,"latitude":43.052758,"longitude":-89.4820189,"name":"Don Miller Dodge Chrysler Jeep Ram","neighborhood":"","postal_code":"53719","review_count":7,"stars":2.5,"state":"WI"}
{"address":"5555 High Crossing Blvd","attributes":{"BusinessAcceptsCreditCards":true},"business_id":"dDZ7No0gCZBcB6Nz_FSeLw","categories":["Automotive","Car Dealers","Auto Repair","Auto Parts & Supplies"],"city":"Madison","hours":{"Friday":"7:00-20:00","Monday":"7:00-20:00","Saturday":"7:00-17:00","Thursday":"7:00-20:00","Tuesday":"7:00-20:00","Wednesday":"7:00-20:00"},"is_open":1,"latitude":43.143451,"longitude":-89.28159,"name":"Wilde East Towne Honda","neighborhood":"High Crossing","postal_code":"53718","review_count":32,"stars":4.5,"state":"WI"}
{"address":"2210 Fish Hatchery Rd","attributes":{"BusinessAcceptsCreditCards":true},"business_id":"WDV1cwfk5QOuMQmX5fOh_A","categories":["Transmission Repair","Auto Repair","Automotive","Tires"],"city":"Madison","hours":{"Friday":"7:30-18:00","Monday":"7:30-18:00","Saturday":"9:00-16:30","Thursday":"7:30-18:00","Tuesday":"7:30-18:00","Wednesday":"7:30-18:00"},"is_open":1,"latitude":43.0411501,"longitude":-89.4045276,"name":"Wright's Auto Service","neighborhood":"","postal_code":"53713","review_count":10,"stars":5.0,"state":"WI"}
{"address":"2510 W Beltline Hwy","attributes":{},"business_id":"L48KlWZvPSHzdfzpmVz55Q","categories":["Auto Parts & Supplies","Car Dealers","Automotive","Tires","Auto Repair"],"city":"Madison","hours":{"Friday":"9:00-18:00","Monday":"9:00-20:00","Saturday":"9:00-17:00","Thursday":"9:00-20:00","Tuesday":"9:00-20:00","Wednesday":"9:00-20:00"},"is_open":0,"latitude":43.0365501093,"longitude":-89.421262145,"name":"Kayser Nissan","neighborhood":"","postal_code":"53713","review_count":5,"stars":2.5,"state":"WI"}
{"address":"5339 Wayne Ter","attributes":{"BusinessAcceptsCreditCards":true},"business_id":"xAonF_jqyd5HkLZHBXgPNQ","categories":["Auto Repair","Automotive","Car Dealers"],"city":"Madison","hours":{"Friday":"7:00-17:30","Monday":"7:00-17:30","Saturday":"8:00-13:00","Thursday":"7:00-17:30","Tuesday":"7:00-17:30","Wednesday":"7:00-17:30"},"is_open":1,"latitude":43.1415066,"longitude":-89.2892897,"name":"Don Miller Subaru East","neighborhood":"High Crossing","postal_code":"53718","review_count":8,"stars":2.0,"state":"WI"}
{"address":"2020 Aberg Ave","attributes":{"BusinessAcceptsCreditCards":true},"business_id":"7FXw9cGbX6nJ2Ghxk25P8w","categories":["Oil Change Stations","Automotive","Auto Repair","Tires"],"city":"Madison","hours":{"Friday":"7:00-18:00","Monday":"7:00-18:00","Thursday":"7:00-18:00","Tuesday":"7:00-18:00","Wednesday":"7:00-18:00"},"is_open":1,"latitude":43.114632,"longitude":-89.356874,"name":"Chet's Car Care","neighborhood":"","postal_code":"53704","review_count":40,"stars":4.5,"state":"WI"}
{"address":"430 Grand Canyon Dr","attributes":{},"business_id":"vLVk3R4cvkTgDThIv3xJnw","categories":["Body Shops","Auto Parts & Supplies","Oil Change Stations","Automotive","Auto Repair"],"city":"Madison","hours":{"Friday":"7:00-18:00","Monday":"7:00-18:00","Saturday":"7:00-15:00","Thursday":"7:00-18:00","Tuesday":"7:00-18:00","Wednesday":"7:00-18:00"},"is_open":1,"latitude":43.05901,"longitude":-89.4969969,"name":"Zimbrick Honda Service Center","neighborhood":"","postal_code":"53719","review_count":18,"stars":4.5,"state":"WI"}
{"address":"5522 University Ave","attributes":{"BusinessAcceptsCreditCards":true},"business_id":"GTzQ2-uJAelYk0tLFHaJHw","categories":["Oil Change Stations","Automotive"],"city":"Madison","hours":{"Friday":"8:00-18:00","Monday":"8:00-18:00","Saturday":"8:00-17:00","Sunday":"9:00-15:00","Thursday":"8:00-18:00","Tuesday":"8:00-18:00","Wednesday":"8:00-18:00"},"is_open":1,"latitude":43.0836646,"longitude":-89.4763578,"name":"Valvoline Instant Oil Change","neighborhood":"Spring Harbor","postal_code":"53705","review_count":8,"stars":5.0,"state":"WI"}
{"address":"608 E Washington Ave","attributes":{"BusinessAcceptsCreditCards":true},"business_id":"xZP5CS9EpQBL2PHYTGv7wg","categories":["Tires","Auto Repair","Automotive","Oil Change Stations"],"city":"Madison","hours":{"Friday":"7:00-19:00","Monday":"7:00-19:00","Saturday":"7:00-18:00","Thursday":"7:00-19:00","Tuesday":"7:00-19:00","Wednesday":"7:00-19:00"},"is_open":1,"latitude":43.0791800584,"longitude":-89.3786154538,"name":"Goodyear Auto Service Center","neighborhood":"Tenney - Lapham","postal_code":"53703","review_count":13,"stars":3.5,"state":"WI"}
{"address":"3600 Monroe St","attributes":{"BusinessAcceptsCreditCards":true},"business_id":"BKIWIvfyj8vChwLceDi5Ag","categories":["Auto Repair","Automotive"],"city":"Madison","hours":{"Friday":"6:30-18:00","Monday":"6:30-18:00","Saturday":"6:30-18:00","Thursday":"6:30-18:00","Tuesday":"6:30-18:00","Wednesday":"6:30-18:00"},"is_open":1,"latitude":43.0521047,"longitude":-89.4369577,"name":"Percy's Service Station","neighborhood":"Dudgeon-Monroe","postal_code":"53711","review_count":10,"stars":5.0,"state":"WI"}
{"address":"4617 Verona Rd","attributes":{"BusinessAcceptsCreditCards":true},"business_id":"dgH8pGKynb56tN1gc_hzhQ","categories":["Automotive","Auto Parts & Supplies"],"city":"Madison","hours":{},"is_open":1,"latitude":43.0339428524,"longitude":-89.4541088899,"name":"Harbor Freight","neighborhood":"Allied Dunn's Marsh","postal_code":"53711","review_count":6,"stars":3.5,"state":"WI"}
{"address":"732 S Gammon Rd","attributes":{},"business_id":"orgKKsH39yWvi4U6fL_25w","categories":["Automotive","Oil Change Stations"],"city":"Madison","hours":{"Friday":"8:00-19:00","Monday":"8:00-19:00","Saturday":"8:00-17:00","Sunday":"9:00-16:00","Thursday":"8:00-19:00","Tuesday":"8:00-19:00","Wednesday":"8:00-19:00"},"is_open":1,"latitude":43.0485103,"longitude":-89.5036645,"name":"Valvoline Instant Oil Change","neighborhood":"","postal_code":"53719","review_count":9,"stars":3.0,"state":"WI"}
{"address":"735 E Washington Ave","attributes":{"BikeParking":true,"BusinessAcceptsCreditCards":true,"BusinessParking":{"garage":false,"lot":true,"street":false,"valet":false,"validated":false},"Caters":false,"RestaurantsPriceRange2":2,"RestaurantsTakeOut":false},"business_id":"und-lufVduXBWFCt-HXW6g","categories":["Automotive","Gas Stations","Convenience Stores","Food"],"city":"Madison","hours":{"Friday":"6:00-22:00","Monday":"6:00-22:00","Saturday":"6:00-22:00","Sunday":"6:00-22:00","Thursday":"6:00-22:00","Tuesday":"6:00-22:00","Wednesday":"6:00-22:00"},"is_open":1,"latitude":43.080337,"longitude":-89.375433,"name":"Marge's BP","neighborhood":"Williamson - Marquette","postal_code":"53703","review_count":9,"stars":2.0,"state":"WI"}
{"address":"1601 W Beltline Hwy","attributes":{"BusinessAcceptsCreditCards":true},"business_id":"Jb0d23xOzC4yL19wWoCoaA","categories":["Car Dealers","Automotive","Auto Repair"],"city":"Madison","hours":{"Friday":"8:30-18:00","Monday":"8:30-20:00","Saturday":"8:30-16:00","Thursday":"8:30-20:00","Tuesday":"8:30-18:00","Wednesday":"8:30-18:00"},"is_open":1,"latitude":43.0318334,"longitude":-89.4101189,"name":"Zimbrick Buick/GMC West","neighborhood":"Leopold","postal_code":"53713","review_count":20,"stars":3.5,"state":"WI"}
{"address":"1831 E Washington Ave","attributes":{"BusinessAcceptsCreditCards":true},"business_id":"1-v3K9wtbUkEjEKfw4wTDg","categories":["Auto Repair","Keys & Locksmiths","Professional Services","Automotive","Towing","Boat Repair","Home Services"],"city":"Madison","hours":{"Friday":"8:00-16:30","Monday":"8:00-16:30","Saturday":"10:00-11:30","Sunday":"0:00-0:00","Thursday":"8:00-16:30","Tuesday":"8:00-16:30","Wednesday":"8:00-16:30"},"is_open":1,"latitude":43.091066,"longitude":-89.360002,"name":"ARA Of Madison","neighborhood":"Williamson - Marquette","postal_code":"53704","review_count":7,"stars":3.0,"state":"WI"}
{"address":"4716 Verona Rd","attributes":{"BusinessAcceptsBitcoin":false,"BusinessAcceptsCreditCards":true},"business_id":"CdYA0EX8rLKm1NFYrhJb4A","categories":["Home Services","Self Storage","Local Services","Truck Rental","Propane","Movers","Automotive","Towing"],"city":"Madison","hours":{"Friday":"7:00-20:00","Monday":"7:00-19:00","Saturday":"7:00-19:00","Sunday":"9:00-17:00","Thursday":"7:00-19:00","Tuesday":"7:00-19:00","Wednesday":"7:00-19:00"},"is_open":1,"latitude":43.0344786843,"longitude":-89.457721168,"name":"U-Haul Moving & Storage at Verona Road","neighborhood":"","postal_code":"53711","review_count":16,"stars":2.0,"state":"WI"}
{"address":"3900 Monona Dr","attributes":{},"business_id":"DtXgJ70VoHYPUYdpV_SBWw","categories":["Auto Parts & Supplies","Automotive","Auto Repair","Body Shops","Oil Change Stations"],"city":"Madison","hours":{"Friday":"8:00-16:30","Monday":"8:00-16:30","Thursday":"8:00-16:30","Tuesday":"8:00-16:30","Wednesday":"8:00-16:30"},"is_open":1,"latitude":43.0833103,"longitude":-89.3244323,"name":"Exhaust Pros Muffler Shop","neighborhood":"Lake Edge","postal_code":"53716","review_count":5,"stars":3.5,"state":"WI"}
{"address":"2202 University Ave","attributes":{},"business_id":"PAneX9WAf7Gn7tsgzY5zpA","categories":["Car Wash","Automotive"],"city":"Madison","hours":{"Friday":"8:00-17:30","Monday":"8:00-17:30","Saturday":"8:00-17:30","Sunday":"9:00-17:00","Thursday":"8:00-17:30","Tuesday":"8:00-17:30","Wednesday":"8:00-17:30"},"is_open":0,"latitude":43.071727249,"longitude":-89.4606806302,"name":"Octopus Car Wash","neighborhood":"","postal_code":"53705","review_count":29,"stars":3.0,"state":"WI"}
{"address":"12 N Few St","attributes":{},"business_id":"ra4o3DLiO-ETckeS4UbF_w","categories":["Automotive","Motorcycle Dealers"],"city":"Madison","hours":{"Friday":"9:00-17:00","Monday":"9:00-18:00","Saturday":"10:00-15:00","Thursday":"9:00-17:00","Tuesday":"9:00-17:00","Wednesday":"9:00-17:00"},"is_open":1,"latitude":43.0861878,"longitude":-89.3687714,"name":"Scooter Therapy","neighborhood":"Tenney - Lapham","postal_code":"53703","review_count":4,"stars":3.0,"state":"WI"}
{"address":"522 S Gammon Rd","attributes":{"BusinessAcceptsCreditCards":false},"business_id":"5TU65pDNdIB4nxxrpaarEA","categories":["Automotive","Oil Change Stations","Tires","Auto Repair"],"city":"Madison","hours":{"Friday":"8:00-18:00","Monday":"8:00-18:00","Saturday":"8:00-18:00","Sunday":"10:00-17:00","Thursday":"8:00-18:00","Tuesday":"8:00-18:00","Wednesday":"8:00-18:00"},"is_open":1,"latitude":43.054574,"longitude":-89.504424,"name":"Sears Auto Center","neighborhood":"","postal_code":"53719","review_count":8,"stars":2.5,"state":"WI"}
{"address":"302 W Beltline Hwy","attributes":{"BusinessAcceptsCreditCards":true},"business_id":"G65yipCa-UKCcZTH135IAw","categories":["Automotive","Auto Glass Services","Windshield Installation & Repair"],"city":"Madison","hours":{"Friday":"8:00-17:00","Monday":"8:00-17:00","Saturday":"7:30-17:00","Thursday":"8:00-17:00","Tuesday":"8:00-17:00","Wednesday":"8:00-17:00"},"is_open":1,"latitude":43.040044,"longitude":-89.382092,"name":"Safelite AutoGlass","neighborhood":"Capitol View Heights","postal_code":"53713","review_count":6,"stars":4.0,"state":"WI"}
{"address":"458 Commerce Dr","attributes":{"BusinessAcceptsCreditCards":true},"business_id":"lWIT5YR2JtryDRWAOU1MjQ","categories":["Auto Parts & Supplies","Tires","Automotive","Auto Repair","Oil Change Stations"],"city":"Madison","hours":{"Friday":"7:00-20:00","Monday":"7:00-20:00","Saturday":"7:00-18:00","Sunday":"9:00-17:00","Thursday":"7:00-20:00","Tuesday":"7:00-20:00","Wednesday":"7:00-20:00"},"is_open":1,"latitude":43.057104,"longitude":-89.523289,"name":"Tires Plus","neighborhood":"","postal_code":"53719","review_count":18,"stars":3.5,"state":"WI"}
{"address":"5402 High Crossing Blvd","attributes":{"BusinessAcceptsCreditCards":true},"business_id":"s-7U5m1EFlOPhA4T3953YQ","categories":["Auto Parts & Supplies","Auto Repair","Automotive","Car Dealers","Commercial Truck Dealers"],"city":"Madison","hours":{"Friday":"7:00-18:00","Monday":"7:00-18:00","Saturday":"8:00-14:00","Thursday":"7:00-18:00","Tuesday":"7:00-18:00","Wednesday":"7:00-18:00"},"is_open":1,"latitude":43.141503,"longitude":-89.287314,"name":"Zimbrick Buick GMC Eastside","neighborhood":"High Crossing","postal_code":"53718","review_count":7,"stars":4.5,"state":"WI"}
{"address":"2424 S Stoughton Rd","attributes":{},"business_id":"-urPlVvPdWIfVtAZuZqkrQ","categories":["Car Dealers","Auto Repair","Automotive"],"city":"Madison","hours":{},"is_open":1,"latitude":43.0630442,"longitude":-89.3104544,"name":"Schoepp Motors East","neighborhood":"Glendale","postal_code":"53716","review_count":7,"stars":2.5,"state":"WI"}
{"address":"320 W Beltline Hwy","attributes":{"BusinessAcceptsCreditCards":true},"business_id":"GMBM2_vyM7xSKUulBWRa-g","categories":["Car Dealers","Automotive","Auto Parts & Supplies","Auto Repair"],"city":"Madison","hours":{},"is_open":1,"latitude":43.0395726,"longitude":-89.383649,"name":"Zimbrick Hyundai West","neighborhood":"Capitol View Heights","postal_code":"53713","review_count":10,"stars":3.5,"state":"WI"}
{"address":"43 East Towne Mall","attributes":{},"business_id":"MhWEXv3XYy7iNzCQAVBkfg","categories":["Automotive","Auto Repair","Tires","Oil Change Stations"],"city":"Madison","hours":{"Friday":"8:00-18:00","Monday":"8:00-18:00","Saturday":"8:00-18:00","Sunday":"10:00-17:00","Thursday":"8:00-18:00","Tuesday":"8:00-18:00","Wednesday":"8:00-18:00"},"is_open":1,"latitude":43.123753,"longitude":-89.306445,"name":"Sears Auto Center","neighborhood":"","postal_code":"53704","review_count":3,"stars":1.0,"state":"WI"}
{"address":"5201 High Crossing Blvd","attributes":{"BusinessAcceptsCreditCards":true,"BusinessParking":{"garage":false,"lot":false,"street":false,"valet":false,"validated":false},"RestaurantsPriceRange2":2},"business_id":"cezA2kZ-seryeaqZkKLKjw","categories":["Shopping","IT Services & Computer Repair","Appliances","Furniture Stores","Home & Garden","Car Stereo Installation","Local Services","Electronics","Automotive","Computers"],"city":"Madison","hours":{"Friday":"10:00-21:00","Monday":"10:00-21:00","Saturday":"10:00-21:00","Thursday":"10:00-21:00","Tuesday":"10:00-21:00","Wednesday":"10:00-21:00"},"is_open":0,"latitude":43.1366889,"longitude":-89.2892789,"name":"American TV & Appliance","neighborhood":"High Crossing","postal_code":"53718","review_count":4,"stars":1.0,"state":"WI"}
{"address":"46 Collins Ct","attributes":{"BusinessAcceptsCreditCards":false},"business_id":"ge-pu_o0XBsfXiTG7I5PfQ","categories":["Automotive","Parking"],"city":"Madison","hours":{},"is_open":1,"latitude":43.0474901035,"longitude":-89.3042933636,"name":"Dutch Mill Park & Ride","neighborhood":"","postal_code":"53716","review_count":6,"stars":2.0,"state":"WI"}
{"address":"1032 E Washington","attributes":{"BusinessAcceptsCreditCards":true},"business_id":"lLLS7UrflprEv0Cu0R_jcw","categories":["Automotive","Tires","Auto Repair"],"city":"Madison","hours":{"Friday":"7:30-18:00","Monday":"7:30-18:00","Saturday":"8:00-16:00","Thursday":"7:30-18:00","Tuesday":"7:30-18:00","Wednesday":"7:30-18:00"},"is_open":1,"latitude":43.084564,"longitude":-89.3709472,"name":"Car-X Tire & Auto","neighborhood":"Tenney - Lapham","postal_code":"53703","review_count":4,"stars":3.0,"state":"WI"}
{"address":"6805 Seybold Rd","attributes":{"BusinessAcceptsCreditCards":true},"business_id":"scQjDK6rLJmy6H9okgs81g","categories":["Auto Repair","Automotive"],"city":"Madison","hours":{"Friday":"7:30-17:30","Monday":"7:30-17:30","Thursday":"7:30-17:30","Tuesday":"7:30-17:30","Wednesday":"7:30-17:30"},"is_open":1,"latitude":43.0511382,"longitude":-89.5003942,"name":"Foreign Car Specialists","neighborhood":"","postal_code":"53719","review_count":9,"stars":4.0,"state":"WI"}
{"address":"2303 W Beltline Hwy","attributes":{"BusinessAcceptsCreditCards":true},"business_id":"DTFhUr2XjHCct4sia2QRRw","categories":["Auto Repair","Body Shops","Tires","Auto Parts & Supplies","Car Dealers","Automotive"],"city":"Madison","hours":{"Friday":"9:00-18:00","Monday":"9:00-20:00","Saturday":"9:00-17:00","Thursday":"9:00-20:00","Tuesday":"9:00-20:00","Wednesday":"9:00-20:00"},"is_open":1,"latitude":43.0340630738,"longitude":-89.4194365293,"name":"Kayser Ford Lincoln","neighborhood":"","postal_code":"53713","review_count":19,"stars":4.0,"state":"WI"}
{"address":"1501 South Park Street","attributes":{"BusinessAcceptsCreditCards":true},"business_id":"XZT29kd3ZK7YxbIHIjTT3A","categories":["Tires","Automotive","Auto Repair","Oil Change Stations"],"city":"Madison","hours":{"Friday":"7:30-18:00","Monday":"7:30-20:00","Saturday":"7:30-16:00","Thursday":"7:30-18:00","Tuesday":"7:30-18:00","Wednesday":"7:30-18:00"},"is_open":1,"latitude":43.0505305,"longitude":-89.393836,"name":"Midas","neighborhood":"Bay Creek","postal_code":"53715","review_count":8,"stars":3.5,"state":"WI"}
{"address":"2452 E Springs Dr","attributes":{"BikeParking":true,"BusinessAcceptsCreditCards":true,"BusinessParking":{"garage":false,"lot":true,"street":false,"valet":false,"validated":false},"RestaurantsPriceRange2":2},"business_id":"rVWcq9Rt0C7Nbw4h-4X0PQ","categories":["Local Services","Automotive","Computers","IT Services & Computer Repair","Shopping","Car Stereo Installation"],"city":"Madison","hours":{"Friday":"10:00-21:00","Monday":"10:00-21:00","Saturday":"10:00-21:00","Sunday":"10:00-20:00","Thursday":"10:00-21:00","Tuesday":"10:00-21:00","Wednesday":"10:00-21:00"},"is_open":1,"latitude":43.1294068,"longitude":-89.2989696,"name":"Best Buy","neighborhood":"","postal_code":"53704","review_count":30,"stars":2.5,"state":"WI"}
{"address":"3501 Lancaster Dr","attributes":{"BusinessAcceptsCreditCards":true},"business_id":"tLb6RFiHtiElWxJV3GHBbg","categories":["Car Dealers","Automotive","Auto Repair"],"city":"Madison","hours":{"Friday":"8:00-18:00","Monday":"8:00-20:00","Saturday":"8:00-17:00","Thursday":"8:00-20:00","Tuesday":"8:00-20:00","Wednesday":"8:00-20:00"},"is_open":1,"latitude":43.140013,"longitude":-89.289802,"name":"East Madison Toyota","neighborhood":"High Crossing","postal_code":"53718","review_count":26,"stars":3.0,"state":"WI"}
{"address":"2733 University Ave","attributes":{"BusinessAcceptsCreditCards":true},"business_id":"noPOw3LKkC_nSFWB4DWORA","categories":["Auto Repair","Automotive"],"city":"Madison","hours":{"Friday":"7:00-17:30","Monday":"7:00-17:30","Thursday":"7:00-17:30","Tuesday":"7:00-17:30","Wednesday":"7:00-17:30"},"is_open":1,"latitude":43.073536,"longitude":-89.435131,"name":"Car Care Clinic","neighborhood":"Regent","postal_code":"53705","review_count":9,"stars":4.5,"state":"WI"}
{"address":"4001 E Towne Blvd","attributes":{"BusinessAcceptsCreditCards":true},"business_id":"Ft2lpJSeHxqNj7pWHEqIhw","categories":["Automotive","Car Wash"],"city":"Madison","hours":{"Friday":"8:00-18:00","Monday":"8:00-18:00","Saturday":"8:00-18:00","Sunday":"9:00-17:00","Thursday":"8:00-18:00","Tuesday":"8:00-18:00","Wednesday":"8:00-18:00"},"is_open":1,"latitude":43.122767,"longitude":-89.311909,"name":"Mermaid Car Wash","neighborhood":"","postal_code":"53704","review_count":20,"stars":2.0,"state":"WI"}
{"address":"3333 Femrite Dr","attributes":{},"business_id":"AjbKviT_e8okVt-4nG4NuQ","categories":["Active Life","Sporting Goods","Motorcycle Dealers","Shopping","RV Dealers","Automotive","Motorcycle Repair"],"city":"Madison","hours":{"Friday":"9:00-18:00","Monday":"9:00-18:00","Saturday":"10:00-15:00","Thursday":"9:00-18:00","Tuesday":"9:00-18:00","Wednesday":"9:00-18:00"},"is_open":1,"latitude":43.050612,"longitude":-89.258966,"name":"Suters Speed Shop","neighborhood":"","postal_code":"53718","review_count":5,"stars":4.0,"state":"WI"}
{"address":"4822 Pflaum Rd","attributes":{"BusinessAcceptsCreditCards":true},"business_id":"zBAJuQaH_yyHeSiVWE-eXA","categories":["Oil Change Stations","Tires","Auto Repair","Automotive"],"city":"Madison","hours":{"Friday":"8:00-18:00","Monday":"8:00-18:00","Thursday":"8:00-18:00","Tuesday":"8:00-18:00","Wednesday":"8:00-18:00"},"is_open":1,"latitude":43.062866,"longitude":-89.298309,"name":"Dave's Auto Service","neighborhood":"","postal_code":"53718","review_count":5,"stars":3.5,"state":"WI"}
{"address":"1345 Applegate Rd","attributes":{"BusinessAcceptsCreditCards":true},"business_id":"TV25r0A7kr0K6Xf_o0NfEg","categories":["Automotive","Auto Parts & Supplies","Keys & Locksmiths","Towing","Car Dealers","Body Shops","Home Services","Auto Repair"],"city":"Madison","hours":{"Friday":"8:00-18:00","Monday":"8:00-20:00","Saturday":"8:00-17:00","Thursday":"8:00-20:00","Tuesday":"8:00-20:00","Wednesday":"8:00-20:00"},"is_open":1,"latitude":43.0323848,"longitude":-89.4061822,"name":"Bergstrom Chevrolet of Madison","neighborhood":"","postal_code":"53713","review_count":12,"stars":4.0,"state":"WI"}
{"address":"1217 Greenway Cross","attributes":{"BusinessAcceptsCreditCards":true},"business_id":"dsuXH9W3LpyT7mPzcFWslg","categories":["Auto Parts & Supplies","Auto Repair","Car Dealers","Oil Change Stations","Automotive","Towing"],"city":"Madison","hours":{"Friday":"7:00-20:00","Monday":"7:00-20:00","Saturday":"7:00-17:00","Sunday":"7:00-17:00","Thursday":"7:00-20:00","Tuesday":"7:00-20:00","Wednesday":"7:00-20:00"},"is_open":1,"latitude":43.0307439,"longitude":-89.40397,"name":"Applegate Auto","neighborhood":"","postal_code":"53713","review_count":3,"stars":3.5,"state":"WI"}
{"address":"5234 High Crossing Blvd","attributes":{"BusinessAcceptsCreditCards":true},"business_id":"FSNZwVj79qgyQcv5UBBOiA","categories":["Car Dealers","Auto Parts & Supplies","Automotive","Auto Repair"],"city":"Madison","hours":{"Friday":"7:00-20:00","Monday":"7:00-20:00","Saturday":"8:00-17:00","Thursday":"7:00-20:00","Tuesday":"7:00-20:00","Wednesday":"7:00-20:00"},"is_open":1,"latitude":43.1357982664,"longitude":-89.2911588773,"name":"Russ Darrow Mazda of Madison","neighborhood":"High Crossing","postal_code":"53718","review_count":6,"stars":2.5,"state":"WI"}
{"address":"2528 Todd Dr","attributes":{"BusinessAcceptsCreditCards":true},"business_id":"txkrTKuzsBrHlPHFe6Mo_w","categories":["Electronics","Shopping","Car Stereo Installation","Automotive"],"city":"Madison","hours":{"Friday":"9:00-17:00","Monday":"16:00-22:00","Saturday":"10:00-16:00","Sunday":"9:00-21:00","Thursday":"9:00-18:00","Tuesday":"9:00-18:00","Wednesday":"11:00-18:00"},"is_open":1,"latitude":43.0376614,"longitude":-89.4228089,"name":"Flynn Audio","neighborhood":"","postal_code":"53713","review_count":3,"stars":5.0,"state":"WI"}
{"address":"902 Atlas Ave","attributes":{},"business_id":"DxLy5o412nK6_BIXgWPUoA","categories":["Convenience Stores","Auto Repair","Food","Automotive","Tires","Oil Change Stations","Gas Stations"],"city":"Madison","hours":{"Friday":"5:30-18:00","Monday":"5:30-18:00","Saturday":"8:00-18:00","Sunday":"9:00-15:00","Thursday":"5:30-18:00","Tuesday":"5:30-18:00","Wednesday":"5:30-18:00"},"is_open":1,"latitude":43.0846512,"longitude":-89.3074559,"name":"DB's Service Center","neighborhood":"","postal_code":"53714","review_count":5,"stars":2.5,"state":"WI"}
{"address":"5610 Odana Rd","attributes":{"BusinessAcceptsCreditCards":true},"business_id":"UMVyDaHpLpDlYCQsOqH_xA","categories":["Auto Repair","Tires","Automotive","Auto Parts & Supplies","Wheel & Rim Repair"],"city":"Madison","hours":{"Friday":"8:00-18:00","Monday":"8:00-18:00","Thursday":"8:00-18:00","Tuesday":"8:00-18:00","Wednesday":"8:00-18:00"},"is_open":1,"latitude":43.0504469,"longitude":-89.4770977,"name":"Capitol Tire and Service","neighborhood":"","postal_code":"53719","review_count":13,"stars":4.5,"state":"WI"}
{"address":"4313 Nakoosa Trl","attributes":{"BusinessAcceptsCreditCards":true},"business_id":"qKDVI-AQ8GeGvtnDuHF4MQ","categories":["Tires","Automotive","Wheel & Rim Repair","Auto Repair"],"city":"Madison","hours":{"Friday":"7:00-17:30","Monday":"7:00-17:30","Thursday":"7:00-17:30","Tuesday":"7:00-17:30","Wednesday":"7:00-17:30"},"is_open":1,"latitude":43.1098479853,"longitude":-89.3085533381,"name":"Smith's Service Center Of Madison","neighborhood":"Burke Heights","postal_code":"53714","review_count":4,"stars":4.0,"state":"WI"}
{"address":"2613 Ski Ln","attributes":{"BusinessAcceptsCreditCards":true},"business_id":"lrHE_3IRHm3nb73ofHvHIw","categories":["Body Shops","Oil Change Stations","Wheel & Rim Repair","Towing","Tires","Auto Repair","Keys & Locksmiths","Home Services","Roadside Assistance","Automotive"],"city":"Madison","hours":{"Friday":"0:00-0:00","Monday":"0:00-0:00","Saturday":"0:00-0:00","Sunday":"0:00-0:00","Thursday":"0:00-0:00","Tuesday":"0:00-0:00","Wednesday":"0:00-0:00"},"is_open":1,"latitude":43.0333077,"longitude":-89.3882024,"name":"Maurice and Sons Roadside Rescue","neighborhood":"","postal_code":"53713","review_count":5,"stars":5.0,"state":"WI"}
{"address":"1039 E Washington Ave","attributes":{"BusinessAcceptsCreditCards":true},"business_id":"qcZ6fUwsBSV3k3Rf8_miJQ","categories":["Auto Detailing","Car Wash","Automotive"],"city":"Madison","hours":{"Friday":"7:30-18:00","Monday":"7:30-18:00","Saturday":"7:30-18:00","Sunday":"9:00-17:00","Thursday":"7:30-18:00","Tuesday":"7:30-18:00","Wednesday":"7:30-18:00"},"is_open":1,"latitude":43.0843408,"longitude":-89.3696781,"name":"Mister Car Wash","neighborhood":"Williamson - Marquette","postal_code":"53703","review_count":12,"stars":2.0,"state":"WI"}
{"address":"5325 Old Middleton Rd","attributes":{"BusinessAcceptsCreditCards":true},"business_id":"k9gd7PMu3wX1TQBmFGSyWw","categories":["Automotive","Auto Repair"],"city":"Madison","hours":{"Friday":"7:30-12:00","Monday":"7:30-17:00","Thursday":"7:30-17:00","Tuesday":"7:30-17:00","Wednesday":"7:30-17:00"},"is_open":1,"latitude":43.0739344,"longitude":-89.4717526,"name":"Crestwood Auto Clinic","neighborhood":"Glen Oak Hills","postal_code":"53705","review_count":5,"stars":5.0,"state":"WI"}
{"address":"4001 Felland Rd, Ste 103","attributes":{"BusinessAcceptsCreditCards":true},"business_id":"cgnsicw7Mv39lS-YfNlh9Q","categories":["Home Services","Car Stereo Installation","Windshield Installation & Repair","Auto Glass Services","Auto Parts & Supplies","Auto Customization","Auto Detailing","Home Window Tinting","Automotive"],"city":"Madison","hours":{"Friday":"8:00-18:00","Monday":"8:00-18:00","Thursday":"8:00-18:00","Tuesday":"8:00-18:00","Wednesday":"8:00-18:00"},"is_open":1,"latitude":43.1067390442,"longitude":-89.2765579224,"name":"The Tint Factory","neighborhood":"","postal_code":"53718","review_count":4,"stars":5.0,"state":"WI"}
{"address":"4726 E Broadway","attributes":{"BusinessAcceptsCreditCards":true},"business_id":"3uzls5LOdKbX7dIwowM2gw","categories":["Auto Customization","Automotive","Oil Change Stations","Auto Repair","Tires"],"city":"Madison","hours":{"Friday":"8:00-18:00","Monday":"8:00-18:00","Thursday":"8:00-18:00","Tuesday":"8:00-18:00","Wednesday":"8:00-18:00"},"is_open":1,"latitude":43.0484596,"longitude":-89.3002712,"name":"J & L Automotive And 4-Wheel Drive Center","neighborhood":"","postal_code":"53716","review_count":4,"stars":4.0,"state":"WI"}
{"address":"1200 Applegate Rd","attributes":{},"business_id":"Zac0zz_vm6LtDkqxoWVWgQ","categories":["Automotive","Car Dealers","Auto Repair"],"city":"Madison","hours":{"Friday":"8:00-18:00","Monday":"8:00-20:00","Saturday":"8:00-17:00","Thursday":"8:00-20:00","Tuesday":"8:00-20:00","Wednesday":"8:00-20:00"},"is_open":1,"latitude":43.0337208,"longitude":-89.4035216,"name":"Bergstrom Cadillac of Madison","neighborhood":"","postal_code":"53713","review_count":3,"stars":4.0,"state":"WI"}
{"address":"1589 Greenway Cross","attributes":{"BusinessAcceptsCreditCards":true},"business_id":"f2Jqae40BGRlokenLGgNuQ","categories":["Automotive","Motorcycle Repair","Motorcycle Dealers"],"city":"Madison","hours":{"Friday":"9:00-18:00","Monday":"9:00-18:00","Saturday":"9:00-15:00","Thursday":"9:00-18:00","Tuesday":"9:00-18:00","Wednesday":"9:00-18:00"},"is_open":1,"latitude":43.030774,"longitude":-89.4077716,"name":"Engelhart Motorsports","neighborhood":"","postal_code":"53713","review_count":4,"stars":4.0,"state":"WI"}
{"address":"801 Atlas Ave, Ste 103","attributes":{"BusinessAcceptsCreditCards":true},"business_id":"QRYsyYbCdJx2UU7ILc1spA","categories":["Automotive","Car Wash","Auto Detailing"],"city":"Madison","hours":{"Friday":"7:00-17:00","Monday":"7:00-17:00","Thursday":"7:00-17:00","Tuesday":"7:00-17:00","Wednesday":"7:00-17:00"},"is_open":1,"latitude":43.085667,"longitude":-89.308601,"name":"Madison Auto Detail","neighborhood":"","postal_code":"53714","review_count":7,"stars":3.5,"state":"WI"}
{"address":"2216 University Ave","attributes":{"BikeParking":true,"BusinessAcceptsCreditCards":true,"BusinessParking":{"garage":false,"lot":false,"street":false,"valet":false,"validated":false},"RestaurantsPriceRange2":1,"RestaurantsTakeOut":true},"business_id":"vNSaUpD6LSqxA93WjXMsKQ","categories":["Convenience Stores","Food","Automotive","Gas Stations"],"city":"Madison","hours":{},"is_open":1,"latitude":43.0728872582,"longitude":-89.4248854369,"name":"7-Eleven","neighborhood":"Regent","postal_code":"53726","review_count":4,"stars":2.0,"state":"WI"}
{"address":"1039 E Washington Ave","attributes":{},"business_id":"J77Dyu44UhypN7PyRRd9RQ","categories":["Automotive","Car Wash"],"city":"Madison","hours":{"Friday":"8:00-17:30","Monday":"8:00-17:30","Saturday":"8:00-17:30","Sunday":"9:00-17:00","Thursday":"8:00-17:30","Tuesday":"8:00-17:30","Wednesday":"8:00-17:30"},"is_open":0,"latitude":43.0843408,"longitude":-89.3696781,"name":"Octopus Car Wash","neighborhood":"Williamson - Marquette","postal_code":"53703","review_count":19,"stars":3.0,"state":"WI"}
{"address":"414 Commerce Dr","attributes":{"BusinessAcceptsCreditCards":true},"business_id":"kZkDiB0DwZ_FKy5fvAFRbA","categories":["Tires","Auto Repair","Automotive","Oil Change Stations"],"city":"Madison","hours":{"Friday":"7:30-18:00","Monday":"7:30-18:00","Saturday":"7:30-16:00","Thursday":"7:30-18:00","Tuesday":"7:30-18:00","Wednesday":"7:30-18:00"},"is_open":1,"latitude":43.059903,"longitude":-89.52669,"name":"Meineke Car Care Center","neighborhood":"","postal_code":"53719","review_count":11,"stars":2.5,"state":"WI"}
{"address":"22 Atlas Ct","attributes":{"BusinessAcceptsBitcoin":false,"BusinessAcceptsCreditCards":true},"business_id":"aCU2KqIXOVQYTZXwQAy5OA","categories":["Truck Rental","Movers","Home Services","Automotive","Propane","Local Services","Self Storage"],"city":"Madison","hours":{"Friday":"7:00-20:00","Monday":"7:00-19:00","Saturday":"7:00-19:00","Sunday":"9:00-17:00","Thursday":"7:00-19:00","Tuesday":"7:00-19:00","Wednesday":"7:00-19:00"},"is_open":1,"latitude":43.0862534,"longitude":-89.3079163,"name":"U-Haul Moving & Storage of Eastside","neighborhood":"","postal_code":"53714","review_count":3,"stars":2.5,"state":"WI"}
{"address":"437 Commerce Dr","attributes":{},"business_id":"eL1RV15Wt3ox1gwXraCz2g","categories":["Auto Repair","Oil Change Stations","Tires","Automotive"],"city":"Madison","hours":{"Friday":"8:00-18:00","Monday":"8:00-18:00","Saturday":"8:00-17:00","Sunday":"9:00-16:00","Thursday":"8:00-18:00","Tuesday":"8:00-18:00","Wednesday":"8:00-18:00"},"is_open":1,"latitude":43.0594582106,"longitude":-89.5231193304,"name":"Goodyear Auto Service Center","neighborhood":"","postal_code":"53719","review_count":7,"stars":2.5,"state":"WI"}
{"address":"3690 Commerce Dr","attributes":{},"business_id":"US8gbxm12stL1JPejo2KSg","categories":["Truck Rental","Automotive"],"city":"Madison","hours":{"Friday":"8:30-17:00","Monday":"8:30-17:00","Saturday":"10:00-12:00","Thursday":"8:30-17:00","Tuesday":"8:30-17:00","Wednesday":"8:30-17:00"},"is_open":1,"latitude":43.0580671,"longitude":-89.522313,"name":"Penske","neighborhood":"","postal_code":"53719","review_count":4,"stars":5.0,"state":"WI"}
{"address":"648 S Whitney Way","attributes":{"BusinessAcceptsCreditCards":true},"business_id":"fgoxZ6mnoH59N-E4TUslgw","categories":["Wheel & Rim Repair","Automotive","Auto Repair","Oil Change Stations"],"city":"Madison","hours":{"Friday":"7:00-19:00","Monday":"7:00-19:00","Saturday":"7:00-19:00","Sunday":"9:00-17:00","Thursday":"7:00-19:00","Tuesday":"7:00-19:00","Wednesday":"7:00-19:00"},"is_open":1,"latitude":43.0529735,"longitude":-89.4737155,"name":"Jiffy Lube","neighborhood":"","postal_code":"53711","review_count":5,"stars":3.5,"state":"WI"}
{"address":"3140 Maple Valley Dr","attributes":{},"business_id":"jVagN3c3ogpK7LvVOF9gdA","categories":["Automotive","Wheel & Rim Repair","Auto Repair","Gas Stations","Oil Change Stations"],"city":"Madison","hours":{"Friday":"7:00-19:00","Monday":"7:00-19:00","Saturday":"7:00-19:00","Sunday":"9:00-17:00","Thursday":"7:00-19:00","Tuesday":"7:00-19:00","Wednesday":"7:00-19:00"},"is_open":1,"latitude":43.0160229,"longitude":-89.4975558,"name":"Jiffy Lube","neighborhood":"Maple - Prairie","postal_code":"53719","review_count":12,"stars":3.5,"state":"WI"}
{"address":"99 S Stoughton Rd","attributes":{"BusinessAcceptsCreditCards":true},"business_id":"mTgi_KD0FGetzAao-KlvBg","categories":["Transmission Repair","Auto Repair","Automotive"],"city":"Madison","hours":{"Friday":"7:30-17:00","Monday":"7:30-17:00","Thursday":"7:30-17:00","Tuesday":"7:30-17:00","Wednesday":"7:30-17:00"},"is_open":1,"latitude":43.096222,"longitude":-89.314669,"name":"Eastside Transmission Service","neighborhood":"Rolling Meadows","postal_code":"53714","review_count":5,"stars":4.0,"state":"WI"}
{"address":"5331 Wayne Ter","attributes":{"BusinessAcceptsCreditCards":true},"business_id":"Yfv6gPNdLomtKqFaiM3yFQ","categories":["Car Wash","Auto Parts & Supplies","Automotive","Auto Detailing"],"city":"Madison","hours":{"Friday":"8:00-17:00","Monday":"8:00-17:00","Saturday":"8:00-12:00","Thursday":"8:00-17:00","Tuesday":"8:00-17:00","Wednesday":"8:00-17:00"},"is_open":1,"latitude":43.140803,"longitude":-89.2894649,"name":"Madison Auto Trim","neighborhood":"High Crossing","postal_code":"53718","review_count":3,"stars":4.5,"state":"WI"}
{"address":"1621 Beld St","attributes":{"BusinessAcceptsCreditCards":false,"ByAppointmentOnly":false},"business_id":"mtPysxcGum7ga5XZ4pC7Ww","categories":["Towing","Home Services","Keys & Locksmiths","Automotive"],"city":"Madison","hours":{"Friday":"6:00-6:00","Monday":"6:00-6:00","Saturday":"6:00-6:00","Sunday":"6:00-6:00","Thursday":"6:00-6:00","Tuesday":"6:00-6:00","Wednesday":"6:00-6:00"},"is_open":1,"latitude":43.0504226,"longitude":-89.390177,"name":"Schmidt's Auto","neighborhood":"Bay Creek","postal_code":"53715","review_count":8,"stars":3.0,"state":"WI"}
{"address":"1430 N Stoughton Rd","attributes":{"BusinessAcceptsCreditCards":true},"business_id":"rjuXZtfjhkIrF0lamHm2OA","categories":["Automotive","Auto Detailing","Auto Repair","Car Dealers"],"city":"Madison","hours":{"Friday":"7:00-18:00","Monday":"7:00-20:00","Saturday":"8:30-16:00","Thursday":"7:00-20:00","Tuesday":"7:00-18:00","Wednesday":"7:00-18:00"},"is_open":1,"latitude":43.1151602,"longitude":-89.3235678,"name":"Zimbrick Volkswagen of Madison","neighborhood":"Hawthorne","postal_code":"53714","review_count":21,"stars":3.5,"state":"WI"}
{"address":"1405 S Park St","attributes":{"BusinessAcceptsCreditCards":true},"business_id":"vhB6K_cRtjDfK0nv0RSX3w","categories":["Oil Change Stations","Automotive","Auto Repair","Auto Parts & Supplies"],"city":"Madison","hours":{"Friday":"7:00-18:00","Monday":"7:00-18:00","Thursday":"7:00-18:00","Tuesday":"7:00-18:00","Wednesday":"7:00-18:00"},"is_open":1,"latitude":43.0509894,"longitude":-89.3939179,"name":"Hansen's Auto","neighborhood":"Bay Creek","postal_code":"53715","review_count":16,"stars":5.0,"state":"WI"}
{"address":"1233 Regent St","attributes":{"BusinessAcceptsCreditCards":true},"business_id":"HjIZg0MUTM3qVb6quOoO7A","categories":["Gas Stations","Auto Repair","Automotive"],"city":"Madison","hours":{"Friday":"9:00-17:00","Monday":"9:00-17:00","Thursday":"9:00-17:00","Tuesday":"9:00-17:00","Wednesday":"9:00-17:00"},"is_open":1,"latitude":43.0674711,"longitude":-89.4069273,"name":"Jensen Auto","neighborhood":"Greenbush","postal_code":"53715","review_count":8,"stars":3.5,"state":"WI"}
{"address":"2118 S Stoughton Rd","attributes":{"BusinessAcceptsCreditCards":true},"business_id":"dei67jnanWpRLRL7aRwqAA","categories":["Auto Repair","Automotive","Tires","Oil Change Stations"],"city":"Madison","hours":{"Friday":"7:00-17:30","Monday":"7:00-17:30","Thursday":"7:00-17:30","Tuesday":"7:00-17:30","Wednesday":"7:00-17:30"},"is_open":1,"latitude":43.0670589,"longitude":-89.310409,"name":"Clausen Automotive","neighborhood":"Glendale","postal_code":"53716","review_count":5,"stars":3.5,"state":"WI"}
{"address":"1726 South Park St","attributes":{},"business_id":"t4FmuPOQv6PoN4Ad6CYIQA","categories":["Automotive","Auto Detailing","Auto Glass Services","Auto Repair","Body Shops","Windshield Installation & Repair"],"city":"Madison","hours":{"Friday":"7:30-17:00","Monday":"7:30-17:00","Thursday":"7:30-17:00","Tuesday":"7:30-17:00","Wednesday":"7:30-17:00"},"is_open":1,"latitude":43.048398,"longitude":-89.394131,"name":"Gates Collision Centers - Park Street","neighborhood":"Burr Oaks","postal_code":"53713","review_count":6,"stars":5.0,"state":"WI"}
{"address":"1802 S Park St","attributes":{"BusinessAcceptsCreditCards":false},"business_id":"UYQJ5BdSf3-9jcHTm2tvww","categories":["Recycling Center","Automotive","Car Buyers","Junk Removal & Hauling","Local Services"],"city":"Madison","hours":{"Friday":"7:00-16:00","Monday":"7:00-16:00","Saturday":"8:00-11:30","Sunday":"0:00-0:00","Thursday":"7:00-16:00","Tuesday":"7:00-16:00","Wednesday":"7:00-16:00"},"is_open":1,"latitude":43.045465,"longitude":-89.397136,"name":"All Metals Recycling","neighborhood":"Burr Oaks","postal_code":"53713","review_count":3,"stars":3.5,"state":"WI"}
{"address":"2857 Fish Hatchery Rd","attributes":{"BusinessAcceptsCreditCards":true},"business_id":"rGv0FH58TaBWN4U1LnaDVQ","categories":["Automotive","Oil Change Stations"],"city":"Madison","hours":{"Friday":"8:00-19:00","Monday":"8:00-19:00","Saturday":"8:00-17:00","Sunday":"9:00-17:00","Thursday":"8:00-19:00","Tuesday":"8:00-19:00","Wednesday":"8:00-19:00"},"is_open":1,"latitude":43.029445,"longitude":-89.409871,"name":"Super Lube","neighborhood":"","postal_code":"53713","review_count":6,"stars":4.0,"state":"WI"}
{"address":"4825 American Pkwy","attributes":{"BusinessAcceptsCreditCards":true},"business_id":"X_hTAj84s11HePqZVM55zQ","categories":["Car Wash","Gas Stations","Automotive"],"city":"Madison","hours":{"Friday":"0:00-0:00","Monday":"0:00-0:00","Saturday":"0:00-0:00","Sunday":"0:00-0:00","Thursday":"0:00-0:00","Tuesday":"0:00-0:00","Wednesday":"0:00-0:00"},"is_open":1,"latitude":43.1486501,"longitude":-89.2900168,"name":"Kwik Trip","neighborhood":"","postal_code":"53718","review_count":5,"stars":5.0,"state":"WI"}
{"address":"6802 Watts Rd","attributes":{"BusinessAcceptsCreditCards":true},"business_id":"FzcayTZfOAsIONhCvhFNEg","categories":["Auto Detailing","Car Wash","Automotive"],"city":"Madison","hours":{"Friday":"8:00-17:00","Monday":"8:00-17:00","Saturday":"8:00-15:00","Thursday":"8:00-17:00","Tuesday":"8:00-17:00","Wednesday":"8:00-17:00"},"is_open":1,"latitude":43.0506235,"longitude":-89.4999241,"name":"Capitol Car Cleaners","neighborhood":"","postal_code":"53719","review_count":9,"stars":4.0,"state":"WI"}
{"address":"1-99 Ellis Potter Ct","attributes":{},"business_id":"HhhyAIMPK90gjNaoyE59dQ","categories":["Automotive","Gas Stations"],"city":"Madison","hours":{},"is_open":1,"latitude":43.0466558256,"longitude":-89.4872581959,"name":"BP Station","neighborhood":"","postal_code":"53711","review_count":3,"stars":3.0,"state":"WI"}
{"address":"2014 Freeport Rd","attributes":{"BusinessAcceptsCreditCards":true},"business_id":"_sfusiBwayIdBZwrah7Hhg","categories":["Automotive","Auto Repair"],"city":"Madison","hours":{"Friday":"7:00-17:00","Monday":"7:00-17:30","Thursday":"7:00-17:30","Tuesday":"7:00-17:30","Wednesday":"7:00-17:30"},"is_open":1,"latitude":43.0321478,"longitude":-89.4608834,"name":"Westside Service Center","neighborhood":"Orchard Ridge Community","postal_code":"53711","review_count":10,"stars":5.0,"state":"WI"}
{"address":"2422 Monroe St","attributes":{"BusinessAcceptsCreditCards":true},"business_id":"_Dp6Wfqqt4J0D5rHij-WqQ","categories":["Automotive","Tires","Auto Repair","Oil Change Stations"],"city":"Madison","hours":{"Friday":"8:00-17:30","Monday":"8:00-17:30","Thursday":"8:00-17:30","Tuesday":"8:00-17:30","Wednesday":"8:00-17:30"},"is_open":1,"latitude":43.0586128,"longitude":-89.4273219,"name":"Budd's Auto Repair","neighborhood":"Dudgeon-Monroe","postal_code":"53711","review_count":28,"stars":5.0,"state":"WI"}
{"address":"2317 S Stoughton Rd","attributes":{},"business_id":"OVosy6NN9M541n5qEzRAng","categories":["Car Dealers","Automotive"],"city":"Madison","hours":{},"is_open":1,"latitude":43.0614461,"longitude":-89.3092366,"name":"A To Z Auto Sports","neighborhood":"","postal_code":"53716","review_count":3,"stars":3.5,"state":"WI"}
{"address":"3505 University Ave","attributes":{"BusinessAcceptsCreditCards":true},"business_id":"bbL3Ge6fliSKcfxl3ywEsw","categories":["Automotive","Gas Stations"],"city":"Madison","hours":{"Friday":"7:00-19:30","Monday":"7:00-19:30","Saturday":"8:00-16:00","Thursday":"7:00-19:30","Tuesday":"7:00-19:30","Wednesday":"7:00-19:30"},"is_open":1,"latitude":43.074875,"longitude":-89.447039,"name":"Gennins Mobil Service","neighborhood":"Sunset Village","postal_code":"53705","review_count":4,"stars":3.5,"state":"WI"}
{"address":"5633 Odana Rd","attributes":{"BusinessAcceptsCreditCards":true},"business_id":"8kxknxkhMNj3Swwfg1ft7g","categories":["Tires","Auto Repair","Automotive"],"city":"Madison","hours":{"Friday":"7:30-18:00","Monday":"7:30-18:00","Saturday":"8:00-16:00","Thursday":"7:30-18:00","Tuesday":"7:30-18:00","Wednesday":"7:30-18:00"},"is_open":1,"latitude":43.0496968,"longitude":-89.4787766,"name":"Car-X Tire & Auto","neighborhood":"","postal_code":"53719","review_count":7,"stars":3.5,"state":"WI"}
{"address":"1826 South Stoughton Rd","attributes":{"BusinessAcceptsCreditCards":true},"business_id":"8uD6o6pNa4_QlVv4s7g_qA","categories":["Auto Parts & Supplies","Automotive"],"city":"Madison","hours":{},"is_open":1,"latitude":43.072697,"longitude":-89.310706,"name":"O'Reilly Auto Parts","neighborhood":"Lake Edge","postal_code":"53716","review_count":3,"stars":2.5,"state":"WI"}
{"address":"202 W Beltline Hwy Rimrock Rd","attributes":{"BusinessAcceptsCreditCards":true},"business_id":"bpfLAHVoTT8VRdV2GAXYtA","categories":["Auto Repair","Body Shops","Automotive","Auto Glass Services"],"city":"Madison","hours":{"Friday":"7:30-19:00","Monday":"7:30-19:00","Saturday":"9:00-12:00","Thursday":"7:30-19:00","Tuesday":"7:30-19:00","Wednesday":"7:30-19:00"},"is_open":1,"latitude":43.0418636139,"longitude":-89.3798149294,"name":"Gates Collision Centers - Madison Rimrock Rd","neighborhood":"Capitol View Heights","postal_code":"53713","review_count":17,"stars":2.5,"state":"WI"}
{"address":"202 Regas Rd","attributes":{"BusinessAcceptsCreditCards":true},"business_id":"eTrt2sC9fq9_Vj--vNIr-g","categories":["Transmission Repair","Tires","Auto Repair","Automotive"],"city":"Madison","hours":{"Friday":"8:30-17:30","Monday":"8:30-17:30","Thursday":"8:30-17:30","Tuesday":"8:30-17:30","Wednesday":"8:30-17:30"},"is_open":1,"latitude":43.1005192,"longitude":-89.320108,"name":"Dutch's Auto Service","neighborhood":"Eastmorland","postal_code":"53714","review_count":27,"stars":5.0,"state":"WI"}
{"address":"7869 Big Sky Dr","attributes":{"BusinessAcceptsCreditCards":true},"business_id":"v3_YJLx4qA-GljhMk3npYQ","categories":["Automotive","Auto Repair"],"city":"Madison","hours":{"Friday":"8:00-12:00","Monday":"7:30-17:30","Thursday":"7:30-17:30","Tuesday":"7:30-17:30","Wednesday":"7:30-17:30"},"is_open":1,"latitude":43.0594711304,"longitude":-89.5206069946,"name":"Don The Car Care Man","neighborhood":"","postal_code":"53719","review_count":8,"stars":3.5,"state":"WI"}
{"address":"5901 Odana Rd","attributes":{"BusinessAcceptsCreditCards":true},"business_id":"l1xgRlJuKegHiEaCNbcJoQ","categories":["Automotive","Car Dealers","Auto Repair"],"city":"Madison","hours":{"Friday":"7:00-16:00","Monday":"7:00-19:00","Thursday":"7:00-19:00","Tuesday":"7:00-19:00","Wednesday":"7:00-19:00"},"is_open":1,"latitude":43.0516211,"longitude":-89.4829537,"name":"Smart Motors","neighborhood":"","postal_code":"53719","review_count":14,"stars":2.5,"state":"WI"}
{"address":"5901 Odana Rd","attributes":{"BusinessAcceptsCreditCards":true},"business_id":"fyaURNYm4MCgTIKu64V2fA","categories":["Car Rental","Auto Detailing","Automotive","Hotels & Travel","Auto Repair","Car Dealers"],"city":"Madison","hours":{"Friday":"7:00-18:00","Monday":"7:00-20:00","Saturday":"7:00-17:00","Thursday":"7:00-20:00","Tuesday":"7:00-20:00","Wednesday":"7:00-20:00"},"is_open":1,"latitude":43.0523314,"longitude":-89.4839406,"name":"Smart Motors Toyota Scion","neighborhood":"","postal_code":"53719","review_count":45,"stars":4.0,"state":"WI"}
{"address":"6601 Odana Rd","attributes":{},"business_id":"NuJBUwYZO0k5mLB3-qHTFg","categories":["Automotive","Used Car Dealers","Car Buyers","Car Dealers"],"city":"Madison","hours":{"Friday":"10:00-21:00","Monday":"10:00-21:00","Saturday":"9:00-21:00","Thursday":"10:00-21:00","Tuesday":"10:00-21:00","Wednesday":"10:00-21:00"},"is_open":1,"latitude":43.054637,"longitude":-89.49506,"name":"CarMax","neighborhood":"","postal_code":"53719","review_count":7,"stars":3.5,"state":"WI"}
{"address":"3773 E Washington Ave","attributes":{"BusinessAcceptsCreditCards":true},"business_id":"q7EywQkFp8UYjiZWy2kz5g","categories":["Automotive","Tires","Oil Change Stations","Auto Repair"],"city":"Madison","hours":{"Friday":"7:00-19:00","Monday":"7:00-19:00","Saturday":"7:00-18:00","Sunday":"9:00-16:00","Thursday":"7:00-19:00","Tuesday":"7:00-19:00","Wednesday":"7:00-19:00"},"is_open":1,"latitude":43.1182350725,"longitude":-89.3212603033,"name":"Goodyear Auto Service Center","neighborhood":"Mayfair Park","postal_code":"53704","review_count":4,"stars":2.0,"state":"WI"}
{"address":"2413 S Park St","attributes":{},"business_id":"fddr1wPGJyu0XSr0d5irDQ","categories":["Auto Parts & Supplies","Tires","Automotive","Auto Repair"],"city":"Madison","hours":{"Friday":"7:00-17:00","Monday":"7:00-17:00","Saturday":"7:30-12:30","Sunday":"0:00-0:00","Thursday":"7:00-17:00","Tuesday":"7:00-17:00","Wednesday":"7:00-17:00"},"is_open":1,"latitude":43.0390173,"longitude":-89.3931489,"name":"Comstock Tire & Auto","neighborhood":"Bram's Addition","postal_code":"53713","review_count":6,"stars":4.0,"state":"WI"}
{"address":"6613 Seybold Rd, Suite J","attributes":{},"business_id":"gH0AwTn-tyMiMWXVZiyg-A","categories":["Windshield Installation & Repair","Auto Glass Services","Window Washing","Automotive","Home Services"],"city":"Madison","hours":{"Friday":"10:00-15:00","Monday":"10:00-13:30","Saturday":"10:00-18:00","Sunday":"10:00-18:00","Thursday":"10:00-18:00","Tuesday":"10:00-18:00","Wednesday":"10:00-15:00"},"is_open":1,"latitude":43.0512076,"longitude":-89.4969035,"name":"TintTek","neighborhood":"","postal_code":"53719","review_count":3,"stars":2.5,"state":"WI"}
{"address":"5822 Odana Rd","attributes":{},"business_id":"F3J7PQWvdUekLHa-iCaDwQ","categories":["Automotive","Car Dealers"],"city":"Madison","hours":{"Friday":"9:00-18:00","Monday":"9:00-20:00","Saturday":"9:00-17:00","Thursday":"9:00-20:00","Tuesday":"9:00-20:00","Wednesday":"9:00-20:00"},"is_open":1,"latitude":43.0529459,"longitude":-89.4826982,"name":"Don Miller Dodge West","neighborhood":"","postal_code":"53719","review_count":5,"stars":3.0,"state":"WI"}
{"address":"6505 Odana Rd","attributes":{"BusinessAcceptsCreditCards":true},"business_id":"j5zLNGzzlLsstvYHrBD1Bg","categories":["Auto Repair","Body Shops","Automotive","Wheel & Rim Repair","Auto Glass Services","Windshield Installation & Repair"],"city":"Madison","hours":{"Friday":"7:30-17:30","Monday":"7:30-17:30","Saturday":"9:00-12:00","Thursday":"7:30-17:30","Tuesday":"7:30-17:30","Wednesday":"7:30-17:30"},"is_open":1,"latitude":43.0549909,"longitude":-89.4920891,"name":"ABRA Auto Body & Glass","neighborhood":"","postal_code":"53719","review_count":16,"stars":3.5,"state":"WI"}
{"address":"1601 W Beltline Hwy","attributes":{},"business_id":"JxeWylDVvSdedR_BzPEP7w","categories":["Body Shops","Auto Repair","Auto Parts & Supplies","Automotive","Car Dealers"],"city":"Madison","hours":{"Friday":"8:30-18:00","Monday":"8:30-20:00","Saturday":"8:30-16:00","Thursday":"8:30-20:00","Tuesday":"8:30-20:00","Wednesday":"8:30-20:00"},"is_open":1,"latitude":43.031422,"longitude":-89.40963,"name":"Zimbrick Body Shop","neighborhood":"Leopold","postal_code":"53713","review_count":3,"stars":1.0,"state":"WI"}
{"address":"4104 E Washington Ave","attributes":{"BikeParking":true,"BusinessAcceptsCreditCards":true,"BusinessParking":{"garage":false,"lot":false,"street":false,"valet":false,"validated":false},"RestaurantsPriceRange2":1},"business_id":"_-EQvhO897VEgZ1vphCeoA","categories":["Motorcycle Repair","Motorcycle Gear","Automotive","Shopping","Tires","Motorcycle Dealers","Auto Parts & Supplies","Sporting Goods"],"city":"Madison","hours":{"Friday":"10:00-20:00","Monday":"10:00-19:00","Saturday":"9:00-18:00","Sunday":"10:00-17:00","Thursday":"10:00-19:00","Tuesday":"10:00-19:00","Wednesday":"10:00-19:00"},"is_open":1,"latitude":43.1250048876,"longitude":-89.3139044365,"name":"Cycle Gear","neighborhood":"Norman Acres","postal_code":"53704","review_count":6,"stars":3.5,"state":"WI"}
{"address":"2858 Agriculture Dr","attributes":{"BusinessAcceptsCreditCards":true,"ByAppointmentOnly":true},"business_id":"s1HOPt63iwoeWBd7wiELzg","categories":["Auto Upholstery","Home Theatre Installation","Home Services","Car Stereo Installation","Automotive","Electricians","Auto Customization"],"city":"Madison","hours":{"Friday":"9:00-17:00","Monday":"9:00-17:00","Thursday":"9:00-17:00","Tuesday":"9:00-17:00","Wednesday":"9:00-17:00"},"is_open":1,"latitude":43.0569098631,"longitude":-89.2919337255,"name":"Drew's Audio & Video","neighborhood":"","postal_code":"53718","review_count":6,"stars":4.5,"state":"WI"}
{"address":"522 W Platte Dr","attributes":{"BusinessAcceptsBitcoin":false,"BusinessAcceptsCreditCards":true},"business_id":"zRQWwc9qdF9BlNIW5dNXiw","categories":["Propane","Self Storage","Truck Rental","Home Services","Movers","Automotive","Local Services"],"city":"Madison","hours":{"Friday":"7:00-20:00","Monday":"7:00-19:00","Saturday":"7:00-19:00","Sunday":"9:00-17:00","Thursday":"7:00-19:00","Tuesday":"7:00-19:00","Wednesday":"7:00-19:00"},"is_open":1,"latitude":43.0545037809,"longitude":-89.501649119,"name":"U-Haul Moving & Storage of W Towne","neighborhood":"","postal_code":"53719","review_count":8,"stars":2.5,"state":"WI"}
{"address":"699 S Gammon Rd","attributes":{"BusinessAcceptsCreditCards":true},"business_id":"hbSMYVlJgwP5dLjz0xYJnw","categories":["Gas Stations","Automotive"],"city":"Madison","hours":{},"is_open":1,"latitude":43.0505564,"longitude":-89.5026273,"name":"BP","neighborhood":"","postal_code":"53719","review_count":3,"stars":1.5,"state":"WI"}
{"address":"4915 Voges Rd","attributes":{"BusinessAcceptsBitcoin":false,"BusinessAcceptsCreditCards":true,"BusinessParking":{"garage":false,"lot":true,"street":false,"valet":false,"validated":false},"DogsAllowed":false,"RestaurantsPriceRange2":3,"WheelchairAccessible":true},"business_id":"OeidOqt7n2PvJ9wiKuoV4A","categories":["Automotive","Electronics","Shopping"],"city":"Madison","hours":{"Friday":"8:30-17:00","Monday":"8:30-17:00","Thursday":"8:30-17:00","Tuesday":"8:30-17:00","Wednesday":"8:30-17:00"},"is_open":1,"latitude":43.040321,"longitude":-89.296981,"name":"ProClip","neighborhood":"","postal_code":"53718","review_count":5,"stars":2.5,"state":"WI"}
{"address":"5433 Wayne Ter","attributes":{"BusinessAcceptsCreditCards":true},"business_id":"EkQlmOiWkNlmupJR0TVB6g","categories":["Auto Repair","Financial Services","Commercial Truck Dealers","Automotive","Auto Parts & Supplies","Car Dealers"],"city":"Madison","hours":{"Friday":"8:30-18:00","Monday":"8:30-20:00","Saturday":"8:30-16:00","Thursday":"8:30-20:00","Tuesday":"8:30-18:00","Wednesday":"8:30-18:00"},"is_open":1,"latitude":43.142709,"longitude":-89.285257,"name":"Zimbrick Hyundai Eastside","neighborhood":"High Crossing","postal_code":"53718","review_count":11,"stars":3.5,"state":"WI"}
{"address":"220 Cottage Grove Rd","attributes":{"BusinessAcceptsCreditCards":true},"business_id":"pE8S76rwXc7RO3Vf6aX8yA","categories":["Automotive","Gas Stations","Auto Parts & Supplies","Auto Repair"],"city":"Madison","hours":{"Friday":"6:30-21:00","Monday":"6:30-21:00","Saturday":"7:00-19:00","Sunday":"8:00-18:00","Thursday":"6:30-21:00","Tuesday":"6:30-21:00","Wednesday":"6:30-21:00"},"is_open":1,"latitude":43.083988,"longitude":-89.322187,"name":"Waynes Automotive","neighborhood":"Eastmorland","postal_code":"53716","review_count":5,"stars":4.0,"state":"WI"}
{"address":"1701 Eagan Rd","attributes":{},"business_id":"MlZOcpjE6ykfLU3rgT1y3Q","categories":["Oil Change Stations","Automotive","Auto Repair","Wheel & Rim Repair"],"city":"Madison","hours":{"Friday":"7:00-19:00","Monday":"7:00-19:00","Saturday":"7:00-19:00","Sunday":"9:00-17:00","Thursday":"7:00-19:00","Tuesday":"7:00-19:00","Wednesday":"7:00-19:00"},"is_open":1,"latitude":43.1212644,"longitude":-89.3071198,"name":"Jiffy Lube","neighborhood":"","postal_code":"53704","review_count":18,"stars":1.0,"state":"WI"}
{"address":"2605 Fish Hatchery Rd","attributes":{"BusinessAcceptsCreditCards":true},"business_id":"RRipqWBBK4DD5REQ9979qQ","categories":["Oil Change Stations","Automotive"],"city":"Madison","hours":{"Friday":"7:00-19:00","Monday":"7:00-19:00","Saturday":"7:00-19:00","Sunday":"9:00-17:00","Thursday":"7:00-19:00","Tuesday":"7:00-19:00","Wednesday":"7:00-19:00"},"is_open":1,"latitude":43.03677,"longitude":-89.4049848,"name":"Jiffy Lube","neighborhood":"Burr Oaks","postal_code":"53713","review_count":8,"stars":3.0,"state":"WI"}
{"address":"18 Eastpark Ct","attributes":{"BusinessAcceptsCreditCards":true},"business_id":"G5JqPK05KY9ZZS2CqJpCTA","categories":["Car Wash","Automotive"],"city":"Madison","hours":{"Friday":"8:00-19:00","Monday":"8:00-19:00","Saturday":"8:00-19:00","Sunday":"8:00-18:00","Thursday":"8:00-19:00","Tuesday":"8:00-19:00","Wednesday":"8:00-19:00"},"is_open":1,"latitude":43.14693,"longitude":-89.287087,"name":"Suds It Up Car Wash","neighborhood":"","postal_code":"53718","review_count":6,"stars":3.0,"state":"WI"}
{"address":"5201 West University","attributes":{},"business_id":"Cirx-Dt9WK6jN5qqQXTZJA","categories":["Automotive","Tires","Oil Change Stations","Auto Repair"],"city":"Madison","hours":{"Friday":"7:30-18:00","Monday":"7:30-20:00","Saturday":"7:30-16:00","Thursday":"7:30-18:00","Tuesday":"7:30-18:00","Wednesday":"7:30-18:00"},"is_open":1,"latitude":43.0775706,"longitude":-89.4704295,"name":"Midas","neighborhood":"","postal_code":"53705","review_count":10,"stars":3.0,"state":"WI"}
{"address":"1 Sparkle Ct","attributes":{"BusinessAcceptsCreditCards":true},"business_id":"RsFKsfQ-Xh2SsXKgnULuig","categories":["Auto Repair","Body Shops","Automotive"],"city":"Madison","hours":{"Friday":"7:30-17:00","Monday":"7:30-17:30","Thursday":"7:30-17:30","Tuesday":"7:30-17:30","Wednesday":"7:30-17:30"},"is_open":1,"latitude":43.0904038,"longitude":-89.3631185,"name":"Sparkle Auto Body","neighborhood":"Tenney - Lapham","postal_code":"53703","review_count":25,"stars":5.0,"state":"WI"}
{"address":"202 E Washington Ave","attributes":{},"business_id":"1slI_n8CcguB5bJp3d-2Dg","categories":["Automotive","Oil Change Stations","Tires","Auto Repair"],"city":"Madison","hours":{"Friday":"7:30-17:00","Monday":"7:30-17:00","Thursday":"7:30-17:00","Tuesday":"7:30-17:00","Wednesday":"7:30-17:00"},"is_open":0,"latitude":43.076563,"longitude":-89.382301,"name":"Pahl Tire Co","neighborhood":"Capitol","postal_code":"53703","review_count":5,"stars":4.0,"state":"WI"}
{"address":"2300 Rimrock Rd","attributes":{"BusinessAcceptsCreditCards":true},"business_id":"tycS8_3s2a_nmHlOKxvDoQ","categories":["Automotive","Auto Parts & Supplies","Body Shops","Auto Repair","Car Dealers"],"city":"Madison","hours":{"Friday":"8:30-18:00","Monday":"8:30-20:00","Saturday":"8:30-16:00","Sunday":"0:00-0:00","Thursday":"8:30-20:00","Tuesday":"8:30-18:00","Wednesday":"8:30-18:00"},"is_open":1,"latitude":43.0388721076,"longitude":-89.3803298121,"name":"Zimbrick European","neighborhood":"","postal_code":"53713","review_count":15,"stars":3.5,"state":"WI"}
{"address":"310 W Beltline Hwy","attributes":{"BusinessAcceptsCreditCards":true},"business_id":"fQvZiboeSa2XTQmBrllcCw","categories":["Car Dealers","Auto Repair","Automotive"],"city":"Madison","hours":{"Friday":"8:30-18:00","Monday":"8:30-20:00","Saturday":"8:30-16:00","Sunday":"0:00-0:00","Thursday":"8:30-20:00","Tuesday":"8:30-18:00","Wednesday":"8:30-18:00"},"is_open":1,"latitude":43.0398377197,"longitude":-89.3829381782,"name":"MINI of Madison","neighborhood":"Capitol View Heights","postal_code":"53713","review_count":7,"stars":3.0,"state":"WI"}
{"address":"4416 Pflaum Rd","attributes":{},"business_id":"k6l8Tn5sMK4tDieR6PdaMQ","categories":["Auto Repair","Body Shops","Automotive","Auto Detailing"],"city":"Madison","hours":{"Friday":"8:00-17:30","Monday":"8:00-17:30","Saturday":"9:00-12:00","Thursday":"8:00-17:30","Tuesday":"8:00-17:30","Wednesday":"8:00-17:30"},"is_open":1,"latitude":43.0627700887,"longitude":-89.3074911833,"name":"Maaco Collision Repair & Auto Painting","neighborhood":"","postal_code":"53716","review_count":3,"stars":3.5,"state":"WI"}
{"address":"4806 E Broadway","attributes":{"BusinessAcceptsCreditCards":true},"business_id":"G8adGu51F9MY2Yn0fah6Gg","categories":["Auto Parts & Supplies","Local Services","Shopping","Sporting Goods","Car Stereo Installation","Automotive","Telecommunications","IT Services & Computer Repair"],"city":"Madison","hours":{"Friday":"9:00-18:00","Monday":"9:00-18:00","Saturday":"10:00-15:00","Sunday":"0:00-0:00","Thursday":"9:00-18:00","Tuesday":"9:00-18:00","Wednesday":"9:00-18:00"},"is_open":1,"latitude":43.048538,"longitude":-89.299154,"name":"The Radio Doctor","neighborhood":"","postal_code":"53716","review_count":8,"stars":3.5,"state":"WI"}
{"address":"2305 Atwood Ave","attributes":{"BusinessAcceptsCreditCards":true},"business_id":"gdpWp6LCb2AVugVIV1Vccg","categories":["Auto Repair","Automotive","Auto Glass Services","Body Shops","Windshield Installation & Repair"],"city":"Madison","hours":{"Friday":"0:00-0:00","Monday":"0:00-0:00","Saturday":"0:00-0:00","Sunday":"0:00-0:00","Thursday":"0:00-0:00","Tuesday":"0:00-0:00","Wednesday":"0:00-0:00"},"is_open":1,"latitude":43.093234,"longitude":-89.348054,"name":"Lynch Auto Body","neighborhood":"Williamson - Marquette","postal_code":"53704","review_count":6,"stars":5.0,"state":"WI"}
{"address":"453 S Gammon Rd","attributes":{"BusinessAcceptsCreditCards":true},"business_id":"qYyM2yaTdgZX55DPAwWMlg","categories":["Automotive","Oil Change Stations","Auto Repair","Tires"],"city":"Madison","hours":{"Friday":"7:00-20:00","Monday":"7:00-20:00","Saturday":"7:30-17:00","Sunday":"9:00-17:00","Thursday":"7:00-20:00","Tuesday":"7:00-20:00","Wednesday":"7:00-20:00"},"is_open":1,"latitude":43.057075,"longitude":-89.502311,"name":"West Town Monona Tire","neighborhood":"","postal_code":"53719","review_count":19,"stars":4.5,"state":"WI"}
{"address":"99 W Beltline Hwy","attributes":{},"business_id":"Lq5mp5V7xqWTkcC3MJiG-w","categories":["Automotive","Auto Repair","Car Dealers"],"city":"Madison","hours":{"Friday":"9:00-18:00","Monday":"9:00-19:00","Saturday":"9:00-16:00","Thursday":"9:00-19:00","Tuesday":"9:00-19:00","Wednesday":"9:00-19:00"},"is_open":1,"latitude":43.0412597,"longitude":-89.3736537,"name":"Mad City Sales","neighborhood":"Moorland - Rimrock","postal_code":"53713","review_count":22,"stars":1.5,"state":"WI"}
{"address":"6624 Seybold Rd","attributes":{"BusinessAcceptsCreditCards":true},"business_id":"UDtuxaRqyBMLJthqkIoECw","categories":["Car Dealers","Automotive","Auto Repair"],"city":"Madison","hours":{"Friday":"7:30-18:00","Monday":"7:30-20:00","Saturday":"9:00-17:00","Thursday":"7:30-20:00","Tuesday":"7:30-20:00","Wednesday":"7:30-20:00"},"is_open":1,"latitude":43.0522758,"longitude":-89.4973393,"name":"Fields Jaguar Land Rover Volvo Cars Madison","neighborhood":"","postal_code":"53719","review_count":9,"stars":3.0,"state":"WI"}
{"address":"332 W Johnson St","attributes":{"BusinessAcceptsCreditCards":true},"business_id":"PDdW5gDmzmIIBx381fZmxg","categories":["Tires","Automotive","Auto Repair","Body Shops","Oil Change Stations"],"city":"Madison","hours":{"Friday":"7:30-17:30","Monday":"7:30-17:30","Thursday":"7:30-17:30","Tuesday":"7:30-17:30","Wednesday":"7:30-17:30"},"is_open":1,"latitude":43.0743824691,"longitude":-89.3906208873,"name":"Terry's Car Care","neighborhood":"Capitol","postal_code":"53703","review_count":19,"stars":4.0,"state":"WI"}
{"address":"1050 Regent St","attributes":{},"business_id":"6GPbm7X_RUVBEfQ3vQtf-w","categories":["Towing","Auto Repair","Automotive"],"city":"Madison","hours":{},"is_open":1,"latitude":43.0678992,"longitude":-89.4037623,"name":"Road Rescue Towing","neighborhood":"South Campus","postal_code":"53715","review_count":4,"stars":4.0,"state":"WI"}
{"address":"3802 Mineral Point Rd","attributes":{},"business_id":"NP1dqvTkb-hG3777FD-tcQ","categories":["Towing","Automotive"],"city":"Madison","hours":{},"is_open":1,"latitude":43.0610561,"longitude":-89.4391798,"name":"Moore's Towing & Service","neighborhood":"","postal_code":"53705","review_count":12,"stars":3.0,"state":"WI"}
{"address":"5822 Odana Rd","attributes":{"BusinessAcceptsCreditCards":true},"business_id":"Pw5QoGMaiUxQBadTcDpAhA","categories":["Auto Repair","Car Dealers","Automotive","Auto Parts & Supplies"],"city":"Madison","hours":{"Friday":"9:00-18:00","Monday":"9:00-20:00","Saturday":"9:00-17:00","Thursday":"9:00-20:00","Tuesday":"9:00-20:00","Wednesday":"9:00-20:00"},"is_open":1,"latitude":43.0529459,"longitude":-89.4826982,"name":"Don Miller Subaru West","neighborhood":"","postal_code":"53719","review_count":10,"stars":4.0,"state":"WI"}
