{"rank_positive": 1, "rank_stars": 1, "business_id": "mzLfhH4pHi91KiuLnyv8-Q", "neutral": 0, "total": 19, "name": "Miss Dixiebelle", "rating_positive": 4.90271021542738, "positive": 19, "negative": 0, "longitude": -3.2045001, "rating_stars": 4.746835477738348, "stars": 5.0, "latitude": 55.9397683}
{"rank_positive": 11, "rank_stars": 2, "business_id": "y9doK1CQ9Ay3MQdVqXZ5Tw", "neutral": 0, "total": 10, "name": "The Wax Bar", "rating_positive": 4.849785407725321, "positive": 10, "negative": 0, "longitude": -3.2037364, "rating_stars": 4.609116150714038, "stars": 5.0, "latitude": 55.9516685}
{"rank_positive": 12, "rank_stars": 3, "business_id": "zCCxNDYs3ADipaz4jDVgrw", "neutral": 0, "total": 10, "name": "Snip and Sip", "rating_positive": 4.849785407725321, "positive": 10, "negative": 0, "longitude": -3.1822563, "rating_stars": 4.609116150714038, "stars": 5.0, "latitude": 55.9394064}
{"rank_positive": 20, "rank_stars": 4, "business_id": "6sPzXmcj7dCe6ciTV1bd0Q", "neutral": 0, "total": 8, "name": "Medusa", "rating_positive": 4.829129373474369, "positive": 8, "negative": 0, "longitude": -3.2044258, "rating_stars": 4.555365645808157, "stars": 5.0, "latitude": 55.9456346}
{"rank_positive": 22, "rank_stars": 5, "business_id": "8XnZXePfKcz6itz_n60liw", "neutral": 0, "total": 7, "name": "Sinwaxing", "rating_positive": 4.816513761467889, "positive": 7, "negative": 0, "longitude": -3.1660328, "rating_stars": 4.522537683441, "stars": 5.0, "latitude": 55.9571037}
{"rank_positive": 43, "rank_stars": 6, "business_id": "LxIs9nrNjjXtKR0G2tHSgg", "neutral": 0, "total": 5, "name": "Molton Brown Emporium", "rating_positive": 4.784725781650435, "positive": 5, "negative": 0, "longitude": -3.1978997, "rating_stars": 4.4398199679120705, "stars": 5.0, "latitude": 55.9536736}
{"rank_positive": 45, "rank_stars": 7, "business_id": "YZ8M4xSAmGUOD6fEbhwlVA", "neutral": 0, "total": 5, "name": "Den Of Iniquity Tattoo Parlour", "rating_positive": 4.784725781650435, "positive": 5, "negative": 0, "longitude": -3.1886271, "rating_stars": 4.4398199679120705, "stars": 5.0, "latitude": 55.9576819}
{"rank_positive": 46, "rank_stars": 8, "business_id": "bFYtL8g6S6IFvS9tbXeGXA", "neutral": 0, "total": 5, "name": "The Make up and Beauty Studio", "rating_positive": 4.784725781650435, "positive": 5, "negative": 0, "longitude": -3.1811978954, "rating_stars": 4.4398199679120705, "stars": 5.0, "latitude": 55.9389235818}
{"rank_positive": 72, "rank_stars": 9, "business_id": "N32xgEpP3OcDrDMxx52ZWQ", "neutral": 0, "total": 24, "name": "Studio XIII Gallery Tattoo & Piercing", "rating_positive": 4.754939945757458, "positive": 23, "negative": 1, "longitude": -3.1846950054, "rating_stars": 4.39540657834104, "stars": 4.5, "latitude": 55.9509429932}
{"rank_positive": 52, "rank_stars": 10, "business_id": "M5RLeB0klLgZZ7NDJg2NdA", "neutral": 0, "total": 4, "name": "Old Town Tattoo", "rating_positive": 4.764309764309764, "positive": 4, "negative": 0, "longitude": -3.1857915, "rating_stars": 4.386694027719669, "stars": 5.0, "latitude": 55.9495544}
{"rank_positive": 55, "rank_stars": 11, "business_id": "XICwgNr7IzP9AKs-SZiqZQ", "neutral": 0, "total": 4, "name": "Conetta & Co Beauty Rooms", "rating_positive": 4.764309764309764, "positive": 4, "negative": 0, "longitude": -3.2060119, "rating_stars": 4.386694027719669, "stars": 5.0, "latitude": 55.9476642}
{"rank_positive": 57, "rank_stars": 12, "business_id": "yo5mCwgLklySVy4NIlEnUA", "neutral": 0, "total": 4, "name": "Dean Jones Hairdressing", "rating_positive": 4.764309764309764, "positive": 4, "negative": 0, "longitude": -3.1839585, "rating_stars": 4.386694027719669, "stars": 5.0, "latitude": 55.9582179}
{"rank_positive": 60, "rank_stars": 13, "business_id": "z9ofI6fkWfCyZfuOqLEwzg", "neutral": 0, "total": 4, "name": "Esq Barbers", "rating_positive": 4.764309764309764, "positive": 4, "negative": 0, "longitude": -3.2082441, "rating_stars": 4.386694027719669, "stars": 5.0, "latitude": 55.9368944}
{"rank_positive": 62, "rank_stars": 14, "business_id": "fV5x3YLxtP1SttjLQwTh-Q", "neutral": 0, "total": 4, "name": "Myles Hairdressing", "rating_positive": 4.764309764309764, "positive": 4, "negative": 0, "longitude": -3.2183165, "rating_stars": 4.386694027719669, "stars": 5.0, "latitude": 55.9442589}
{"rank_positive": 63, "rank_stars": 15, "business_id": "IjLWsE7B-LF2EJCWW_4cNA", "neutral": 0, "total": 4, "name": "Zen Lifestyle - Hanover Street", "rating_positive": 4.764309764309764, "positive": 4, "negative": 0, "longitude": -3.197596, "rating_stars": 4.386694027719669, "stars": 5.0, "latitude": 55.9540821}
{"rank_positive": 70, "rank_stars": 16, "business_id": "wZj9_f_fQJxlge9BZIdxhg", "neutral": 0, "total": 4, "name": "The Soap Co", "rating_positive": 4.764309764309764, "positive": 4, "negative": 0, "longitude": -3.1832397, "rating_stars": 4.386694027719669, "stars": 5.0, "latitude": 55.9508398}
{"rank_positive": 5, "rank_stars": 17, "business_id": "IyeLiveTe1_pyBDcZJWWOw", "neutral": 0, "total": 14, "name": "Castle Thai Spa", "rating_positive": 4.879032258064515, "positive": 14, "negative": 0, "longitude": -3.2026831, "rating_stars": 4.344495609849208, "stars": 4.5, "latitude": 55.9514603}
{"rank_positive": 6, "rank_stars": 18, "business_id": "1PMdG7Kik2Hj_iYIvEhc5w", "neutral": 0, "total": 14, "name": "Tribal Body Art", "rating_positive": 4.879032258064515, "positive": 14, "negative": 0, "longitude": -3.1831817, "rating_stars": 4.344495609849208, "stars": 4.5, "latitude": 55.9507159}
{"rank_positive": 7, "rank_stars": 19, "business_id": "mEVutayRUi2mouEIlXoqPw", "neutral": 0, "total": 14, "name": "Medusa", "rating_positive": 4.879032258064515, "positive": 14, "negative": 0, "longitude": -3.1903111, "rating_stars": 4.344495609849208, "stars": 4.5, "latitude": 55.9456591}
{"rank_positive": 134, "rank_stars": 20, "business_id": "sdu915Szo-mTNd8r0nN7Bg", "neutral": 1, "total": 13, "name": "Red, Hot + Blue Tattoo", "rating_positive": 4.361186799878897, "positive": 11, "negative": 1, "longitude": -3.2008646, "rating_stars": 4.336539133332258, "stars": 4.5, "latitude": 55.9426005}
{"rank_positive": 74, "rank_stars": 21, "business_id": "rSEIEijHbSeQXy_uP_i9mg", "neutral": 0, "total": 3, "name": "Cheryl Irvine Hairdressing", "rating_positive": 4.739615623062615, "positive": 3, "negative": 0, "longitude": -3.191548, "rating_stars": 4.322435683444792, "stars": 5.0, "latitude": 55.938462}
{"rank_positive": 78, "rank_stars": 22, "business_id": "3qiRVI89iHaK_ergEkD5hQ", "neutral": 0, "total": 3, "name": "Zuri", "rating_positive": 4.739615623062615, "positive": 3, "negative": 0, "longitude": -3.2175219, "rating_stars": 4.322435683444792, "stars": 5.0, "latitude": 55.9448271}
{"rank_positive": 80, "rank_stars": 23, "business_id": "gf1eMzJPa3P2jvGI1A9ueg", "neutral": 0, "total": 3, "name": "Top nails", "rating_positive": 4.739615623062615, "positive": 3, "negative": 0, "longitude": -3.1714416, "rating_stars": 4.322435683444792, "stars": 5.0, "latitude": 55.9567565}
{"rank_positive": 85, "rank_stars": 24, "business_id": "6Z-BCjDvsthxjqLKb32MUg", "neutral": 0, "total": 3, "name": "McGills Hairdressing", "rating_positive": 4.739615623062615, "positive": 3, "negative": 0, "longitude": -3.2033648, "rating_stars": 4.322435683444792, "stars": 5.0, "latitude": 55.9431961}
{"rank_positive": 90, "rank_stars": 25, "business_id": "XK7Bwf_XkhCcUK1qLpqzmw", "neutral": 0, "total": 3, "name": "Sandy Jones", "rating_positive": 4.739615623062615, "positive": 3, "negative": 0, "longitude": -3.2006452, "rating_stars": 4.322435683444792, "stars": 5.0, "latitude": 55.9618944}
{"rank_positive": 94, "rank_stars": 26, "business_id": "0Qbg9jgsFhmUbrI-03tlSQ", "neutral": 0, "total": 3, "name": "Angel Hairdressing", "rating_positive": 4.739615623062615, "positive": 3, "negative": 0, "longitude": -3.2311804, "rating_stars": 4.322435683444792, "stars": 5.0, "latitude": 55.9350786}
{"rank_positive": 95, "rank_stars": 27, "business_id": "4oPL3dTW7ph0TbZ-Cmcpog", "neutral": 0, "total": 3, "name": "Inside & Out", "rating_positive": 4.739615623062615, "positive": 3, "negative": 0, "longitude": -3.2214207, "rating_stars": 4.322435683444792, "stars": 5.0, "latitude": 55.9458487}
{"rank_positive": 96, "rank_stars": 28, "business_id": "NkRB5aChyQtc2TaEERUT3g", "neutral": 0, "total": 3, "name": "Venus Flytrap Tattoo", "rating_positive": 4.739615623062615, "positive": 3, "negative": 0, "longitude": -3.1919173, "rating_stars": 4.322435683444792, "stars": 5.0, "latitude": 55.9472218}
{"rank_positive": 98, "rank_stars": 29, "business_id": "5x0WqB7qx6K-O3bt78HN-g", "neutral": 0, "total": 3, "name": "Soma Osteopathy", "rating_positive": 4.739615623062615, "positive": 3, "negative": 0, "longitude": -3.1689835, "rating_stars": 4.322435683444792, "stars": 5.0, "latitude": 55.9739884}
{"rank_positive": 101, "rank_stars": 30, "business_id": "oPlqNjM7X3KFQvcfDyIrBQ", "neutral": 0, "total": 3, "name": "Juliana's Pure Body Kneads", "rating_positive": 4.739615623062615, "positive": 3, "negative": 0, "longitude": -3.2158321515, "rating_stars": 4.322435683444792, "stars": 5.0, "latitude": 55.9586060388}
{"rank_positive": 109, "rank_stars": 31, "business_id": "2NsuWmgv-02gjEj6A7itzw", "neutral": 0, "total": 3, "name": "Bodyworks Edinburgh", "rating_positive": 4.739615623062615, "positive": 3, "negative": 0, "longitude": -3.20798, "rating_stars": 4.322435683444792, "stars": 5.0, "latitude": 55.9533795}
{"rank_positive": 111, "rank_stars": 32, "business_id": "DOE4EmSgdPKl6a3GwjhUYQ", "neutral": 0, "total": 3, "name": "womankind", "rating_positive": 4.739615623062615, "positive": 3, "negative": 0, "longitude": -3.21249, "rating_stars": 4.322435683444792, "stars": 5.0, "latitude": 55.9591}
{"rank_positive": 113, "rank_stars": 33, "business_id": "c3AKCkO2NIbKfz5-e1CSvA", "neutral": 0, "total": 3, "name": "Harlequin Hair Studio", "rating_positive": 4.739615623062615, "positive": 3, "negative": 0, "longitude": -3.2331231, "rating_stars": 4.322435683444792, "stars": 5.0, "latitude": 55.909492}
{"rank_positive": 116, "rank_stars": 34, "business_id": "9F_wV37ajmG2k6c7cLfOWA", "neutral": 0, "total": 3, "name": "Myra Crawford", "rating_positive": 4.739615623062615, "positive": 3, "negative": 0, "longitude": -3.1798075, "rating_stars": 4.322435683444792, "stars": 5.0, "latitude": 55.9401633}
{"rank_positive": 153, "rank_stars": 35, "business_id": "ly1deCZoJOYyGuVHEXBz7A", "neutral": 0, "total": 3, "name": "Ivy Natural Health & Beauty", "rating_positive": 4.215747055176689, "positive": 2, "negative": 1, "longitude": -3.1825136, "rating_stars": 4.322435683444792, "stars": 5.0, "latitude": 55.9603805}
{"rank_positive": 9, "rank_stars": 36, "business_id": "jeZFF_VKhaNYU_7epziGYQ", "neutral": 0, "total": 11, "name": "One Spa", "rating_positive": 4.858347386172006, "positive": 11, "negative": 0, "longitude": -3.2087914, "rating_stars": 4.317905145833541, "stars": 4.5, "latitude": 55.9472673}
{"rank_positive": 14, "rank_stars": 37, "business_id": "iV00kDp__0mGt7Vn29xzww", "neutral": 0, "total": 10, "name": "Penhaligon's", "rating_positive": 4.849785407725321, "positive": 10, "negative": 0, "longitude": -3.1975847, "rating_stars": 4.30689869720903, "stars": 4.5, "latitude": 55.9536615}
{"rank_positive": 127, "rank_stars": 38, "business_id": "GsrV1hmP-Caa43FlmHw7xA", "neutral": 0, "total": 10, "name": "The Golden Scissors", "rating_positive": 4.547567954220314, "positive": 9, "negative": 0, "longitude": -3.1911573, "rating_stars": 4.30689869720903, "stars": 4.5, "latitude": 55.9464588}
{"rank_positive": 17, "rank_stars": 39, "business_id": "yyKGkL4thu0g9-gCXsFTTw", "neutral": 0, "total": 9, "name": "Technik Hair Design", "rating_positive": 4.840121811952797, "positive": 9, "negative": 0, "longitude": -3.2103019, "rating_stars": 4.294476116252931, "stars": 4.5, "latitude": 55.93204}
{"rank_positive": 130, "rank_stars": 40, "business_id": "RDoFR5RNN9F8KFdGmgjqlA", "neutral": 0, "total": 8, "name": "Frenchy's", "rating_positive": 4.485353946297803, "positive": 7, "negative": 1, "longitude": -3.2066029, "rating_stars": 4.280345304066904, "stars": 4.5, "latitude": 55.9376563}
{"rank_positive": 24, "rank_stars": 41, "business_id": "gaSulbvG2nhXsEYeICm_cQ", "neutral": 0, "total": 7, "name": "Ruffians", "rating_positive": 4.816513761467889, "positive": 7, "negative": 0, "longitude": -3.2101962, "rating_stars": 4.264127897508279, "stars": 4.5, "latitude": 55.951203}
{"rank_positive": 25, "rank_stars": 42, "business_id": "DCsMThgF1Dh84DxmLOutWQ", "neutral": 0, "total": 7, "name": "Emma Hall Hair Design", "rating_positive": 4.816513761467889, "positive": 7, "negative": 0, "longitude": -3.1826651, "rating_stars": 4.264127897508279, "stars": 4.5, "latitude": 55.9602751}
{"rank_positive": 27, "rank_stars": 43, "business_id": "YJiMUpt2f8As4UAmC8IxNw", "neutral": 0, "total": 7, "name": "Boots", "rating_positive": 4.816513761467889, "positive": 7, "negative": 0, "longitude": -3.1869681912, "rating_stars": 4.264127897508279, "stars": 4.5, "latitude": 55.9524509221}
{"rank_positive": 29, "rank_stars": 44, "business_id": "SfxwwOm00kG0y0iDXYy5AA", "neutral": 0, "total": 6, "name": "Beauty Works", "rating_positive": 4.80188679245283, "positive": 6, "negative": 0, "longitude": -3.2835493, "rating_stars": 4.245324885564362, "stars": 4.5, "latitude": 55.9427012}
{"rank_positive": 34, "rank_stars": 45, "business_id": "Bb6g8yZbMgk6ptBvDTShhg", "neutral": 0, "total": 6, "name": "The Body Shop", "rating_positive": 4.80188679245283, "positive": 6, "negative": 0, "longitude": -3.1912938, "rating_stars": 4.245324885564362, "stars": 4.5, "latitude": 55.9526313}
{"rank_positive": 35, "rank_stars": 46, "business_id": "6Ao6OmjXwPvhsszhRtPRUg", "neutral": 0, "total": 6, "name": "Hannah McLure Hair & Beauty", "rating_positive": 4.80188679245283, "positive": 6, "negative": 0, "longitude": -3.205046, "rating_stars": 4.245324885564362, "stars": 4.5, "latitude": 55.9418344}
{"rank_positive": 36, "rank_stars": 47, "business_id": "TMgSZjaASY9RN5LVeOq2JQ", "neutral": 0, "total": 6, "name": "Edinburgh Beauty Quarter", "rating_positive": 4.80188679245283, "positive": 6, "negative": 0, "longitude": -3.196531, "rating_stars": 4.245324885564362, "stars": 4.5, "latitude": 55.9451167}
{"rank_positive": 38, "rank_stars": 48, "business_id": "ilZT1iTsV_f4hD9KUqxx_A", "neutral": 0, "total": 6, "name": "Paterson SA Hairdresser's", "rating_positive": 4.80188679245283, "positive": 6, "negative": 0, "longitude": -3.205215, "rating_stars": 4.245324885564362, "stars": 4.5, "latitude": 55.945591}
{"rank_positive": 131, "rank_stars": 49, "business_id": "izIXmTpTJxSnLrt3LPurlg", "neutral": 0, "total": 6, "name": "Edinburgh Royal Military Tattoo", "rating_positive": 4.403301886792453, "positive": 5, "negative": 0, "longitude": -3.19392, "rating_stars": 4.245324885564362, "stars": 4.5, "latitude": 55.9504}
{"rank_positive": 42, "rank_stars": 50, "business_id": "eBCUQiBzm2ppsh-n6LanJQ", "neutral": 0, "total": 5, "name": "Kim McGregor Hair", "rating_positive": 4.784725781650435, "positive": 5, "negative": 0, "longitude": -3.21224, "rating_stars": 4.2232643554056635, "stars": 4.5, "latitude": 55.959}
{"rank_positive": 44, "rank_stars": 51, "business_id": "5B98_lXKK-8g-is4XFO3mg", "neutral": 0, "total": 5, "name": "Bailey's Barber Shop", "rating_positive": 4.784725781650435, "positive": 5, "negative": 0, "longitude": -3.182238, "rating_stars": 4.2232643554056635, "stars": 4.5, "latitude": 55.9420802}
{"rank_positive": 136, "rank_stars": 52, "business_id": "364uuIkDu6j_cvKSEPJf3w", "neutral": 1, "total": 5, "name": "Edinburgh Physiotherapy Centre", "rating_positive": 4.351614556637621, "positive": 4, "negative": 0, "longitude": -3.2034364405, "rating_stars": 4.2232643554056635, "stars": 4.5, "latitude": 55.9604360338}
{"rank_positive": 53, "rank_stars": 53, "business_id": "Q_WO88XwQe7LF_l7SzkkMg", "neutral": 0, "total": 4, "name": "New York Nails", "rating_positive": 4.764309764309764, "positive": 4, "negative": 0, "longitude": -3.203406507, "rating_stars": 4.197019504711812, "stars": 4.5, "latitude": 55.9435155775}
{"rank_positive": 58, "rank_stars": 54, "business_id": "nppJuqo8aEFS7s5AR9sqKQ", "neutral": 0, "total": 4, "name": "Alfies", "rating_positive": 4.764309764309764, "positive": 4, "negative": 0, "longitude": -3.1888861, "rating_stars": 4.197019504711812, "stars": 4.5, "latitude": 55.9508845}
{"rank_positive": 67, "rank_stars": 55, "business_id": "JZ5pbE9vYEvVuvKPlNtDjA", "neutral": 0, "total": 4, "name": "Kimiko Hairdressers", "rating_positive": 4.764309764309764, "positive": 4, "negative": 0, "longitude": -3.2078323, "rating_stars": 4.197019504711812, "stars": 4.5, "latitude": 55.9364744}
{"rank_positive": 71, "rank_stars": 56, "business_id": "4gCsj61_OmBdmEukCRJN3A", "neutral": 0, "total": 4, "name": "DollyLeo", "rating_positive": 4.764309764309764, "positive": 4, "negative": 0, "longitude": -3.2106767, "rating_stars": 4.197019504711812, "stars": 4.5, "latitude": 55.9590214}
{"rank_positive": 73, "rank_stars": 57, "business_id": "eYegkL1OXbP3ud8toyK3_w", "neutral": 0, "total": 3, "name": "Chamomile Sanctuary", "rating_positive": 4.739615623062615, "positive": 3, "negative": 0, "longitude": -3.210113857, "rating_stars": 4.165275113079014, "stars": 4.5, "latitude": 55.9505793215}
{"rank_positive": 75, "rank_stars": 58, "business_id": "_g1mjdlAwEFyNA7K_Q8gog", "neutral": 0, "total": 3, "name": "Danielle Carr Hairdressing", "rating_positive": 4.739615623062615, "positive": 3, "negative": 0, "longitude": -3.17841085, "rating_stars": 4.165275113079014, "stars": 4.5, "latitude": 55.9376034751}
{"rank_positive": 82, "rank_stars": 59, "business_id": "1WGiOXUqId8elr8u-b7J8g", "neutral": 0, "total": 3, "name": "Rock Paper Scissors", "rating_positive": 4.739615623062615, "positive": 3, "negative": 0, "longitude": -3.2138442993, "rating_stars": 4.165275113079014, "stars": 4.5, "latitude": 55.9603479022}
{"rank_positive": 83, "rank_stars": 60, "business_id": "Z9o5Oz4w7GWtkgw5WGc-MQ", "neutral": 0, "total": 3, "name": "The Aroma Rooms", "rating_positive": 4.739615623062615, "positive": 3, "negative": 0, "longitude": -3.1799802, "rating_stars": 4.165275113079014, "stars": 4.5, "latitude": 55.939368}
{"rank_positive": 84, "rank_stars": 61, "business_id": "pO7yzFBqQJ6WUF6bWGjGzA", "neutral": 0, "total": 3, "name": "Show Barber Shop", "rating_positive": 4.739615623062615, "positive": 3, "negative": 0, "longitude": -3.2049032, "rating_stars": 4.165275113079014, "stars": 4.5, "latitude": 55.945951}
{"rank_positive": 86, "rank_stars": 62, "business_id": "l9ufRK7oeoBHkNck67XWAg", "neutral": 0, "total": 3, "name": "Blue Tiger", "rating_positive": 4.739615623062615, "positive": 3, "negative": 0, "longitude": -3.1748272, "rating_stars": 4.165275113079014, "stars": 4.5, "latitude": 55.9667473}
{"rank_positive": 87, "rank_stars": 63, "business_id": "dYCkfBK8vsJGiwEIX2FkWA", "neutral": 0, "total": 3, "name": "Healthy Life Centre", "rating_positive": 4.739615623062615, "positive": 3, "negative": 0, "longitude": -3.2038573, "rating_stars": 4.165275113079014, "stars": 4.5, "latitude": 55.9459332}
{"rank_positive": 100, "rank_stars": 64, "business_id": "WMhzNk1NKCyO-iNRJJ4x0A", "neutral": 0, "total": 3, "name": "Boots", "rating_positive": 4.739615623062615, "positive": 3, "negative": 0, "longitude": -3.1879185, "rating_stars": 4.165275113079014, "stars": 4.5, "latitude": 55.9505664}
{"rank_positive": 102, "rank_stars": 65, "business_id": "Bob3TMyF7Gt-PGyueLp1NQ", "neutral": 0, "total": 3, "name": "Short Cut To the Shore Leith Barbers", "rating_positive": 4.739615623062615, "positive": 3, "negative": 0, "longitude": -3.1729401, "rating_stars": 4.165275113079014, "stars": 4.5, "latitude": 55.973074}
{"rank_positive": 103, "rank_stars": 66, "business_id": "bqNL_vUZlmRdinCMamLjUQ", "neutral": 0, "total": 3, "name": "Tribe 3", "rating_positive": 4.739615623062615, "positive": 3, "negative": 0, "longitude": -3.1908149, "rating_stars": 4.165275113079014, "stars": 4.5, "latitude": 55.9590598}
{"rank_positive": 104, "rank_stars": 67, "business_id": "Zlj15iTezDhe84Uj5h6CDg", "neutral": 0, "total": 3, "name": "Muse Hair", "rating_positive": 4.739615623062615, "positive": 3, "negative": 0, "longitude": -3.1805649, "rating_stars": 4.165275113079014, "stars": 4.5, "latitude": 55.9750689}
{"rank_positive": 105, "rank_stars": 68, "business_id": "ba1tMtDs0M4bUXOZ2JF2Pg", "neutral": 0, "total": 3, "name": "Sabyne Beauty", "rating_positive": 4.739615623062615, "positive": 3, "negative": 0, "longitude": -3.2123564, "rating_stars": 4.165275113079014, "stars": 4.5, "latitude": 55.945543}
{"rank_positive": 108, "rank_stars": 69, "business_id": "NgoC8QOulpoPuHDbJhGHcg", "neutral": 0, "total": 3, "name": "Dragonheart Tattoo UK", "rating_positive": 4.739615623062615, "positive": 3, "negative": 0, "longitude": -3.110367, "rating_stars": 4.165275113079014, "stars": 4.5, "latitude": 55.9519766}
{"rank_positive": 114, "rank_stars": 70, "business_id": "X6toJDCMjd9FpuQ77TqyWg", "neutral": 0, "total": 3, "name": "Love Hate Tattoo", "rating_positive": 4.739615623062615, "positive": 3, "negative": 0, "longitude": -3.1786064, "rating_stars": 4.165275113079014, "stars": 4.5, "latitude": 55.938212}
{"rank_positive": 117, "rank_stars": 71, "business_id": "q445vIewVrSzvjPGz7nE5A", "neutral": 0, "total": 3, "name": "Sesh Hairdressing", "rating_positive": 4.739615623062615, "positive": 3, "negative": 0, "longitude": -3.16875, "rating_stars": 4.165275113079014, "stars": 4.5, "latitude": 55.9761914}
{"rank_positive": 144, "rank_stars": 72, "business_id": "SeW6-aTcj15rMEVHgxjo6w", "neutral": 0, "total": 3, "name": "Phase 2", "rating_positive": 4.215747055176689, "positive": 2, "negative": 0, "longitude": -3.2000279, "rating_stars": 4.165275113079014, "stars": 4.5, "latitude": 55.9621341}
{"rank_positive": 154, "rank_stars": 73, "business_id": "yCUK50I7wJbsNIa9XxoE8w", "neutral": 0, "total": 3, "name": "KnotStressed Therapies", "rating_positive": 4.215747055176689, "positive": 2, "negative": 1, "longitude": -3.1713651493, "rating_stars": 4.165275113079014, "stars": 4.5, "latitude": 55.9566771541}
{"rank_positive": 76, "rank_stars": 74, "business_id": "-b2vEdNlpluEtOxjU0ONAA", "neutral": 0, "total": 3, "name": "Kiehl's", "rating_positive": 4.739615623062615, "positive": 3, "negative": 0, "longitude": -3.1987398, "rating_stars": 4.008114542713236, "stars": 4.0, "latitude": 55.9531151}
{"rank_positive": 93, "rank_stars": 75, "business_id": "HD9t7ZMLFJW7nR1gA1NeDQ", "neutral": 0, "total": 3, "name": "Bodyworks Edinburgh", "rating_positive": 4.739615623062615, "positive": 3, "negative": 0, "longitude": -3.2110913, "rating_stars": 4.008114542713236, "stars": 4.0, "latitude": 55.9506682}
{"rank_positive": 149, "rank_stars": 76, "business_id": "fXwV05ARj5iaUst3NUAOkg", "neutral": 0, "total": 3, "name": "Vincent Bell", "rating_positive": 4.215747055176689, "positive": 2, "negative": 1, "longitude": -3.206852, "rating_stars": 4.008114542713236, "stars": 4.0, "latitude": 55.9575028}
{"rank_positive": 151, "rank_stars": 77, "business_id": "coe8aGxk5Zfo0wG8tIekYw", "neutral": 0, "total": 3, "name": "The Tan Stand", "rating_positive": 4.215747055176689, "positive": 2, "negative": 1, "longitude": -3.1794898, "rating_stars": 4.008114542713236, "stars": 4.0, "latitude": 55.939549}
{"rank_positive": 152, "rank_stars": 78, "business_id": "xhcPeMA3tZkOVEK7I-KN-g", "neutral": 0, "total": 3, "name": "Sally Hair & Beauty Supplies", "rating_positive": 4.215747055176689, "positive": 2, "negative": 1, "longitude": -3.2103484, "rating_stars": 4.008114542713236, "stars": 4.0, "latitude": 55.9490023}
{"rank_positive": 156, "rank_stars": 79, "business_id": "5YleSU5qrntsnHAuYJd-rA", "neutral": 0, "total": 3, "name": "Craig Davidson Hair", "rating_positive": 4.215747055176689, "positive": 2, "negative": 1, "longitude": -3.2098494, "rating_stars": 4.008114542713236, "stars": 4.0, "latitude": 55.9359997}
{"rank_positive": 56, "rank_stars": 80, "business_id": "i3ht-tGhfa8PlyBgM620dg", "neutral": 0, "total": 4, "name": "Helen Deans", "rating_positive": 4.764309764309764, "positive": 4, "negative": 0, "longitude": -3.1789165, "rating_stars": 4.007344981703956, "stars": 4.0, "latitude": 55.9625069}
{"rank_positive": 59, "rank_stars": 81, "business_id": "9_4jZlGJ77IFo_QB1RB1gA", "neutral": 0, "total": 4, "name": "Cheynes", "rating_positive": 4.764309764309764, "positive": 4, "negative": 0, "longitude": -3.2052105, "rating_stars": 4.007344981703956, "stars": 4.0, "latitude": 55.9459559}
{"rank_positive": 64, "rank_stars": 82, "business_id": "f6-yPR10RBehD_vEoHWNyg", "neutral": 0, "total": 4, "name": "Cheynes Hair & Beauty", "rating_positive": 4.764309764309764, "positive": 4, "negative": 0, "longitude": -3.1940684, "rating_stars": 4.007344981703956, "stars": 4.0, "latitude": 55.982367}
{"rank_positive": 68, "rank_stars": 83, "business_id": "da3lNGheaq0HWjof9DbgwQ", "neutral": 0, "total": 4, "name": "2 U Beauty", "rating_positive": 4.764309764309764, "positive": 4, "negative": 0, "longitude": -3.2049418, "rating_stars": 4.007344981703956, "stars": 4.0, "latitude": 55.9419047}
{"rank_positive": 69, "rank_stars": 84, "business_id": "hUaeLRC73S6cYN6ibRNXyQ", "neutral": 0, "total": 4, "name": "MAC", "rating_positive": 4.764309764309764, "positive": 4, "negative": 0, "longitude": -3.191836, "rating_stars": 4.007344981703956, "stars": 4.0, "latitude": 55.9546388}
{"rank_positive": 138, "rank_stars": 85, "business_id": "rQ3X39EF51i2F7tKhlDkDg", "neutral": 0, "total": 4, "name": "Blow HQ", "rating_positive": 4.290123456790123, "positive": 3, "negative": 1, "longitude": -3.1902253709, "rating_stars": 4.007344981703956, "stars": 4.0, "latitude": 55.9508170283}
{"rank_positive": 140, "rank_stars": 86, "business_id": "nWh0E65uK_9i8Qb11aJLNA", "neutral": 0, "total": 4, "name": "MK Tattoo Art Studio", "rating_positive": 4.290123456790123, "positive": 3, "negative": 1, "longitude": -3.2338329, "rating_stars": 4.007344981703956, "stars": 4.0, "latitude": 55.9374783}
{"rank_positive": 141, "rank_stars": 87, "business_id": "csSyr7KeyvVUQWgQLKesng", "neutral": 1, "total": 4, "name": "Boombarbers Hairdressers", "rating_positive": 4.290123456790123, "positive": 3, "negative": 0, "longitude": -3.2113913, "rating_stars": 4.007344981703956, "stars": 4.0, "latitude": 55.9514605}
{"rank_positive": 142, "rank_stars": 88, "business_id": "vT-QBbCV1AqzLoYSi_-59A", "neutral": 0, "total": 4, "name": "Freddy Antabi Hair Studio", "rating_positive": 4.290123456790123, "positive": 3, "negative": 1, "longitude": -3.2136798, "rating_stars": 4.007344981703956, "stars": 4.0, "latitude": 55.948749}
{"rank_positive": 40, "rank_stars": 89, "business_id": "hjrXAN5Dlq49sfmz31nruA", "neutral": 0, "total": 5, "name": "Boosh Hairdressers", "rating_positive": 4.784725781650435, "positive": 5, "negative": 0, "longitude": -3.184408, "rating_stars": 4.0067087428992565, "stars": 4.0, "latitude": 55.949044}
{"rank_positive": 47, "rank_stars": 90, "business_id": "dT19oBeoQNNidBBbaq8EzA", "neutral": 0, "total": 5, "name": "Indigo Sun", "rating_positive": 4.784725781650435, "positive": 5, "negative": 0, "longitude": -3.2057564, "rating_stars": 4.0067087428992565, "stars": 4.0, "latitude": 55.945446}
{"rank_positive": 50, "rank_stars": 91, "business_id": "5Dg08vcKsEiQAkS77PcJ3g", "neutral": 0, "total": 5, "name": "Scotsman Spa and Health Club", "rating_positive": 4.784725781650435, "positive": 5, "negative": 0, "longitude": -3.1891435, "rating_stars": 4.0067087428992565, "stars": 4.0, "latitude": 55.9511024}
{"rank_positive": 135, "rank_stars": 92, "business_id": "jQtbGL9M--0OXglh3W6Cjw", "neutral": 0, "total": 5, "name": "Cheynes", "rating_positive": 4.351614556637621, "positive": 4, "negative": 1, "longitude": -3.189253, "rating_stars": 4.0067087428992565, "stars": 4.0, "latitude": 55.9562737}
{"rank_positive": 137, "rank_stars": 93, "business_id": "SviDTIenDoIEzXe4PoMHlw", "neutral": 0, "total": 5, "name": "Gordon Wilson Hairdressing", "rating_positive": 4.351614556637621, "positive": 4, "negative": 1, "longitude": -3.1785861, "rating_stars": 4.0067087428992565, "stars": 4.0, "latitude": 55.9370919}
{"rank_positive": 28, "rank_stars": 94, "business_id": "Q1BjeZy7uIwtYhXmE1NzNg", "neutral": 0, "total": 6, "name": "Boots", "rating_positive": 4.80188679245283, "positive": 6, "negative": 0, "longitude": -3.188449, "rating_stars": 4.006173942168136, "stars": 4.0, "latitude": 55.9549220779}
{"rank_positive": 30, "rank_stars": 95, "business_id": "8x9GAR5_GFlWR6Hywr0g4g", "neutral": 0, "total": 6, "name": "Hair Joy", "rating_positive": 4.80188679245283, "positive": 6, "negative": 0, "longitude": -3.1843406, "rating_stars": 4.006173942168136, "stars": 4.0, "latitude": 55.9431019}
{"rank_positive": 31, "rank_stars": 96, "business_id": "3RcE9Ni50NWUJL0gb3cF9w", "neutral": 0, "total": 6, "name": "Crabtree and Evelyn", "rating_positive": 4.80188679245283, "positive": 6, "negative": 0, "longitude": -3.196965, "rating_stars": 4.006173942168136, "stars": 4.0, "latitude": 55.9523027}
{"rank_positive": 33, "rank_stars": 97, "business_id": "A6Rj9KpuKTs58TH4MNdhOA", "neutral": 0, "total": 6, "name": "Arran Aromatics", "rating_positive": 4.80188679245283, "positive": 6, "negative": 0, "longitude": -3.1981577, "rating_stars": 4.006173942168136, "stars": 4.0, "latitude": 55.9531875}
{"rank_positive": 39, "rank_stars": 98, "business_id": "F7SY-nCGBcPMTEvkLmQtuA", "neutral": 0, "total": 6, "name": "All About Eve", "rating_positive": 4.80188679245283, "positive": 6, "negative": 0, "longitude": -3.2073891, "rating_stars": 4.006173942168136, "stars": 4.0, "latitude": 55.9371993}
{"rank_positive": 23, "rank_stars": 99, "business_id": "cw9_hvQFF741O2NpTBLAbQ", "neutral": 0, "total": 7, "name": "Charlie Miller", "rating_positive": 4.816513761467889, "positive": 7, "negative": 0, "longitude": -3.191942, "rating_stars": 4.005718111575557, "stars": 4.0, "latitude": 55.9533978}
{"rank_positive": 26, "rank_stars": 100, "business_id": "8RyI8gCugX2McA5_F8xUXQ", "neutral": 0, "total": 7, "name": "Neal's Yard Remedies", "rating_positive": 4.816513761467889, "positive": 7, "negative": 0, "longitude": -3.1980797, "rating_stars": 4.005718111575557, "stars": 4.0, "latitude": 55.9543831}
{"rank_positive": 19, "rank_stars": 101, "business_id": "WYsBtEPFW6VnQQCRN-OJWg", "neutral": 0, "total": 8, "name": "Zen Lifestyle", "rating_positive": 4.829129373474369, "positive": 8, "negative": 0, "longitude": -3.2043863, "rating_stars": 4.00532496232565, "stars": 4.0, "latitude": 55.9401746}
{"rank_positive": 15, "rank_stars": 102, "business_id": "FP1vZTiEkTG-LKBgnOOi9w", "neutral": 0, "total": 9, "name": "Space NK", "rating_positive": 4.840121811952797, "positive": 9, "negative": 0, "longitude": -3.2027153, "rating_stars": 4.004982397181747, "stars": 4.0, "latitude": 55.9528378}
{"rank_positive": 16, "rank_stars": 103, "business_id": "ubvOEmh6xaDm8f0YCd5n8w", "neutral": 0, "total": 9, "name": "Zen Lifestyle", "rating_positive": 4.840121811952797, "positive": 9, "negative": 0, "longitude": -3.1897356, "rating_stars": 4.004982397181747, "stars": 4.0, "latitude": 55.9458389}
{"rank_positive": 18, "rank_stars": 104, "business_id": "r83ws5zmMmfc2onURM8ZQg", "neutral": 0, "total": 9, "name": "Jo Malone", "rating_positive": 4.840121811952797, "positive": 9, "negative": 0, "longitude": -3.2024482, "rating_stars": 4.004982397181747, "stars": 4.0, "latitude": 55.9529048}
{"rank_positive": 128, "rank_stars": 105, "business_id": "MVPxjaN5Ay3ErfBE-17mBg", "neutral": 0, "total": 9, "name": "The Player's Lounge", "rating_positive": 4.518462124095927, "positive": 8, "negative": 1, "longitude": -3.2050806, "rating_stars": 4.004982397181747, "stars": 4.0, "latitude": 55.9515268}
{"rank_positive": 8, "rank_stars": 106, "business_id": "c1FXb8yeVxT2iAkar4zKHw", "neutral": 0, "total": 11, "name": "L'Occitane", "rating_positive": 4.858347386172006, "positive": 11, "negative": 0, "longitude": -3.2002027, "rating_stars": 4.004414420707065, "stars": 4.0, "latitude": 55.952165}
{"rank_positive": 123, "rank_stars": 107, "business_id": "df-XjQIubbyOHST6n9MVgg", "neutral": 0, "total": 11, "name": "Neil Barton Hairdressing", "rating_positive": 4.5733558178752105, "positive": 10, "negative": 1, "longitude": -3.1828832812, "rating_stars": 4.004414420707065, "stars": 4.0, "latitude": 55.9594691467}
{"rank_positive": 119, "rank_stars": 108, "business_id": "BBLT9p2gRzKBPe0g1ZMpIw", "neutral": 0, "total": 14, "name": "Lush Retail", "rating_positive": 4.6356566820276495, "positive": 13, "negative": 0, "longitude": -3.1926026, "rating_stars": 4.003769803397595, "stars": 4.0, "latitude": 55.9530051}
{"rank_positive": 4, "rank_stars": 109, "business_id": "Aat0Vlp2zz2e5nZkzKosiw", "neutral": 0, "total": 16, "name": "HeavenV Virgin Spa", "rating_positive": 4.889763779527558, "positive": 16, "negative": 0, "longitude": -3.185985, "rating_stars": 4.003435369395394, "stars": 4.0, "latitude": 55.9562946}
{"rank_positive": 118, "rank_stars": 110, "business_id": "4-1J_wvC7oBc6u_HfDngeA", "neutral": 0, "total": 19, "name": "Boots", "rating_positive": 4.706972434561037, "positive": 18, "negative": 1, "longitude": -3.2002555, "rating_stars": 4.003031910446247, "stars": 4.0, "latitude": 55.9515359}
{"rank_positive": 120, "rank_stars": 111, "business_id": "TI8BCPSStuOgnqBHyTtG9Q", "neutral": 0, "total": 38, "name": "Sheraton Grand Hotel & Spa", "rating_positive": 4.607465462274177, "positive": 35, "negative": 1, "longitude": -3.2062748, "rating_stars": 4.001738676593577, "stars": 4.0, "latitude": 55.9473697}
{"rank_positive": 121, "rank_stars": 112, "business_id": "IUg2e7qpwFSl0rbdPw1bQw", "neutral": 1, "total": 75, "name": "Jenners", "rating_positive": 4.601625426311589, "positive": 69, "negative": 3, "longitude": -3.1941463, "rating_stars": 4.000949768332955, "stars": 4.0, "latitude": 55.9531484}
{"rank_positive": 77, "rank_stars": 113, "business_id": "WucvySZvb6SWLizj8eqoaA", "neutral": 0, "total": 3, "name": "Cheynes", "rating_positive": 4.739615623062615, "positive": 3, "negative": 0, "longitude": -3.1858878, "rating_stars": 3.8509539723474577, "stars": 3.5, "latitude": 55.9476247}
{"rank_positive": 79, "rank_stars": 114, "business_id": "HBUOUL3AVVIBL87QgoADsg", "neutral": 0, "total": 3, "name": "Boots", "rating_positive": 4.739615623062615, "positive": 3, "negative": 0, "longitude": -3.1904839, "rating_stars": 3.8509539723474577, "stars": 3.5, "latitude": 55.9530875}
{"rank_positive": 88, "rank_stars": 115, "business_id": "4M3JCdYATKXVxMidesG2DQ", "neutral": 0, "total": 3, "name": "MacIntyre's Hair & Beauty", "rating_positive": 4.739615623062615, "positive": 3, "negative": 0, "longitude": -3.1993873, "rating_stars": 3.8509539723474577, "stars": 3.5, "latitude": 55.9538557}
{"rank_positive": 92, "rank_stars": 116, "business_id": "8SXDSeY0-EQsuQkSmErmkg", "neutral": 0, "total": 3, "name": "Caldow Salon", "rating_positive": 4.739615623062615, "positive": 3, "negative": 0, "longitude": -3.2218694687, "rating_stars": 3.8509539723474577, "stars": 3.5, "latitude": 55.9460217927}
{"rank_positive": 99, "rank_stars": 117, "business_id": "LNKq5_8jpv1UTbEpFNuqOA", "neutral": 0, "total": 3, "name": "The Massage Corner", "rating_positive": 4.739615623062615, "positive": 3, "negative": 0, "longitude": -3.1829067, "rating_stars": 3.8509539723474577, "stars": 3.5, "latitude": 55.9412792}
{"rank_positive": 110, "rank_stars": 118, "business_id": "DYMNPlbUJgVJmixxenN3lA", "neutral": 0, "total": 3, "name": "Vidal Sassoon Studio", "rating_positive": 4.739615623062615, "positive": 3, "negative": 0, "longitude": -3.1913119, "rating_stars": 3.8509539723474577, "stars": 3.5, "latitude": 55.9552665}
{"rank_positive": 112, "rank_stars": 119, "business_id": "-0hYy3V50dM1Avy5jewUZg", "neutral": 0, "total": 3, "name": "Victoria Barbers", "rating_positive": 4.739615623062615, "positive": 3, "negative": 0, "longitude": -3.1828431, "rating_stars": 3.8509539723474577, "stars": 3.5, "latitude": 55.9601198}
{"rank_positive": 115, "rank_stars": 120, "business_id": "AaFOXAXE1Moy1gpArJ5kSA", "neutral": 0, "total": 3, "name": "Appyfeet", "rating_positive": 4.739615623062615, "positive": 3, "negative": 0, "longitude": -3.188712, "rating_stars": 3.8509539723474577, "stars": 3.5, "latitude": 55.955131}
{"rank_positive": 143, "rank_stars": 121, "business_id": "mGLqKC-YjKI6cwax91X7Og", "neutral": 0, "total": 3, "name": "Semi-Chem", "rating_positive": 4.215747055176689, "positive": 2, "negative": 1, "longitude": -3.1149924, "rating_stars": 3.8509539723474577, "stars": 3.5, "latitude": 55.9532628}
{"rank_positive": 146, "rank_stars": 122, "business_id": "90I1NDRuyRuOII2FmEXciQ", "neutral": 0, "total": 3, "name": "InnercitySanctum", "rating_positive": 4.215747055176689, "positive": 2, "negative": 1, "longitude": -3.1757603, "rating_stars": 3.8509539723474577, "stars": 3.5, "latitude": 55.9664025}
{"rank_positive": 147, "rank_stars": 123, "business_id": "5RfYeFywhY0cfUW8lICSsQ", "neutral": 0, "total": 3, "name": "Jan De Vries Health Care", "rating_positive": 4.215747055176689, "positive": 2, "negative": 1, "longitude": -3.1780080795, "rating_stars": 3.8509539723474577, "stars": 3.5, "latitude": 55.9379959106}
{"rank_positive": 148, "rank_stars": 124, "business_id": "TLrSDAEg50L5RW67BNDtUg", "neutral": 0, "total": 3, "name": "Salon LA", "rating_positive": 4.215747055176689, "positive": 2, "negative": 1, "longitude": -3.1905503, "rating_stars": 3.8509539723474577, "stars": 3.5, "latitude": 55.9590141}
{"rank_positive": 51, "rank_stars": 125, "business_id": "EzalHggNoSc21Cn547Ljtg", "neutral": 0, "total": 4, "name": "Serene", "rating_positive": 4.764309764309764, "positive": 4, "negative": 0, "longitude": -3.1946396, "rating_stars": 3.8176704586960994, "stars": 3.5, "latitude": 55.9390668}
{"rank_positive": 54, "rank_stars": 126, "business_id": "d0sXnOTnVx8JHpY5EVLzvw", "neutral": 0, "total": 4, "name": "USA Nailz", "rating_positive": 4.764309764309764, "positive": 4, "negative": 0, "longitude": -3.182426, "rating_stars": 3.8176704586960994, "stars": 3.5, "latitude": 55.942714}
{"rank_positive": 66, "rank_stars": 127, "business_id": "yaV4sYnu7940riPfwONwqg", "neutral": 0, "total": 4, "name": "Absolute Nails & Beauty", "rating_positive": 4.764309764309764, "positive": 4, "negative": 0, "longitude": -3.19938, "rating_stars": 3.8176704586960994, "stars": 3.5, "latitude": 55.9570257}
{"rank_positive": 139, "rank_stars": 128, "business_id": "axvn0-0NB7Bh4MtPx13tpQ", "neutral": 0, "total": 4, "name": "Vallance Hair Co", "rating_positive": 4.290123456790123, "positive": 3, "negative": 1, "longitude": -3.2176773, "rating_stars": 3.8176704586960994, "stars": 3.5, "latitude": 55.9451357}
{"rank_positive": 41, "rank_stars": 129, "business_id": "HwvAX38xee1OSTSyU_lUYw", "neutral": 0, "total": 5, "name": "Twit Twoo Tattoo", "rating_positive": 4.784725781650435, "positive": 5, "negative": 0, "longitude": -3.1756109, "rating_stars": 3.7901531303928495, "stars": 3.5, "latitude": 55.966493}
{"rank_positive": 49, "rank_stars": 130, "business_id": "jzJSxDWfg5WKWVoF0bdSow", "neutral": 0, "total": 5, "name": "Dune", "rating_positive": 4.784725781650435, "positive": 5, "negative": 0, "longitude": -3.1708986, "rating_stars": 3.7901531303928495, "stars": 3.5, "latitude": 55.95767}
{"rank_positive": 32, "rank_stars": 131, "business_id": "fraP_njILm33aaRExTVW-w", "neutral": 0, "total": 6, "name": "Charlie Miller", "rating_positive": 4.80188679245283, "positive": 6, "negative": 0, "longitude": -3.2006938, "rating_stars": 3.76702299877191, "stars": 3.5, "latitude": 55.9534849}
{"rank_positive": 37, "rank_stars": 132, "business_id": "kjoJvbPRwIVnA0RsZewQrA", "neutral": 0, "total": 6, "name": "PURE Spa & Beauty", "rating_positive": 4.80188679245283, "positive": 6, "negative": 0, "longitude": -3.2057564, "rating_stars": 3.76702299877191, "stars": 3.5, "latitude": 55.945446}
{"rank_positive": 133, "rank_stars": 133, "business_id": "-6NEIAsd8uc_QeKZg6e7uw", "neutral": 1, "total": 6, "name": "Yuu Beauty & Well Being", "rating_positive": 4.403301886792453, "positive": 5, "negative": 0, "longitude": -3.197287, "rating_stars": 3.76702299877191, "stars": 3.5, "latitude": 55.9771902}
{"rank_positive": 21, "rank_stars": 134, "business_id": "JZHurzTJDlxpWAEvCE9miQ", "neutral": 0, "total": 8, "name": "Ishi Salon", "rating_positive": 4.829129373474369, "positive": 8, "negative": 0, "longitude": -3.1920709905, "rating_stars": 3.7303046205843975, "stars": 3.5, "latitude": 55.9382239731}
{"rank_positive": 129, "rank_stars": 135, "business_id": "lQoIwC_RqqLBQy-QNmcFTw", "neutral": 0, "total": 8, "name": "Boots", "rating_positive": 4.485353946297803, "positive": 7, "negative": 0, "longitude": -3.200528, "rating_stars": 3.7303046205843975, "stars": 3.5, "latitude": 55.951487}
{"rank_positive": 160, "rank_stars": 136, "business_id": "ro_6OI7OumU_bUAqgFrLdw", "neutral": 0, "total": 8, "name": "Superdrug", "rating_positive": 4.141578519121237, "positive": 6, "negative": 1, "longitude": -3.1842749098, "rating_stars": 3.7303046205843975, "stars": 3.5, "latitude": 55.9454026739}
{"rank_positive": 13, "rank_stars": 137, "business_id": "YdC6_ypoepjLTGWF00Rrjw", "neutral": 0, "total": 10, "name": "Tribe Tattoo and Piercing", "rating_positive": 4.849785407725321, "positive": 10, "negative": 0, "longitude": -3.1850225, "rating_stars": 3.702463790199016, "stars": 3.5, "latitude": 55.9445779}
{"rank_positive": 125, "rank_stars": 138, "business_id": "we5wXxdN0DjAoFjc6P8yDw", "neutral": 0, "total": 10, "name": "Ruby Rouge", "rating_positive": 4.547567954220314, "positive": 9, "negative": 1, "longitude": -3.1827543, "rating_stars": 3.702463790199016, "stars": 3.5, "latitude": 55.9429583}
{"rank_positive": 126, "rank_stars": 139, "business_id": "QdjB5dFy2-yjihqjVpZxqQ", "neutral": 0, "total": 10, "name": "Hair By JFK", "rating_positive": 4.547567954220314, "positive": 9, "negative": 1, "longitude": -3.2045317, "rating_stars": 3.702463790199016, "stars": 3.5, "latitude": 55.9400397}
{"rank_positive": 162, "rank_stars": 140, "business_id": "94QChGgR3VvM7vkAeRjfQw", "neutral": 0, "total": 10, "name": "Cascal", "rating_positive": 3.9431330472102997, "positive": 7, "negative": 3, "longitude": -3.1674132, "rating_stars": 3.702463790199016, "stars": 3.5, "latitude": 55.9746483}
{"rank_positive": 91, "rank_stars": 141, "business_id": "pxmcm4xU9B2BIvahxQIlHA", "neutral": 0, "total": 3, "name": "Superdrug", "rating_positive": 4.739615623062615, "positive": 3, "negative": 0, "longitude": -3.2053646423, "rating_stars": 3.6937934019816794, "stars": 3.0, "latitude": 55.9448965974}
{"rank_positive": 97, "rank_stars": 142, "business_id": "0SFwEc-MiivnTqsd7sXHpg", "neutral": 0, "total": 3, "name": "The Edge", "rating_positive": 4.739615623062615, "positive": 3, "negative": 0, "longitude": -3.1948881149, "rating_stars": 3.6937934019816794, "stars": 3.0, "latitude": 55.936630249}
{"rank_positive": 106, "rank_stars": 143, "business_id": "rmDrg8M8ZiCaOi706Cnzfw", "neutral": 0, "total": 3, "name": "MacGregor Hairdressing and Beauty", "rating_positive": 4.739615623062615, "positive": 3, "negative": 0, "longitude": -3.2094461, "rating_stars": 3.6937934019816794, "stars": 3.0, "latitude": 55.9296209}
{"rank_positive": 165, "rank_stars": 144, "business_id": "M-uVI4zzZdH-EbnUYDADIg", "neutral": 0, "total": 3, "name": "Egg Hair and Body", "rating_positive": 3.691878487290762, "positive": 1, "negative": 2, "longitude": -3.1878638, "rating_stars": 3.6937934019816794, "stars": 3.0, "latitude": 55.9570572}
{"rank_positive": 124, "rank_stars": 145, "business_id": "w7TTFqbw9h6pC5jx_iIRTQ", "neutral": 0, "total": 11, "name": "Mosko", "rating_positive": 4.5733558178752105, "positive": 10, "negative": 1, "longitude": -3.2082671, "rating_stars": 3.6909236955805897, "stars": 3.5, "latitude": 55.9364696}
{"rank_positive": 122, "rank_stars": 146, "business_id": "fnN2dZsRB9sAEH1cLpBI1w", "neutral": 0, "total": 12, "name": "Cheynes", "rating_positive": 4.596362476068921, "positive": 11, "negative": 1, "longitude": -3.2088967705, "rating_stars": 3.6806281931705325, "stars": 3.5, "latitude": 55.936305137}
{"rank_positive": 164, "rank_stars": 147, "business_id": "iERJ-uLvx579JthoFN4G1w", "neutral": 0, "total": 13, "name": "Superdrug", "rating_positive": 3.8495307296397208, "positive": 9, "negative": 3, "longitude": -3.1986609488, "rating_stars": 3.671386242021329, "stars": 3.5, "latitude": 55.9518082763}
{"rank_positive": 157, "rank_stars": 148, "business_id": "jHM5jBozCqv7eXae0SWsTQ", "neutral": 0, "total": 15, "name": "Hot Head", "rating_positive": 4.188409777533644, "positive": 12, "negative": 3, "longitude": -3.1848306, "rating_stars": 3.65547617615942, "stars": 3.5, "latitude": 55.9449931}
{"rank_positive": 2, "rank_stars": 149, "business_id": "pa5zvO_vpmVWAkHoVpWKwQ", "neutral": 0, "total": 18, "name": "PURE Spa & Beauty", "rating_positive": 4.898746383799421, "positive": 18, "negative": 0, "longitude": -3.1788828, "rating_stars": 3.6364726994687677, "stars": 3.5, "latitude": 55.9795839}
{"rank_positive": 3, "rank_stars": 150, "business_id": "dhaM47YzJei-eHr1EgcROA", "neutral": 0, "total": 18, "name": "Lush", "rating_positive": 4.898746383799421, "positive": 18, "negative": 0, "longitude": -3.2012271881, "rating_stars": 3.6364726994687677, "stars": 3.5, "latitude": 55.9513984594}
{"rank_positive": 61, "rank_stars": 151, "business_id": "b3pgqoU3cEj_ESO4guTSug", "neutral": 0, "total": 4, "name": "The Body Shop", "rating_positive": 4.764309764309764, "positive": 4, "negative": 0, "longitude": -3.1988479128, "rating_stars": 3.627995935688243, "stars": 3.0, "latitude": 55.9518016967}
{"rank_positive": 65, "rank_stars": 152, "business_id": "gj0BUbdJj2J0zUz7plQ0tg", "neutral": 0, "total": 4, "name": "Nails Inc Manicure Bar", "rating_positive": 4.764309764309764, "positive": 4, "negative": 0, "longitude": -3.1917851, "rating_stars": 3.627995935688243, "stars": 3.0, "latitude": 55.9548927}
{"rank_positive": 48, "rank_stars": 153, "business_id": "EjPftjp3Sy9bhbSe9HogPg", "neutral": 0, "total": 5, "name": "Le Dermex", "rating_positive": 4.784725781650435, "positive": 5, "negative": 0, "longitude": -3.1806627, "rating_stars": 3.5735975178864425, "stars": 3.0, "latitude": 55.9401001}
{"rank_positive": 81, "rank_stars": 154, "business_id": "S7MzEYycmKOCKx8HotICOQ", "neutral": 0, "total": 3, "name": "Karen's Beauty Room", "rating_positive": 4.739615623062615, "positive": 3, "negative": 0, "longitude": -3.1884109, "rating_stars": 3.5366328316159015, "stars": 2.5, "latitude": 55.9577152}
{"rank_positive": 145, "rank_stars": 155, "business_id": "MhPTkAv_QzW-46xP2idSYQ", "neutral": 0, "total": 3, "name": "Angus Gordon", "rating_positive": 4.215747055176689, "positive": 2, "negative": 1, "longitude": -3.2005979, "rating_stars": 3.5366328316159015, "stars": 2.5, "latitude": 55.9539266}
{"rank_positive": 150, "rank_stars": 156, "business_id": "UyuLs5WQriGiqCxxj550Og", "neutral": 0, "total": 3, "name": "Lindsey Gillies", "rating_positive": 4.215747055176689, "positive": 2, "negative": 1, "longitude": -3.2136798, "rating_stars": 3.5366328316159015, "stars": 2.5, "latitude": 55.948749}
{"rank_positive": 166, "rank_stars": 157, "business_id": "oT6cnr7fwKiR2NVmLZbPZw", "neutral": 0, "total": 3, "name": "Cheynes", "rating_positive": 3.691878487290762, "positive": 1, "negative": 2, "longitude": -3.1982673, "rating_stars": 3.5366328316159015, "stars": 2.5, "latitude": 55.9532078}
{"rank_positive": 132, "rank_stars": 158, "business_id": "wjHJFbKVpJD-GDp5I-kVEg", "neutral": 0, "total": 6, "name": "Sally Hair & Beauty Supplies", "rating_positive": 4.403301886792453, "positive": 5, "negative": 1, "longitude": -3.186781, "rating_stars": 3.5278720553756835, "stars": 3.0, "latitude": 55.9490807}
{"rank_positive": 169, "rank_stars": 159, "business_id": "Tn0z7pqakUqzk5q6brbqcQ", "neutral": 1, "total": 6, "name": "Preston Hair", "rating_positive": 3.2075471698113205, "positive": 2, "negative": 3, "longitude": -3.2187, "rating_stars": 3.5278720553756835, "stars": 3.0, "latitude": 55.9595}
{"rank_positive": 159, "rank_stars": 160, "business_id": "F6pjJtxt-j3ZtmYmf8wa3Q", "neutral": 0, "total": 8, "name": "SemiChem", "rating_positive": 4.141578519121237, "positive": 6, "negative": 2, "longitude": -3.1833553, "rating_stars": 3.4552842788431444, "stars": 3.0, "latitude": 55.9443865}
{"rank_positive": 168, "rank_stars": 161, "business_id": "JFeyqZOBZ9l1R-tOJsTLlA", "neutral": 0, "total": 8, "name": "Heaven Beauty", "rating_positive": 3.4540276647681036, "positive": 4, "negative": 4, "longitude": -3.2866773, "rating_stars": 3.4552842788431444, "stars": 3.0, "latitude": 55.9428752}
{"rank_positive": 10, "rank_stars": 162, "business_id": "uz6Tl6CjBPMn49jIE4QrAQ", "neutral": 0, "total": 10, "name": "Edinburgh Floatarium", "rating_positive": 4.849785407725321, "positive": 10, "negative": 0, "longitude": -3.2075661, "rating_stars": 3.4002463366940088, "stars": 3.0, "latitude": 55.9572891}
{"rank_positive": 89, "rank_stars": 163, "business_id": "b7myh1-8NprU8nuM0DbnEQ", "neutral": 0, "total": 3, "name": "Cube", "rating_positive": 4.739615623062615, "positive": 3, "negative": 0, "longitude": -3.1806667, "rating_stars": 3.3794722612501236, "stars": 2.0, "latitude": 55.9403617}
{"rank_positive": 155, "rank_stars": 164, "business_id": "EVqL4tS-H4Tu2ASEBRUJVQ", "neutral": 0, "total": 3, "name": "Mode Hair and Beauty Salon", "rating_positive": 4.215747055176689, "positive": 2, "negative": 1, "longitude": -3.1847688, "rating_stars": 3.3794722612501236, "stars": 2.0, "latitude": 55.9454303}
{"rank_positive": 163, "rank_stars": 165, "business_id": "m-XOAzNYbaB9JykNhf-tPA", "neutral": 0, "total": 5, "name": "Nefertiti", "rating_positive": 3.9185033316248075, "positive": 3, "negative": 2, "longitude": -3.204095, "rating_stars": 3.3570419053800356, "stars": 2.5, "latitude": 55.9405678}
{"rank_positive": 161, "rank_stars": 166, "business_id": "3RRmNgYHcZKnJBlJVnUPJw", "neutral": 0, "total": 13, "name": "Charlie Miller", "rating_positive": 4.105358764759309, "positive": 10, "negative": 3, "longitude": -3.2109300673, "rating_stars": 3.3388097963658643, "stars": 3.0, "latitude": 55.9340940219}
{"rank_positive": 107, "rank_stars": 167, "business_id": "9ZdOv_8UCsJNgKKwCM0qKQ", "neutral": 0, "total": 3, "name": "Dior'Leigh Hairdressing", "rating_positive": 4.739615623062615, "positive": 3, "negative": 0, "longitude": -3.206729, "rating_stars": 3.0651511205185673, "stars": 1.0, "latitude": 55.9576658}
{"rank_positive": 167, "rank_stars": 168, "business_id": "yGSuRbox1PVT9xzDPpf-ZQ", "neutral": 0, "total": 6, "name": "Cut'Icle Nail Technicians", "rating_positive": 3.606132075471698, "positive": 3, "negative": 3, "longitude": -3.202263, "rating_stars": 2.810419225187004, "stars": 1.5, "latitude": 55.9519279}
{"rank_positive": 158, "rank_stars": 169, "business_id": "1ccWGjjOTlulSlaRcGpHfw", "neutral": 0, "total": 8, "name": "Urban Edinburgh", "rating_positive": 4.141578519121237, "positive": 6, "negative": 2, "longitude": -3.2025918, "rating_stars": 2.6302232536193855, "stars": 1.5, "latitude": 55.9566218}
