{"rank_positive": 126, "rank_stars": 1, "business_id": "TkSIb5m9KXEBq2hViJwuXg", "neutral": 0, "total": 44, "name": "Allwyn's Bakery", "rating_positive": 4.125864579541318, "positive": 36, "negative": 8, "longitude": -79.3258039, "rating_stars": 4.193031758921821, "stars": 4.5, "latitude": 43.760648}
{"rank_positive": 6, "rank_stars": 2, "business_id": "WLmKPfI_MKRw0xQ-9sy9Gg", "neutral": 0, "total": 30, "name": "Allan's Pastry Shop", "rating_positive": 4.616706161137441, "positive": 29, "negative": 1, "longitude": -79.3485457, "rating_stars": 4.100359356283527, "stars": 4.5, "latitude": 43.7785786}
{"rank_positive": 17, "rank_stars": 3, "business_id": "kJFFocY96ahEhlHyH34pJw", "neutral": 1, "total": 29, "name": "Wolfies Delicatessen Specialties", "rating_positive": 4.498062484863163, "positive": 27, "negative": 1, "longitude": -79.4423938, "rating_stars": 4.0915515823483855, "stars": 4.5, "latitude": 43.7547178}
{"rank_positive": 27, "rank_stars": 4, "business_id": "ws1jIdbIe5n79Yy3KYv9sg", "neutral": 1, "total": 26, "name": "Tastee", "rating_positive": 4.4625259336099585, "positive": 24, "negative": 1, "longitude": -79.356810227, "rating_stars": 4.062633942820665, "stars": 4.5, "latitude": 43.8080122996}
{"rank_positive": 1, "rank_stars": 5, "business_id": "WKOUTdVJS58E178JjhwidQ", "neutral": 0, "total": 252, "name": "Pastel Creperies & Dessert House", "rating_positive": 4.691569077061666, "positive": 238, "negative": 14, "longitude": -79.4142988, "rating_stars": 3.9614493687460683, "stars": 4.0, "latitude": 43.7762933}
{"rank_positive": 5, "rank_stars": 6, "business_id": "uhwRh2VtzXxwXoqL2dHqYw", "neutral": 0, "total": 17, "name": "Lindt Chocolate Shop - Don Mills", "rating_positive": 4.617220941718802, "positive": 17, "negative": 0, "longitude": -79.345367246, "rating_stars": 3.9446876797881076, "stars": 4.5, "latitude": 43.7347824336}
{"rank_positive": 98, "rank_stars": 7, "business_id": "-BSf1LtnOrtCWAzmumxUpw", "neutral": 0, "total": 124, "name": "Chatime North York", "rating_positive": 4.232229528730233, "positive": 105, "negative": 18, "longitude": -79.4151764, "rating_stars": 3.926296890834233, "stars": 4.0, "latitude": 43.778093}
{"rank_positive": 8, "rank_stars": 8, "business_id": "Jhnp7-X0lcBaIFidWv0oXg", "neutral": 0, "total": 14, "name": "Red Rose Patisserie", "rating_positive": 4.579413892908828, "positive": 14, "negative": 0, "longitude": -79.4193386, "rating_stars": 3.8898395381752833, "stars": 4.5, "latitude": 43.793382}
{"rank_positive": 13, "rank_stars": 9, "business_id": "kOr4iuBgFoSFFoMfUoTjbQ", "neutral": 0, "total": 45, "name": "Orly Grill", "rating_positive": 4.547448522829006, "positive": 42, "negative": 3, "longitude": -79.4420958, "rating_stars": 3.831426407075467, "stars": 4.0, "latitude": 43.7547872}
{"rank_positive": 14, "rank_stars": 10, "business_id": "Mw47dDfN1YdKuyljNqeA8A", "neutral": 0, "total": 11, "name": "Lady York Foods", "rating_positive": 4.533319951826575, "positive": 11, "negative": 0, "longitude": -79.4537616, "rating_stars": 3.8229692828247623, "stars": 4.5, "latitude": 43.7097405}
{"rank_positive": 16, "rank_stars": 11, "business_id": "tJm0E__86F0EVLJgt_gsJQ", "neutral": 0, "total": 30, "name": "Michel's Baguette French Bakery Cafe", "rating_positive": 4.508886255924171, "positive": 28, "negative": 2, "longitude": -79.3446538, "rating_stars": 3.7768996406437165, "stars": 4.0, "latitude": 43.7778782}
{"rank_positive": 19, "rank_stars": 12, "business_id": "N2qIUW1_GqIqa7S_jvrLcQ", "neutral": 0, "total": 9, "name": "Cookie Scoop", "rating_positive": 4.496535296665223, "positive": 9, "negative": 0, "longitude": -79.4706514, "rating_stars": 3.769604367049148, "stars": 4.5, "latitude": 43.7050905}
{"rank_positive": 25, "rank_stars": 13, "business_id": "DtERMhgmOnKX2G4ln3MR4g", "neutral": 1, "total": 27, "name": "Nino D'aversa Bakery", "rating_positive": 4.474917658981505, "positive": 25, "negative": 1, "longitude": -79.4900253, "rating_stars": 3.761468579558268, "stars": 4.0, "latitude": 43.7597716}
{"rank_positive": 89, "rank_stars": 14, "business_id": "1W7ivbzHZIcy0WX24dbKxw", "neutral": 0, "total": 8, "name": "Marche Istanbul", "rating_positive": 4.270739404869252, "positive": 7, "negative": 0, "longitude": -79.4579488, "rating_stars": 3.7396377292680265, "stars": 4.5, "latitude": 43.7190137}
{"rank_positive": 2, "rank_stars": 15, "business_id": "RIgesysy1UfiP_6g1QumwA", "neutral": 0, "total": 22, "name": "Yummy Market", "rating_positive": 4.667096219931271, "positive": 22, "negative": 0, "longitude": -79.4674481, "rating_stars": 3.7303884546152584, "stars": 4.0, "latitude": 43.7651916}
{"rank_positive": 96, "rank_stars": 16, "business_id": "nlCs-PxHT-jKG3GDAQLGHw", "neutral": 0, "total": 7, "name": "Starbucks", "rating_positive": 4.239539257169723, "positive": 6, "negative": 1, "longitude": -79.434139, "rating_stars": 3.7071069504073733, "stars": 4.5, "latitude": 43.7374345}
{"rank_positive": 78, "rank_stars": 17, "business_id": "6rYiexPjbJwGlpIsAJqAVg", "neutral": 0, "total": 18, "name": "Canaan Cake Centre", "rating_positive": 4.337436061381075, "positive": 16, "negative": 2, "longitude": -79.4108037, "rating_stars": 3.6990142210730443, "stars": 4.0, "latitude": 43.7643684}
{"rank_positive": 79, "rank_stars": 18, "business_id": "gNmo_F0d173s8fnnOfYZ1Q", "neutral": 0, "total": 18, "name": "Starbucks", "rating_positive": 4.337436061381075, "positive": 16, "negative": 2, "longitude": -79.3513823, "rating_stars": 3.6990142210730443, "stars": 4.0, "latitude": 43.7541991}
{"rank_positive": 54, "rank_stars": 19, "business_id": "UbpAU39ZeRQua9wpMYtVyA", "neutral": 0, "total": 4, "name": "Steeles Bakery", "rating_positive": 4.372977346278317, "positive": 4, "negative": 0, "longitude": -79.4453449, "rating_stars": 3.688520217646431, "stars": 5.0, "latitude": 43.7914455}
{"rank_positive": 56, "rank_stars": 20, "business_id": "d6tCORycPazhY9LMxJTBdA", "neutral": 0, "total": 4, "name": "City Fish Market", "rating_positive": 4.372977346278317, "positive": 4, "negative": 0, "longitude": -79.45366, "rating_stars": 3.688520217646431, "stars": 5.0, "latitude": 43.709105}
{"rank_positive": 32, "rank_stars": 21, "business_id": "h-0XrhrGqWcDtTa3BiYqBw", "neutral": 0, "total": 16, "name": "Rustic Bakery", "rating_positive": 4.450950441276307, "positive": 15, "negative": 1, "longitude": -79.4902935, "rating_stars": 3.6804197160612637, "stars": 4.0, "latitude": 43.7155912}
{"rank_positive": 85, "rank_stars": 22, "business_id": "ycYW-ugAQZAYp3vuGwQggA", "neutral": 0, "total": 16, "name": "Grande Cheese Company", "rating_positive": 4.296503733876443, "positive": 14, "negative": 2, "longitude": -79.457047, "rating_stars": 3.6804197160612637, "stars": 4.0, "latitude": 43.7202509}
{"rank_positive": 40, "rank_stars": 23, "business_id": "mi6hfuuXCjY_Q5886BOZfw", "neutral": 0, "total": 6, "name": "Mak Delicatessens", "rating_positive": 4.429027504911591, "positive": 6, "negative": 0, "longitude": -79.3207088, "rating_stars": 3.6716682139078993, "stars": 4.5, "latitude": 43.7407283}
{"rank_positive": 41, "rank_stars": 24, "business_id": "LuF_IGwMA4GdwYfw1Kkx4Q", "neutral": 0, "total": 6, "name": "Ararat Specialty Foods", "rating_positive": 4.429027504911591, "positive": 6, "negative": 0, "longitude": -79.4189124, "rating_stars": 3.6716682139078993, "stars": 4.5, "latitude": 43.7304188}
{"rank_positive": 102, "rank_stars": 25, "business_id": "QQDjI4ZipGPCLjnEZKDZ8Q", "neutral": 0, "total": 6, "name": "Almost Perfect", "rating_positive": 4.205550098231827, "positive": 5, "negative": 1, "longitude": -79.4686096698, "rating_stars": 3.6716682139078993, "stars": 4.5, "latitude": 43.7540942853}
{"rank_positive": 103, "rank_stars": 26, "business_id": "ugksuz0bu6spRFVQE57S2A", "neutral": 0, "total": 6, "name": "Lucky Wok Restaurants", "rating_positive": 4.205550098231827, "positive": 5, "negative": 1, "longitude": -79.4636218, "rating_stars": 3.6716682139078993, "stars": 4.5, "latitude": 43.7315752}
{"rank_positive": 10, "rank_stars": 27, "business_id": "CqYVipvRibAPP4yDIHzvXA", "neutral": 0, "total": 14, "name": "Longo's", "rating_positive": 4.579413892908828, "positive": 14, "negative": 0, "longitude": -79.356887381, "rating_stars": 3.659376441214357, "stars": 4.0, "latitude": 43.7545117055}
{"rank_positive": 91, "rank_stars": 28, "business_id": "rBBYRHZk2Bs5IW-GLZm7Tw", "neutral": 0, "total": 14, "name": "Columbus Bakery", "rating_positive": 4.250180897250362, "positive": 12, "negative": 2, "longitude": -79.4531385, "rating_stars": 3.659376441214357, "stars": 4.0, "latitude": 43.7092161}
{"rank_positive": 49, "rank_stars": 29, "business_id": "M3Rtx5Blr8v0sYj7hsO-0A", "neutral": 0, "total": 13, "name": "Galati Market Fresh", "rating_positive": 4.39487467265245, "positive": 12, "negative": 1, "longitude": -79.3697467, "rating_stars": 3.6477802033357585, "stars": 4.0, "latitude": 43.7974905}
{"rank_positive": 50, "rank_stars": 30, "business_id": "bzCEZKU1qULZNsT_mlIT4g", "neutral": 0, "total": 13, "name": "Ava Food Market", "rating_positive": 4.39487467265245, "positive": 12, "negative": 1, "longitude": -79.3992219398, "rating_stars": 3.6477802033357585, "stars": 4.0, "latitude": 43.7640457838}
{"rank_positive": 12, "rank_stars": 31, "business_id": "DCSfMFAdiAxA6Q_N4cw3jA", "neutral": 0, "total": 12, "name": "Johnvince Foods", "rating_positive": 4.549767621998451, "positive": 12, "negative": 0, "longitude": -79.4687057, "rating_stars": 3.6353665699134328, "stars": 4.0, "latitude": 43.759187}
{"rank_positive": 142, "rank_stars": 32, "business_id": "fYLkk2P44fODmd0z1-jL9g", "neutral": 0, "total": 12, "name": "Happy Bagel Bakery", "rating_positive": 4.021107668474051, "positive": 9, "negative": 3, "longitude": -79.4422995, "rating_stars": 3.6353665699134328, "stars": 4.0, "latitude": 43.7743346}
{"rank_positive": 47, "rank_stars": 33, "business_id": "jYM-JoXlXkxUem7yQdbwmQ", "neutral": 0, "total": 5, "name": "Bulk Barn", "rating_positive": 4.402313624678663, "positive": 5, "negative": 0, "longitude": -79.5315560794, "rating_stars": 3.6329133591344385, "stars": 4.5, "latitude": 43.7116216251}
{"rank_positive": 83, "rank_stars": 34, "business_id": "qiwgKsNH860fLckHAqS_JQ", "neutral": 0, "total": 9, "name": "Loblaw Greatfood", "rating_positive": 4.299480294499784, "positive": 8, "negative": 0, "longitude": -79.4044160843, "rating_stars": 3.5922548651002524, "stars": 4.0, "latitude": 43.7343133901}
{"rank_positive": 57, "rank_stars": 35, "business_id": "npXeRfXeL6gRvuF_nXn0hg", "neutral": 0, "total": 4, "name": "Pino Bakery", "rating_positive": 4.372977346278317, "positive": 4, "negative": 0, "longitude": -79.42039, "rating_stars": 3.59035409035409, "stars": 4.5, "latitude": 43.736358}
{"rank_positive": 62, "rank_stars": 36, "business_id": "pSYUl0aztvl7ghT4LiAlmw", "neutral": 0, "total": 4, "name": "La Notre Coffee & Donuts", "rating_positive": 4.372977346278317, "positive": 4, "negative": 0, "longitude": -79.3258039, "rating_stars": 3.59035409035409, "stars": 4.5, "latitude": 43.760648}
{"rank_positive": 64, "rank_stars": 37, "business_id": "u09-laAwRTmc6yJgraF-XQ", "neutral": 0, "total": 4, "name": "Juan Meat Market", "rating_positive": 4.372977346278317, "positive": 4, "negative": 0, "longitude": -79.5120425, "rating_stars": 3.59035409035409, "stars": 4.5, "latitude": 43.7188244}
{"rank_positive": 161, "rank_stars": 38, "business_id": "ofG4TlKzwwzM-uCmjFRFYw", "neutral": 1, "total": 4, "name": "Baskin-Robbins Ice Cream", "rating_positive": 3.8821467098166127, "positive": 2, "negative": 1, "longitude": -79.4193247, "rating_stars": 3.59035409035409, "stars": 4.5, "latitude": 43.7333961}
{"rank_positive": 88, "rank_stars": 39, "business_id": "TNEL6dfwAjp7QORiiUoVnA", "neutral": 0, "total": 8, "name": "LCBO", "rating_positive": 4.270739404869252, "positive": 7, "negative": 1, "longitude": -79.3886264, "rating_stars": 3.575525916824384, "stars": 4.0, "latitude": 43.7692924}
{"rank_positive": 29, "rank_stars": 40, "business_id": "uhlZlcSAdBvUQDp37Fb9NQ", "neutral": 0, "total": 7, "name": "Avenue Seafood", "rating_positive": 4.453455571227081, "positive": 7, "negative": 0, "longitude": -79.4182114, "rating_stars": 3.557365530567223, "stars": 4.0, "latitude": 43.7290655}
{"rank_positive": 30, "rank_stars": 41, "business_id": "Zcu642UYN8h9v7-Hq8kQMA", "neutral": 0, "total": 7, "name": "Presotea", "rating_positive": 4.453455571227081, "positive": 7, "negative": 0, "longitude": -79.4108817649, "rating_stars": 3.557365530567223, "stars": 4.0, "latitude": 43.7601423467}
{"rank_positive": 93, "rank_stars": 42, "business_id": "v48pX8NnZyWP6rvhbIMRdg", "neutral": 0, "total": 7, "name": "Metro", "rating_positive": 4.239539257169723, "positive": 6, "negative": 1, "longitude": -79.4770926, "rating_stars": 3.557365530567223, "stars": 4.0, "latitude": 43.7084357}
{"rank_positive": 69, "rank_stars": 43, "business_id": "5l7aqRR2WwnDMzsULoenew", "neutral": 0, "total": 3, "name": "Hermes Bakery", "rating_positive": 4.340612592172433, "positive": 3, "negative": 0, "longitude": -79.4283962, "rating_stars": 3.5434012952447436, "stars": 4.5, "latitude": 43.7141844}
{"rank_positive": 70, "rank_stars": 44, "business_id": "rRYgd0-nq43w0rhq4SxHvA", "neutral": 0, "total": 3, "name": "Eddystone Meats", "rating_positive": 4.340612592172433, "positive": 3, "negative": 0, "longitude": -79.5216143, "rating_stars": 3.5434012952447436, "stars": 4.5, "latitude": 43.7474037}
{"rank_positive": 73, "rank_stars": 45, "business_id": "Sk1y_kxEVVE1u9OK-P8kJA", "neutral": 0, "total": 3, "name": "Swiss-Master Chocolatier", "rating_positive": 4.340612592172433, "positive": 3, "negative": 0, "longitude": -79.384148, "rating_stars": 3.5434012952447436, "stars": 4.5, "latitude": 43.7478786}
{"rank_positive": 37, "rank_stars": 46, "business_id": "A7h6Gg94Xa3F3hcscceyKg", "neutral": 0, "total": 6, "name": "Shoppers Drug Mart", "rating_positive": 4.429027504911591, "positive": 6, "negative": 0, "longitude": -79.3457710766, "rating_stars": 3.537581769900041, "stars": 4.0, "latitude": 43.7371616514}
{"rank_positive": 104, "rank_stars": 47, "business_id": "dyazGhNoKpt0qqMgCUZUjw", "neutral": 0, "total": 6, "name": "Bakery El Quetzal", "rating_positive": 4.205550098231827, "positive": 5, "negative": 1, "longitude": -79.5111404958, "rating_stars": 3.537581769900041, "stars": 4.0, "latitude": 43.7001904999}
{"rank_positive": 44, "rank_stars": 48, "business_id": "8U1OnTZSCWCcuqSQJhV65A", "neutral": 0, "total": 5, "name": "Venarello's Bakery & Deli", "rating_positive": 4.402313624678663, "positive": 5, "negative": 0, "longitude": -79.4534683228, "rating_stars": 3.515946778157575, "stars": 4.0, "latitude": 43.7095789082}
{"rank_positive": 46, "rank_stars": 49, "business_id": "NQipNgmqouT2eJ7VtYm3_w", "neutral": 0, "total": 5, "name": "Sunrise Kosher Foods", "rating_positive": 4.402313624678663, "positive": 5, "negative": 0, "longitude": -79.4417426, "rating_stars": 3.515946778157575, "stars": 4.0, "latitude": 43.7551681}
{"rank_positive": 108, "rank_stars": 50, "business_id": "XcVwLSQVs8eWSAwGOSagUQ", "neutral": 0, "total": 5, "name": "Haymishe Bagel Shop", "rating_positive": 4.168380462724936, "positive": 4, "negative": 1, "longitude": -79.4294989, "rating_stars": 3.515946778157575, "stars": 4.0, "latitude": 43.7182558}
{"rank_positive": 109, "rank_stars": 51, "business_id": "rG-yvE321mGxakrO-55J5Q", "neutral": 0, "total": 5, "name": "Donut Counter", "rating_positive": 4.168380462724936, "positive": 4, "negative": 1, "longitude": -79.392952, "rating_stars": 3.515946778157575, "stars": 4.0, "latitude": 43.792184}
{"rank_positive": 55, "rank_stars": 52, "business_id": "Ch9Yg4wPYYFMnaWUOs8eXQ", "neutral": 0, "total": 4, "name": "Donut Delight", "rating_positive": 4.372977346278317, "positive": 4, "negative": 0, "longitude": -79.5227309, "rating_stars": 3.492187963061749, "stars": 4.0, "latitude": 43.7176277}
{"rank_positive": 61, "rank_stars": 53, "business_id": "MDsRuzo3L1uL8WC7VQVCGg", "neutral": 0, "total": 4, "name": "Lucas Coffee Shop", "rating_positive": 4.372977346278317, "positive": 4, "negative": 0, "longitude": -79.3555272, "rating_stars": 3.492187963061749, "stars": 4.0, "latitude": 43.7611815}
{"rank_positive": 63, "rank_stars": 54, "business_id": "zs421MgnmjEeSesfgXNItQ", "neutral": 0, "total": 4, "name": "Leonidas Chocolate", "rating_positive": 4.372977346278317, "positive": 4, "negative": 0, "longitude": -79.3879694, "rating_stars": 3.492187963061749, "stars": 4.0, "latitude": 43.7667283}
{"rank_positive": 116, "rank_stars": 55, "business_id": "zZfq52t0TUnwEk2V3-oPwQ", "neutral": 0, "total": 4, "name": "Bologna Pastificio", "rating_positive": 4.127562028047465, "positive": 3, "negative": 1, "longitude": -79.4532575, "rating_stars": 3.492187963061749, "stars": 4.0, "latitude": 43.7082003}
{"rank_positive": 121, "rank_stars": 56, "business_id": "Imqv2D4hmizxc7ekVjuq8w", "neutral": 0, "total": 4, "name": "The Tea Leaf", "rating_positive": 4.127562028047465, "positive": 3, "negative": 1, "longitude": -79.3864831, "rating_stars": 3.492187963061749, "stars": 4.0, "latitude": 43.7697939}
{"rank_positive": 122, "rank_stars": 57, "business_id": "NOH1MGFCDBblP5N8TgCXUg", "neutral": 0, "total": 4, "name": "Tim Hortons", "rating_positive": 4.127562028047465, "positive": 3, "negative": 1, "longitude": -79.4122019154, "rating_stars": 3.492187963061749, "stars": 4.0, "latitude": 43.765538208}
{"rank_positive": 124, "rank_stars": 58, "business_id": "986d6Y0RUWjOhTw8OtAJZg", "neutral": 0, "total": 4, "name": "Holland Store", "rating_positive": 4.127562028047465, "positive": 3, "negative": 1, "longitude": -79.5343397, "rating_stars": 3.492187963061749, "stars": 4.0, "latitude": 43.7091494}
{"rank_positive": 21, "rank_stars": 59, "business_id": "Bo9uuPiAsq_z02eb87N41g", "neutral": 1, "total": 180, "name": "Sushi Legend", "rating_positive": 4.476636821488529, "positive": 162, "negative": 17, "longitude": -79.3648910522, "rating_stars": 3.489004839592417, "stars": 3.5, "latitude": 43.7924108418}
{"rank_positive": 182, "rank_stars": 60, "business_id": "-0NrB58jqKqJfuUCDupcsw", "neutral": 0, "total": 76, "name": "The Fry", "rating_positive": 3.0754817987152037, "positive": 43, "negative": 33, "longitude": -79.4114635885, "rating_stars": 3.4766258010369366, "stars": 3.5, "latitude": 43.7628737536}
{"rank_positive": 26, "rank_stars": 61, "business_id": "_kbxNHWv2Z6o-TJZKWmzhg", "neutral": 0, "total": 65, "name": "Cafe Bene", "rating_positive": 4.474341661039839, "positive": 59, "negative": 6, "longitude": -79.4148024, "rating_stars": 3.473466101757797, "stars": 3.5, "latitude": 43.7783844}
{"rank_positive": 28, "rank_stars": 62, "business_id": "9qWdtNzhIe4iX_eC4w5hUA", "neutral": 1, "total": 62, "name": "McEwan Gourmet Grocery Store", "rating_positive": 4.454220415030847, "positive": 56, "negative": 5, "longitude": -79.3450102, "rating_stars": 3.4724504323494796, "stars": 3.5, "latitude": 43.7364717}
{"rank_positive": 67, "rank_stars": 63, "business_id": "U92g1VgKnjTfMHrHemPt9g", "neutral": 0, "total": 3, "name": "Popcorn Kernels", "rating_positive": 4.340612592172433, "positive": 3, "negative": 0, "longitude": -79.452168, "rating_stars": 3.4659764512288618, "stars": 4.0, "latitude": 43.7256702}
{"rank_positive": 68, "rank_stars": 64, "business_id": "tJfnQ_xYPdw2WCGyakoVIg", "neutral": 0, "total": 3, "name": "Capri Bagels & Buns", "rating_positive": 4.340612592172433, "positive": 3, "negative": 0, "longitude": -79.5258375, "rating_stars": 3.4659764512288618, "stars": 4.0, "latitude": 43.7391736}
{"rank_positive": 52, "rank_stars": 65, "business_id": "5pX4aF-TyIjzXXx1S1uXwg", "neutral": 0, "total": 29, "name": "Kiva's Restaurant & Bakery", "rating_positive": 4.387866311455558, "positive": 26, "negative": 3, "longitude": -79.4477032015, "rating_stars": 3.4524137765842777, "stars": 3.5, "latitude": 43.7913381016}
{"rank_positive": 3, "rank_stars": 66, "business_id": "gSqnNKCLSbW9509lWviQOw", "neutral": 0, "total": 21, "name": "Ice 'n Cake", "rating_positive": 4.658188768009409, "positive": 21, "negative": 0, "longitude": -79.344201, "rating_stars": 3.442227722292409, "stars": 3.5, "latitude": 43.7364416}
{"rank_positive": 15, "rank_stars": 67, "business_id": "GKKEyrn0Z2-ijhkVBb61jw", "neutral": 0, "total": 21, "name": "Starbucks", "rating_positive": 4.52440458688621, "positive": 20, "negative": 1, "longitude": -79.4130463, "rating_stars": 3.442227722292409, "stars": 3.5, "latitude": 43.7683537}
{"rank_positive": 90, "rank_stars": 68, "business_id": "24eTPqdGHu9QtAmpYKp-yg", "neutral": 1, "total": 21, "name": "Starbucks", "rating_positive": 4.256836224639812, "positive": 18, "negative": 2, "longitude": -79.4163491473, "rating_stars": 3.442227722292409, "stars": 3.5, "latitude": 43.7799270463}
{"rank_positive": 127, "rank_stars": 69, "business_id": "NsKmhcG6arDhTqDVKXIv6g", "neutral": 1, "total": 21, "name": "Loblaws - Yonge Street", "rating_positive": 4.123052043516613, "positive": 17, "negative": 2, "longitude": -79.4121421, "rating_stars": 3.442227722292409, "stars": 3.5, "latitude": 43.7687386}
{"rank_positive": 130, "rank_stars": 70, "business_id": "I54BYLDWfI3cC7Ehjb18Mw", "neutral": 0, "total": 20, "name": "The Bagel House", "rating_positive": 4.098942598187311, "positive": 16, "negative": 4, "longitude": -79.4183647, "rating_stars": 3.4406394210019586, "stars": 3.5, "latitude": 43.7282856}
{"rank_positive": 20, "rank_stars": 71, "business_id": "3ijLguDlxXRDSPHSVrikPQ", "neutral": 0, "total": 18, "name": "He He Long Bbq Take-Out Shop", "rating_positive": 4.48289641943734, "positive": 17, "negative": 1, "longitude": -79.3661426, "rating_stars": 3.437185576571766, "stars": 3.5, "latitude": 43.7914128}
{"rank_positive": 114, "rank_stars": 72, "business_id": "hQYhybAvH3hbheZWvW41_A", "neutral": 1, "total": 17, "name": "Bagel Plus", "rating_positive": 4.16776424102733, "positive": 14, "negative": 2, "longitude": -79.440459, "rating_stars": 3.4353034190044394, "stars": 3.5, "latitude": 43.7551421}
{"rank_positive": 7, "rank_stars": 73, "business_id": "XqNzDcbrTkgGM9orhomdgA", "neutral": 0, "total": 15, "name": "Second Cup", "rating_positive": 4.592819614711034, "positive": 15, "negative": 0, "longitude": -79.3844812, "rating_stars": 3.431179153595966, "stars": 3.5, "latitude": 43.8057956}
{"rank_positive": 33, "rank_stars": 74, "business_id": "qJfxd_VyeT5uQEplLuDpbg", "neutral": 0, "total": 15, "name": "Super Arzon", "rating_positive": 4.433450087565674, "positive": 14, "negative": 1, "longitude": -79.4178782765, "rating_stars": 3.431179153595966, "stars": 3.5, "latitude": 43.7913941204}
{"rank_positive": 34, "rank_stars": 75, "business_id": "PwO3JDkkY6y9Jty8aXFmsQ", "neutral": 0, "total": 15, "name": "What A Bagel", "rating_positive": 4.433450087565674, "positive": 14, "negative": 1, "longitude": -79.3579885, "rating_stars": 3.431179153595966, "stars": 3.5, "latitude": 43.754089}
{"rank_positive": 35, "rank_stars": 76, "business_id": "vToX1tz1HZXJi8T_EOaNQQ", "neutral": 0, "total": 15, "name": "Carlo's No Frills", "rating_positive": 4.433450087565674, "positive": 14, "negative": 1, "longitude": -79.4216736, "rating_stars": 3.431179153595966, "stars": 3.5, "latitude": 43.7947029}
{"rank_positive": 9, "rank_stars": 77, "business_id": "PU7GZl7YLWoA89vepBIysA", "neutral": 0, "total": 14, "name": "Downsview Park Merchants Market", "rating_positive": 4.579413892908828, "positive": 14, "negative": 0, "longitude": -79.4779516, "rating_stars": 3.4289133442534308, "stars": 3.5, "latitude": 43.7496488}
{"rank_positive": 42, "rank_stars": 78, "business_id": "tU3zlAADEJREAaDas8oCOg", "neutral": 0, "total": 14, "name": "One Stop Seat", "rating_positive": 4.414797395079595, "positive": 13, "negative": 1, "longitude": -79.4133914, "rating_stars": 3.4289133442534308, "stars": 3.5, "latitude": 43.7703586}
{"rank_positive": 43, "rank_stars": 79, "business_id": "Lrle-Vr9YlLxVIEIlrHDRg", "neutral": 0, "total": 14, "name": "ibake", "rating_positive": 4.414797395079595, "positive": 13, "negative": 1, "longitude": -79.4147216, "rating_stars": 3.4289133442534308, "stars": 3.5, "latitude": 43.7775276}
{"rank_positive": 11, "rank_stars": 80, "business_id": "P9bybMtZRLoVjWnzo1j_nA", "neutral": 0, "total": 12, "name": "Teaopia", "rating_positive": 4.549767621998451, "positive": 12, "negative": 0, "longitude": -79.3455565, "rating_stars": 3.423902588503673, "stars": 3.5, "latitude": 43.7340865}
{"rank_positive": 141, "rank_stars": 81, "business_id": "B8aJxPaKpMq47pzInJ92Yw", "neutral": 0, "total": 12, "name": "Tone Tai Supermarket", "rating_positive": 4.021107668474051, "positive": 9, "negative": 3, "longitude": -79.3517362758, "rating_stars": 3.423902588503673, "stars": 3.5, "latitude": 43.7855440714}
{"rank_positive": 115, "rank_stars": 82, "business_id": "7KInHNNyDF3Q24LV3Xganw", "neutral": 0, "total": 10, "name": "Commisso Italian Bakery", "rating_positive": 4.136458333333334, "positive": 8, "negative": 2, "longitude": -79.5173539, "rating_stars": 3.418131868131868, "stars": 3.5, "latitude": 43.7484534}
{"rank_positive": 18, "rank_stars": 83, "business_id": "UZShf6G75npKCCjiHsf46Q", "neutral": 0, "total": 9, "name": "Fortinos Supermarket", "rating_positive": 4.496535296665223, "positive": 9, "negative": 0, "longitude": -79.4472576, "rating_stars": 3.4149053631513566, "stars": 3.5, "latitude": 43.7166569}
{"rank_positive": 81, "rank_stars": 84, "business_id": "YR5ZCwgaQ5J4DZ6bf7yqEw", "neutral": 0, "total": 9, "name": "Happy Lemon", "rating_positive": 4.299480294499784, "positive": 8, "negative": 1, "longitude": -79.4144144, "rating_stars": 3.4149053631513566, "stars": 3.5, "latitude": 43.7763659}
{"rank_positive": 22, "rank_stars": 85, "business_id": "X5UuaI0a-xZ8bCS5bzwweQ", "neutral": 0, "total": 8, "name": "The Second Cup", "rating_positive": 4.475879170423805, "positive": 8, "negative": 0, "longitude": -79.3579885, "rating_stars": 3.4114141043807407, "stars": 3.5, "latitude": 43.754089}
{"rank_positive": 23, "rank_stars": 86, "business_id": "8_ZRAXVQDOtK2LpbcQ2i2g", "neutral": 0, "total": 8, "name": "Globe Meats Fresh Market & Grill", "rating_positive": 4.475879170423805, "positive": 8, "negative": 0, "longitude": -79.5370393, "rating_stars": 3.4114141043807407, "stars": 3.5, "latitude": 43.7564445}
{"rank_positive": 24, "rank_stars": 87, "business_id": "Nvr7_yjdolr1Hm54eyzTuw", "neutral": 0, "total": 8, "name": "Aries Cafe", "rating_positive": 4.475879170423805, "positive": 8, "negative": 0, "longitude": -79.4140949, "rating_stars": 3.4114141043807407, "stars": 3.5, "latitude": 43.7732699}
{"rank_positive": 87, "rank_stars": 88, "business_id": "MXPOTLys-ssfyEzuIeWPOw", "neutral": 0, "total": 8, "name": "Oriental King Asian Cuisine", "rating_positive": 4.270739404869252, "positive": 7, "negative": 1, "longitude": -79.4043954, "rating_stars": 3.4114141043807407, "stars": 3.5, "latitude": 43.7336077}
{"rank_positive": 94, "rank_stars": 89, "business_id": "LMH24YQT5fMmM4snLBA2Rw", "neutral": 0, "total": 7, "name": "Starbucks", "rating_positive": 4.239539257169723, "positive": 6, "negative": 1, "longitude": -79.4185138, "rating_stars": 3.407624110727072, "stars": 3.5, "latitude": 43.7286734}
{"rank_positive": 95, "rank_stars": 90, "business_id": "nWdmtGhKAcpwQQI0JYA5hQ", "neutral": 0, "total": 7, "name": "LCBO", "rating_positive": 4.239539257169723, "positive": 6, "negative": 1, "longitude": -79.4121421, "rating_stars": 3.407624110727072, "stars": 3.5, "latitude": 43.7687386}
{"rank_positive": 36, "rank_stars": 91, "business_id": "Vb4aceiQjd1SVmEBFvrIXA", "neutral": 0, "total": 6, "name": "Marcy Fine Foods", "rating_positive": 4.429027504911591, "positive": 6, "negative": 0, "longitude": -79.3296953, "rating_stars": 3.403495325892182, "stars": 3.5, "latitude": 43.7749279}
{"rank_positive": 110, "rank_stars": 92, "business_id": "9YAdVMSYX9rlKBpYX1ZYGQ", "neutral": 0, "total": 5, "name": "Ace Bakery & Bread Store", "rating_positive": 4.168380462724936, "positive": 4, "negative": 1, "longitude": -79.4707902, "rating_stars": 3.398980197180711, "stars": 3.5, "latitude": 43.7059983}
{"rank_positive": 111, "rank_stars": 93, "business_id": "-ZppDJFo_hFkGTJXrWVY5A", "neutral": 0, "total": 5, "name": "La Stella Patisserie", "rating_positive": 4.168380462724936, "positive": 4, "negative": 1, "longitude": -79.5134864, "rating_stars": 3.398980197180711, "stars": 3.5, "latitude": 43.7409183}
{"rank_positive": 53, "rank_stars": 94, "business_id": "MuDmP50gdV_NYSP2Tb8ZfA", "neutral": 0, "total": 4, "name": "Nortown Meats & Specialities", "rating_positive": 4.372977346278317, "positive": 4, "negative": 0, "longitude": -79.385072, "rating_stars": 3.3940218357694083, "stars": 3.5, "latitude": 43.7472581}
{"rank_positive": 60, "rank_stars": 95, "business_id": "lrWS74jcGpdaG2bOHtzl7Q", "neutral": 0, "total": 4, "name": "Metro", "rating_positive": 4.372977346278317, "positive": 4, "negative": 0, "longitude": -79.342798, "rating_stars": 3.3940218357694083, "stars": 3.5, "latitude": 43.7342742}
{"rank_positive": 120, "rank_stars": 96, "business_id": "71CNsnmRbnDsPb2o1UrkKg", "neutral": 0, "total": 4, "name": "Caffe Demetre", "rating_positive": 4.127562028047465, "positive": 3, "negative": 1, "longitude": -79.4562054, "rating_stars": 3.3940218357694083, "stars": 3.5, "latitude": 43.7208066}
{"rank_positive": 66, "rank_stars": 97, "business_id": "HTgwDseCmII-ScQhcmXWlA", "neutral": 0, "total": 3, "name": "R Bakery", "rating_positive": 4.340612592172433, "positive": 3, "negative": 0, "longitude": -79.5619798, "rating_stars": 3.3885516072129795, "stars": 3.5, "latitude": 43.7479111}
{"rank_positive": 71, "rank_stars": 98, "business_id": "mbBhSRB_bpA0trAvCYzOuw", "neutral": 0, "total": 3, "name": "FV Foods", "rating_positive": 4.340612592172433, "positive": 3, "negative": 0, "longitude": -79.4699707031, "rating_stars": 3.3885516072129795, "stars": 3.5, "latitude": 43.7868270874}
{"rank_positive": 72, "rank_stars": 99, "business_id": "is_W7LqMmoOazw1vpfXbcA", "neutral": 0, "total": 3, "name": "LCBO", "rating_positive": 4.340612592172433, "positive": 3, "negative": 0, "longitude": -79.417224, "rating_stars": 3.3885516072129795, "stars": 3.5, "latitude": 43.7889523}
{"rank_positive": 74, "rank_stars": 100, "business_id": "kYXmzpc2KrLvSD9eHOQf-Q", "neutral": 0, "total": 3, "name": "Timothy's Cafe", "rating_positive": 4.340612592172433, "positive": 3, "negative": 0, "longitude": -79.4163609, "rating_stars": 3.3885516072129795, "stars": 3.5, "latitude": 43.7801491}
{"rank_positive": 76, "rank_stars": 101, "business_id": "Mlf0fZiaoOI_cYi670fvww", "neutral": 0, "total": 3, "name": "Danforth Food Market", "rating_positive": 4.340612592172433, "positive": 3, "negative": 0, "longitude": -79.4885171, "rating_stars": 3.3885516072129795, "stars": 3.5, "latitude": 43.7554007}
{"rank_positive": 132, "rank_stars": 102, "business_id": "3yADbs5qFY47TLJzQSfIdg", "neutral": 0, "total": 3, "name": "Shoeless Joe's", "rating_positive": 4.08252977878616, "positive": 2, "negative": 1, "longitude": -79.3515256, "rating_stars": 3.3885516072129795, "stars": 3.5, "latitude": 43.7547774}
{"rank_positive": 75, "rank_stars": 103, "business_id": "D7ndPkXhTwo-J3Iu7k7m7g", "neutral": 0, "total": 3, "name": "Bulk Food Connoisseur", "rating_positive": 4.340612592172433, "positive": 3, "negative": 0, "longitude": -79.4170179, "rating_stars": 3.3111267631970973, "stars": 3.0, "latitude": 43.7859429}
{"rank_positive": 136, "rank_stars": 104, "business_id": "boT-mg_0G7Gj7RphB82p3Q", "neutral": 0, "total": 3, "name": "International Discount Foods", "rating_positive": 4.08252977878616, "positive": 2, "negative": 1, "longitude": -79.4904296, "rating_stars": 3.3111267631970973, "stars": 3.0, "latitude": 43.7821596}
{"rank_positive": 137, "rank_stars": 105, "business_id": "GdQqhyy8bx0iU6IErIt1WQ", "neutral": 0, "total": 3, "name": "Second Cup At Empress Walk", "rating_positive": 4.08252977878616, "positive": 2, "negative": 1, "longitude": -79.4123636, "rating_stars": 3.3111267631970973, "stars": 3.0, "latitude": 43.7691258}
{"rank_positive": 58, "rank_stars": 106, "business_id": "4KeFH7d7on30Y1Vy9baz1w", "neutral": 0, "total": 4, "name": "Starbucks", "rating_positive": 4.372977346278317, "positive": 4, "negative": 0, "longitude": -79.4662395, "rating_stars": 3.295855708477067, "stars": 3.0, "latitude": 43.7585972}
{"rank_positive": 59, "rank_stars": 107, "business_id": "7ahUyPUwmlP6Gx0_4EdSYg", "neutral": 0, "total": 4, "name": "Tim Hortons", "rating_positive": 4.372977346278317, "positive": 4, "negative": 0, "longitude": -79.4994268, "rating_stars": 3.295855708477067, "stars": 3.0, "latitude": 43.7608876}
{"rank_positive": 117, "rank_stars": 108, "business_id": "a_-ea7XYtpRDVLKl3w3WZA", "neutral": 0, "total": 4, "name": "Bayview Valu-Mart", "rating_positive": 4.127562028047465, "positive": 3, "negative": 1, "longitude": -79.3928926, "rating_stars": 3.295855708477067, "stars": 3.0, "latitude": 43.7889089}
{"rank_positive": 118, "rank_stars": 109, "business_id": "ia903AgAP1Rh4Bq_hkHWQA", "neutral": 0, "total": 4, "name": "Emporio De Los Sandwiches", "rating_positive": 4.127562028047465, "positive": 3, "negative": 1, "longitude": -79.46888, "rating_stars": 3.295855708477067, "stars": 3.0, "latitude": 43.7301914}
{"rank_positive": 119, "rank_stars": 110, "business_id": "MSom80E3NvcmzaGBJ5XBfg", "neutral": 0, "total": 4, "name": "Daiter's Creamery & Appetizers", "rating_positive": 4.127562028047465, "positive": 3, "negative": 1, "longitude": -79.4321779, "rating_stars": 3.295855708477067, "stars": 3.0, "latitude": 43.7298034}
{"rank_positive": 123, "rank_stars": 111, "business_id": "Q7T6HAGKMIQwm2-dnWMWdA", "neutral": 0, "total": 4, "name": "Pho On The Go", "rating_positive": 4.127562028047465, "positive": 3, "negative": 1, "longitude": -79.5175302, "rating_stars": 3.295855708477067, "stars": 3.0, "latitude": 43.7569623}
{"rank_positive": 125, "rank_stars": 112, "business_id": "CKYvhDx_l2PmSNRoVb6JSw", "neutral": 0, "total": 4, "name": "Tim Horton's", "rating_positive": 4.127562028047465, "positive": 3, "negative": 1, "longitude": -79.3024858, "rating_stars": 3.295855708477067, "stars": 3.0, "latitude": 43.7232769}
{"rank_positive": 160, "rank_stars": 113, "business_id": "NBPIxHjAOJQJKKzM0UgWuQ", "neutral": 0, "total": 4, "name": "Nespresso Boutique", "rating_positive": 3.8821467098166127, "positive": 2, "negative": 2, "longitude": -79.4528087, "rating_stars": 3.295855708477067, "stars": 3.0, "latitude": 43.7251083}
{"rank_positive": 171, "rank_stars": 114, "business_id": "Lw6A2cDHrRpRKoAag67Y8g", "neutral": 0, "total": 4, "name": "Tim Hortons", "rating_positive": 3.6367313915857604, "positive": 1, "negative": 3, "longitude": -79.4569078, "rating_stars": 3.295855708477067, "stars": 3.0, "latitude": 43.7513234}
{"rank_positive": 151, "rank_stars": 115, "business_id": "GEwCvQqhAupYmR7NPGS52g", "neutral": 0, "total": 5, "name": "Baro Gun Pang Bakery", "rating_positive": 3.934447300771208, "positive": 3, "negative": 2, "longitude": -79.4184309, "rating_stars": 3.282013616203847, "stars": 3.0, "latitude": 43.7913223}
{"rank_positive": 107, "rank_stars": 116, "business_id": "zaJkOJU0EtsUyjjP-z59ow", "neutral": 0, "total": 6, "name": "Mövenpick Marché", "rating_positive": 4.205550098231827, "positive": 5, "negative": 1, "longitude": -79.3850769159, "rating_stars": 3.2694088818843237, "stars": 3.0, "latitude": 43.7471377903}
{"rank_positive": 148, "rank_stars": 117, "business_id": "yJ2dxCoBWUyWOUUDv6DC9g", "neutral": 0, "total": 6, "name": "Cookiegrams", "rating_positive": 3.982072691552063, "positive": 4, "negative": 2, "longitude": -79.4744751, "rating_stars": 3.2694088818843237, "stars": 3.0, "latitude": 43.7717555}
{"rank_positive": 149, "rank_stars": 118, "business_id": "Dr6z1gyCKUxsuiUg6p3HrA", "neutral": 0, "total": 6, "name": "Tim Hortons", "rating_positive": 3.982072691552063, "positive": 4, "negative": 2, "longitude": -79.3517845, "rating_stars": 3.2694088818843237, "stars": 3.0, "latitude": 43.7550425}
{"rank_positive": 31, "rank_stars": 119, "business_id": "xQhZo-O-Wa79pR7VDnuPng", "neutral": 0, "total": 7, "name": "St Pio Bakery", "rating_positive": 4.453455571227081, "positive": 7, "negative": 0, "longitude": -79.5081706, "rating_stars": 3.257882690886922, "stars": 3.0, "latitude": 43.7195197}
{"rank_positive": 92, "rank_stars": 120, "business_id": "tMETLbri7l5Z1bGs9V6gQw", "neutral": 0, "total": 7, "name": "Timothys Coffees of the World", "rating_positive": 4.239539257169723, "positive": 6, "negative": 1, "longitude": -79.3849352, "rating_stars": 3.257882690886922, "stars": 3.0, "latitude": 43.7690889}
{"rank_positive": 97, "rank_stars": 121, "business_id": "5eBNGReFI2fT_Nc1wPezsA", "neutral": 0, "total": 7, "name": "Shoppers Drug Mart", "rating_positive": 4.239539257169723, "positive": 6, "negative": 1, "longitude": -79.4126462, "rating_stars": 3.257882690886922, "stars": 3.0, "latitude": 43.7657608}
{"rank_positive": 82, "rank_stars": 122, "business_id": "LiS0zRKkPQM2j6ASs36fEQ", "neutral": 0, "total": 9, "name": "Dairy Queen Canada", "rating_positive": 4.299480294499784, "positive": 8, "negative": 1, "longitude": -79.4119567, "rating_stars": 3.2375558612024613, "stars": 3.0, "latitude": 43.7668728}
{"rank_positive": 129, "rank_stars": 123, "business_id": "QXCVz1mZY4llCh2h2D48Ww", "neutral": 0, "total": 9, "name": "Starbucks", "rating_positive": 4.102425292334344, "positive": 7, "negative": 2, "longitude": -79.3446538, "rating_stars": 3.2375558612024613, "stars": 3.0, "latitude": 43.7778782}
{"rank_positive": 153, "rank_stars": 124, "business_id": "Sj4z3YI3qSiCULC4oTKdLQ", "neutral": 0, "total": 9, "name": "Starbucks", "rating_positive": 3.905370290168904, "positive": 6, "negative": 3, "longitude": -79.4404057457, "rating_stars": 3.2375558612024613, "stars": 3.0, "latitude": 43.7555903128}
{"rank_positive": 77, "rank_stars": 125, "business_id": "SVB4wQGko8GNq_EzcjiQDg", "neutral": 0, "total": 3, "name": "Godiva Chocolatier", "rating_positive": 4.340612592172433, "positive": 3, "negative": 0, "longitude": -79.3446538, "rating_stars": 3.233701919181216, "stars": 2.5, "latitude": 43.7778782}
{"rank_positive": 133, "rank_stars": 126, "business_id": "VTwWalZdMOYRX1BcfM6smA", "neutral": 0, "total": 3, "name": "Don Mills Garden Chinese Cuisine", "rating_positive": 4.08252977878616, "positive": 2, "negative": 1, "longitude": -79.347512, "rating_stars": 3.233701919181216, "stars": 2.5, "latitude": 43.7358325}
{"rank_positive": 164, "rank_stars": 127, "business_id": "LaaNEL9v5raChyag2vplNQ", "neutral": 0, "total": 3, "name": "Joseph's Foods & Cakes", "rating_positive": 3.8244469653998863, "positive": 1, "negative": 2, "longitude": -79.4716847, "rating_stars": 3.233701919181216, "stars": 2.5, "latitude": 43.7745576}
{"rank_positive": 174, "rank_stars": 128, "business_id": "OVVN6Zlw1N5WuawCgP1yAA", "neutral": 1, "total": 11, "name": "Starbucks", "rating_positive": 3.620032115616218, "positive": 6, "negative": 4, "longitude": -79.4098022934, "rating_stars": 3.2201993109259264, "stars": 3.0, "latitude": 43.758058599}
{"rank_positive": 99, "rank_stars": 129, "business_id": "TROUqSvbVudUkXq5yr27lg", "neutral": 0, "total": 13, "name": "Metro", "rating_positive": 4.224653946876169, "positive": 11, "negative": 2, "longitude": -79.4130713, "rating_stars": 3.2052063163174274, "stars": 3.0, "latitude": 43.7743881}
{"rank_positive": 159, "rank_stars": 130, "business_id": "flXT5cd1SmVMaOVagLrcgA", "neutral": 0, "total": 4, "name": "Nick & Mira's No Frills", "rating_positive": 3.8821467098166127, "positive": 2, "negative": 2, "longitude": -79.3109522, "rating_stars": 3.1976895811847266, "stars": 2.5, "latitude": 43.7427033}
{"rank_positive": 172, "rank_stars": 131, "business_id": "i1eT1-RYPV6VF3Ey_5Zc1w", "neutral": 0, "total": 4, "name": "Tim Horton's", "rating_positive": 3.6367313915857604, "positive": 1, "negative": 3, "longitude": -79.3884954, "rating_stars": 3.1976895811847266, "stars": 2.5, "latitude": 43.7662569}
{"rank_positive": 138, "rank_stars": 132, "business_id": "UxC1BmMSuYRH38YBvSTnKw", "neutral": 0, "total": 18, "name": "Cafe Arc De Triomphe", "rating_positive": 4.046515345268542, "positive": 14, "negative": 4, "longitude": -79.4168235, "rating_stars": 3.175356932070487, "stars": 3.0, "latitude": 43.7849721}
{"rank_positive": 65, "rank_stars": 133, "business_id": "GXbag8-ubKs5qb1dMNyMTQ", "neutral": 0, "total": 19, "name": "The Sugar", "rating_positive": 4.356166511338926, "positive": 17, "negative": 2, "longitude": -79.3656742, "rating_stars": 3.1703996531582734, "stars": 3.0, "latitude": 43.7904326}
{"rank_positive": 45, "rank_stars": 134, "business_id": "Be7Mwq06nf1eNLblo1ekow", "neutral": 0, "total": 5, "name": "La Rosa Chilena", "rating_positive": 4.402313624678663, "positive": 5, "negative": 0, "longitude": -79.4651543, "rating_stars": 3.1650470352269835, "stars": 2.5, "latitude": 43.7310379}
{"rank_positive": 113, "rank_stars": 135, "business_id": "a7LVjIdtscjT_a4l15hINw", "neutral": 0, "total": 5, "name": "The Second Cup", "rating_positive": 4.168380462724936, "positive": 4, "negative": 1, "longitude": -79.4058857, "rating_stars": 3.1650470352269835, "stars": 2.5, "latitude": 43.7443622}
{"rank_positive": 139, "rank_stars": 136, "business_id": "KGoK1lpKmkTV6uMK2hrzfQ", "neutral": 0, "total": 2, "name": "Herbal Depot", "rating_positive": 4.032595693779904, "positive": 1, "negative": 1, "longitude": -79.4121421, "rating_stars": 3.1647825858352174, "stars": 1.5, "latitude": 43.7687386}
{"rank_positive": 4, "rank_stars": 137, "business_id": "sUo1uiqIp3vRhB-BZd1tBA", "neutral": 0, "total": 21, "name": "Coffee Jazz Mixers", "rating_positive": 4.658188768009409, "positive": 21, "negative": 0, "longitude": -79.418072, "rating_stars": 3.161280941933691, "stars": 3.0, "latitude": 43.779412}
{"rank_positive": 145, "rank_stars": 138, "business_id": "fojiPcgWlM-FJTxZlz4Idg", "neutral": 0, "total": 21, "name": "Mandarin Restaurant - North York", "rating_positive": 3.989267862393414, "positive": 16, "negative": 5, "longitude": -79.4697753, "rating_stars": 3.161280941933691, "stars": 3.0, "latitude": 43.7680777}
{"rank_positive": 143, "rank_stars": 139, "business_id": "Or5Cck6Dct85V_WzO7j14w", "neutral": 0, "total": 22, "name": "Loblaws Supermarkets Limited", "rating_positive": 4.0156071019473085, "positive": 17, "negative": 5, "longitude": -79.3872343141, "rating_stars": 3.157078030789371, "stars": 3.0, "latitude": 43.7687070052}
{"rank_positive": 134, "rank_stars": 140, "business_id": "Scsk6UJVQjq-WRVZiUHnWQ", "neutral": 0, "total": 3, "name": "Tim Hortons", "rating_positive": 4.08252977878616, "positive": 2, "negative": 1, "longitude": -79.5094918219, "rating_stars": 3.1562770751653337, "stars": 2.0, "latitude": 43.722810135}
{"rank_positive": 135, "rank_stars": 141, "business_id": "_54EX-5-cXLw36ePY8rsXA", "neutral": 0, "total": 3, "name": "Chocolate Charm", "rating_positive": 4.08252977878616, "positive": 2, "negative": 1, "longitude": -79.4320147, "rating_stars": 3.1562770751653337, "stars": 2.0, "latitude": 43.7301645}
{"rank_positive": 165, "rank_stars": 142, "business_id": "PfN75PWkdQiW77MoKMEB5A", "neutral": 0, "total": 3, "name": "Coffee Time", "rating_positive": 3.8244469653998863, "positive": 1, "negative": 2, "longitude": -79.4777121, "rating_stars": 3.1562770751653337, "stars": 2.0, "latitude": 43.7282189}
{"rank_positive": 150, "rank_stars": 143, "business_id": "SG1YPC8kj9n5EGPwLcndeA", "neutral": 1, "total": 24, "name": "Pusateri's Fine Foods", "rating_positive": 3.9405280348394123, "positive": 18, "negative": 5, "longitude": -79.4158594, "rating_stars": 3.1492968109734574, "stars": 3.0, "latitude": 43.7233315}
{"rank_positive": 100, "rank_stars": 144, "business_id": "CQo-Q-HMlUM1rAcjhTkvJA", "neutral": 0, "total": 25, "name": "Sunny Supermarket", "rating_positive": 4.207835325365206, "positive": 21, "negative": 4, "longitude": -79.3342233, "rating_stars": 3.1456883090349224, "stars": 3.0, "latitude": 43.7140387}
{"rank_positive": 144, "rank_stars": 145, "business_id": "NJyTPOukXuLK8vabKw7nvA", "neutral": 1, "total": 26, "name": "Hot Spicy Spicy", "rating_positive": 3.9905342323651456, "positive": 20, "negative": 5, "longitude": -79.3673529192, "rating_stars": 3.1422501253932786, "stars": 3.0, "latitude": 43.7912512099}
{"rank_positive": 173, "rank_stars": 146, "business_id": "qNhcuP-NccRr51c1GbnbPg", "neutral": 0, "total": 26, "name": "The Chicken Place", "rating_positive": 3.6365404564315353, "positive": 17, "negative": 9, "longitude": -79.4006902, "rating_stars": 3.1422501253932786, "stars": 3.0, "latitude": 43.7658674}
{"rank_positive": 157, "rank_stars": 147, "business_id": "OWV_iMIEpTIDLXTPhfFSDw", "neutral": 1, "total": 27, "name": "Menchie's Frozen Yogurt", "rating_positive": 3.8985305295160884, "positive": 20, "negative": 6, "longitude": -79.3507598, "rating_stars": 3.1389704797356175, "stars": 3.0, "latitude": 43.7549163}
{"rank_positive": 39, "rank_stars": 148, "business_id": "hupi6kGVTvEn8Q0VG_F25A", "neutral": 0, "total": 6, "name": "Bruno's Fine Foods", "rating_positive": 4.429027504911591, "positive": 6, "negative": 0, "longitude": -79.4199695, "rating_stars": 3.1353224378764653, "stars": 2.5, "latitude": 43.7365972}
{"rank_positive": 101, "rank_stars": 149, "business_id": "SMyALn-JJuInJQTjy_Ugww", "neutral": 0, "total": 6, "name": "Real Fruit Bubble Tea", "rating_positive": 4.205550098231827, "positive": 5, "negative": 1, "longitude": -79.3146093, "rating_stars": 3.1353224378764653, "stars": 2.5, "latitude": 43.7421465}
{"rank_positive": 106, "rank_stars": 150, "business_id": "SC3jI19OD8z6hrqBZd1Ccw", "neutral": 0, "total": 6, "name": "Tim Hortons", "rating_positive": 4.205550098231827, "positive": 5, "negative": 1, "longitude": -79.334316, "rating_stars": 3.1353224378764653, "stars": 2.5, "latitude": 43.7748444}
{"rank_positive": 147, "rank_stars": 151, "business_id": "JWJR4mco5aIvSjO7kxKOng", "neutral": 0, "total": 6, "name": "Booster Juice", "rating_positive": 3.982072691552063, "positive": 4, "negative": 2, "longitude": -79.4166684151, "rating_stars": 3.1353224378764653, "stars": 2.5, "latitude": 43.7810251504}
{"rank_positive": 168, "rank_stars": 152, "business_id": "E3sO6NaV0G05zgVF3oauhQ", "neutral": 0, "total": 6, "name": "Metro", "rating_positive": 3.7585952848722983, "positive": 3, "negative": 3, "longitude": -79.4399808, "rating_stars": 3.1353224378764653, "stars": 2.5, "latitude": 43.7561812}
{"rank_positive": 179, "rank_stars": 153, "business_id": "ioJYj9mFRprldQ3Yf2CLTA", "neutral": 0, "total": 6, "name": "China Court Express", "rating_positive": 3.5351178781925343, "positive": 2, "negative": 4, "longitude": -79.437328, "rating_stars": 3.1353224378764653, "stars": 2.5, "latitude": 43.7556556}
{"rank_positive": 48, "rank_stars": 154, "business_id": "b13cpT8r7F-7rAas19pYzg", "neutral": 0, "total": 30, "name": "South Street Burger", "rating_positive": 4.4010663507109005, "positive": 27, "negative": 3, "longitude": -79.3862464442, "rating_stars": 3.1299802093640956, "stars": 3.0, "latitude": 43.7683419657}
{"rank_positive": 170, "rank_stars": 155, "business_id": "f7T0Q1kbsSlbqB2vMdNrCw", "neutral": 0, "total": 35, "name": "Chatime Willowdale", "rating_positive": 3.6807486631016046, "positive": 24, "negative": 11, "longitude": -79.3674064167, "rating_stars": 3.117329729094435, "stars": 3.0, "latitude": 43.7911801374}
{"rank_positive": 175, "rank_stars": 156, "business_id": "dfDmylDjZAccgMyhYPbZaA", "neutral": 0, "total": 36, "name": "Satay On the Road", "rating_positive": 3.610469995803609, "positive": 24, "negative": 12, "longitude": -79.419829, "rating_stars": 3.115089484581721, "stars": 3.0, "latitude": 43.7353203}
{"rank_positive": 140, "rank_stars": 157, "business_id": "4jEuqYRlqWYLkqf2srEC0Q", "neutral": 0, "total": 7, "name": "Metro", "rating_positive": 4.0256229431123645, "positive": 5, "negative": 2, "longitude": -79.4305311, "rating_stars": 3.1081412710467715, "stars": 2.5, "latitude": 43.7196118}
{"rank_positive": 167, "rank_stars": 158, "business_id": "adFNDERYHRP_Fjq9ipUXqA", "neutral": 0, "total": 7, "name": "China China Express", "rating_positive": 3.811706629055007, "positive": 4, "negative": 3, "longitude": -79.329337, "rating_stars": 3.1081412710467715, "stars": 2.5, "latitude": 43.7886595}
{"rank_positive": 162, "rank_stars": 159, "business_id": "O_rgPhVPkaGuRdAwYN12ig", "neutral": 0, "total": 4, "name": "Freshly Squeezed", "rating_positive": 3.8821467098166127, "positive": 2, "negative": 2, "longitude": -79.452168, "rating_stars": 3.099523453892386, "stars": 2.0, "latitude": 43.7256702}
{"rank_positive": 158, "rank_stars": 160, "business_id": "_JO4bxQ9hRX-42XFMlpyKA", "neutral": 0, "total": 45, "name": "Mirage Grill & Lounge", "rating_positive": 3.895702775290958, "positive": 34, "negative": 11, "longitude": -79.4109556, "rating_stars": 3.0982124410951624, "stars": 3.0, "latitude": 43.7620338}
{"rank_positive": 51, "rank_stars": 161, "business_id": "YF59AbQC38Rneq1Bfb1y4g", "neutral": 0, "total": 54, "name": "Cora Breakfast and Lunch", "rating_positive": 4.3921767645221745, "positive": 48, "negative": 6, "longitude": -79.3510572, "rating_stars": 3.0856521679444855, "stars": 3.0, "latitude": 43.7547334}
{"rank_positive": 163, "rank_stars": 162, "business_id": "UiZt3qTdvMrfDAMotWfXxw", "neutral": 0, "total": 8, "name": "Starbucks", "rating_positive": 3.8604598737601443, "positive": 5, "negative": 3, "longitude": -79.3838863728, "rating_stars": 3.083190479493455, "stars": 2.5, "latitude": 43.768685587}
{"rank_positive": 156, "rank_stars": 163, "business_id": "7Us3dn3v9o2xMSXA6qztLg", "neutral": 0, "total": 59, "name": "Paramount Fine Foods", "rating_positive": 3.901807843708996, "positive": 45, "negative": 14, "longitude": -79.3252892797, "rating_stars": 3.0799703285488387, "stars": 3.0, "latitude": 43.7756635866}
{"rank_positive": 178, "rank_stars": 164, "business_id": "ZWkBWHURUQOtvz1Sjz1PBA", "neutral": 0, "total": 3, "name": "Food Basics", "rating_positive": 3.566364152013613, "positive": 0, "negative": 3, "longitude": -79.5079761, "rating_stars": 3.078852231149452, "stars": 1.5, "latitude": 43.7221746}
{"rank_positive": 131, "rank_stars": 165, "business_id": "R1D4kayUgCvtFyeAC8PBhg", "neutral": 0, "total": 63, "name": "Ten Ren's Tea Time", "rating_positive": 4.0831372006091655, "positive": 51, "negative": 12, "longitude": -79.4121421, "rating_stars": 3.075940257997575, "stars": 3.0, "latitude": 43.7687386}
{"rank_positive": 84, "rank_stars": 166, "business_id": "KFlwmysUsRUOx4-_5PQ8xA", "neutral": 1, "total": 80, "name": "Symposium Cafe Restaurant & Lounge", "rating_positive": 4.296750285062714, "positive": 69, "negative": 10, "longitude": -79.4133293, "rating_stars": 3.062544638941447, "stars": 3.0, "latitude": 43.7711322}
{"rank_positive": 154, "rank_stars": 167, "business_id": "lYdKQEnhHwCb_ECPaEAXig", "neutral": 0, "total": 9, "name": "What A Bagel", "rating_positive": 3.905370290168904, "positive": 6, "negative": 3, "longitude": -79.4318027, "rating_stars": 3.0602063592535655, "stars": 2.5, "latitude": 43.729052}
{"rank_positive": 155, "rank_stars": 168, "business_id": "gVTkl-p-Brv9HfWaBqYOTQ", "neutral": 0, "total": 9, "name": "Food Basics", "rating_positive": 3.905370290168904, "positive": 6, "negative": 3, "longitude": -79.4164788439, "rating_stars": 3.0602063592535655, "stars": 2.5, "latitude": 43.7867898367}
{"rank_positive": 169, "rank_stars": 169, "business_id": "upAP_8b1CV2Pw0BU7gkN4Q", "neutral": 0, "total": 10, "name": "Second Cup", "rating_positive": 3.7572916666666667, "positive": 6, "negative": 4, "longitude": -79.4116642, "rating_stars": 3.038965201465201, "stars": 2.5, "latitude": 43.7640258}
{"rank_positive": 177, "rank_stars": 170, "business_id": "p4s0gsj5o-ocOiuDdVwpkw", "neutral": 0, "total": 10, "name": "Osmow's", "rating_positive": 3.567708333333333, "positive": 5, "negative": 5, "longitude": -79.4776915, "rating_stars": 3.038965201465201, "stars": 2.5, "latitude": 43.7851954}
{"rank_positive": 38, "rank_stars": 171, "business_id": "cwiEry81jficSY3ZrhgWvg", "neutral": 0, "total": 6, "name": "Starbucks", "rating_positive": 4.429027504911591, "positive": 6, "negative": 0, "longitude": -79.4742561, "rating_stars": 3.0012359938686064, "stars": 2.0, "latitude": 43.7860037}
{"rank_positive": 105, "rank_stars": 172, "business_id": "f9PFMqQqVL3RHtlI-6VJcw", "neutral": 0, "total": 6, "name": "Tim Hortons", "rating_positive": 4.205550098231827, "positive": 5, "negative": 1, "longitude": -79.5428121, "rating_stars": 3.0012359938686064, "stars": 2.0, "latitude": 43.7707221}
{"rank_positive": 146, "rank_stars": 173, "business_id": "gn5Zl9_lufmQOVH_zC7SKw", "neutral": 0, "total": 6, "name": "Tim Hortons", "rating_positive": 3.982072691552063, "positive": 4, "negative": 2, "longitude": -79.3438988, "rating_stars": 3.0012359938686064, "stars": 2.0, "latitude": 43.7374813}
{"rank_positive": 166, "rank_stars": 174, "business_id": "TEA3EAmP5BsWrZv7I7ywBQ", "neutral": 0, "total": 7, "name": "Metro", "rating_positive": 3.811706629055007, "positive": 4, "negative": 3, "longitude": -79.385526, "rating_stars": 2.958399851206621, "stars": 2.0, "latitude": 43.7472567}
{"rank_positive": 86, "rank_stars": 175, "business_id": "xLUsM-7yFDnXO7m7Xa420Q", "neutral": 0, "total": 16, "name": "Gloucester Bakery", "rating_positive": 4.296503733876443, "positive": 14, "negative": 2, "longitude": -79.3664357, "rating_stars": 2.9390755205419152, "stars": 2.5, "latitude": 43.7915239}
{"rank_positive": 112, "rank_stars": 176, "business_id": "6jl0SOTdeTvz2ZYSr1d36Q", "neutral": 0, "total": 5, "name": "Williams-Sonoma", "rating_positive": 4.168380462724936, "positive": 4, "negative": 1, "longitude": -79.452168, "rating_stars": 2.9311138732732562, "stars": 1.5, "latitude": 43.7256702}
{"rank_positive": 80, "rank_stars": 177, "business_id": "Fpk1R_MRyqeM7W4gbkBewQ", "neutral": 0, "total": 31, "name": "I-Migoo", "rating_positive": 4.308165158895848, "positive": 27, "negative": 4, "longitude": -79.4149186, "rating_stars": 2.8000502165429095, "stars": 2.5, "latitude": 43.7755435}
{"rank_positive": 152, "rank_stars": 178, "business_id": "Cy5VGp4Qhq6AI3Y9ukR2sA", "neutral": 0, "total": 42, "name": "Tea Shop 168", "rating_positive": 3.924604668674699, "positive": 32, "negative": 10, "longitude": -79.4130342, "rating_stars": 2.7435083741559643, "stars": 2.5, "latitude": 43.7701879}
{"rank_positive": 176, "rank_stars": 179, "business_id": "oTHp2ujlKr_urPRBj3Rn8A", "neutral": 1, "total": 52, "name": "Richtree Natural Market Restaurants", "rating_positive": 3.569993571198972, "positive": 35, "negative": 16, "longitude": -79.3855919, "rating_stars": 2.7078940024938096, "stars": 2.5, "latitude": 43.7472928}
{"rank_positive": 181, "rank_stars": 180, "business_id": "jj63iNdANCbBLbHxPvUIwg", "neutral": 0, "total": 16, "name": "Villa Madina", "rating_positive": 3.369823489477257, "positive": 8, "negative": 8, "longitude": -79.455446, "rating_stars": 2.691960788702133, "stars": 2.0, "latitude": 43.724529}
{"rank_positive": 128, "rank_stars": 181, "business_id": "RLqR8BKwidfP-ZslhfeeJQ", "neutral": 2, "total": 60, "name": "Maxim's Café & Patisserie", "rating_positive": 4.112589928057553, "positive": 49, "negative": 9, "longitude": -79.3772154, "rating_stars": 2.6861174796426597, "stars": 2.5, "latitude": 43.7883102}
{"rank_positive": 180, "rank_stars": 182, "business_id": "EUDKL2TNV1kpeUQm_QZvCQ", "neutral": 0, "total": 17, "name": "Tim Hortons", "rating_positive": 3.4186697398748764, "positive": 9, "negative": 8, "longitude": -79.3708403, "rating_stars": 2.6712270278289374, "stars": 2.0, "latitude": 43.8015142}
