{"address":"6716A Odana Rd","attributes":{"AcceptsInsurance":false,"BikeParking":true,"BusinessParking":{"garage":false,"lot":false,"street":false,"valet":false,"validated":false},"ByAppointmentOnly":false,"RestaurantsPriceRange2":2},"business_id":"xRvPtzqVQdFHsigE3OeX8g","categories":["Reflexology","Massage","Health & Medical","Beauty & Spas"],"city":"Madison","hours":{"Friday":"10:00-21:00","Monday":"10:00-21:00","Saturday":"10:00-21:00","Sunday":"11:00-18:00","Thursday":"10:00-21:00","Tuesday":"10:00-21:00","Wednesday":"10:00-21:00"},"is_open":1,"latitude":43.0566289,"longitude":-89.4981288,"name":"Yuan Foot & Body Spa","neighborhood":"","postal_code":"53719","review_count":7,"stars":5.0,"state":"WI"}
{"address":"4860 Sheboygan Ave","attributes":{"ByAppointmentOnly":false},"business_id":"ny0AwrA3vjo3ZpYeRLJfqg","categories":["Community Service/Non-Profit","CPR Classes","Specialty Schools","Education","Blood & Plasma Donation Centers","Health & Medical","Local Services"],"city":"Madison","hours":{},"is_open":1,"latitude":43.0740793,"longitude":-89.4635398,"name":"American Red Cross","neighborhood":"","postal_code":"53705","review_count":4,"stars":3.0,"state":"WI"}
{"address":"4602 Eastpark Blvd","attributes":{"AcceptsInsurance":true,"BikeParking":true,"BusinessAcceptsCreditCards":true,"BusinessParking":{"garage":false,"lot":false,"street":false,"valet":false,"validated":false},"ByAppointmentOnly":true},"business_id":"9y6jaNpdMI4L-hPLYkhfBg","categories":["Hospitals","Active Life","Medical Centers","Cosmetic Surgeons","Cardiologists","Orthopedists","Drugstores","Fitness & Instruction","Shopping","Emergency Rooms","Physical Therapy","Health & Medical","Doctors"],"city":"Madison","hours":{"Friday":"6:30-23:00","Monday":"6:30-23:00","Saturday":"6:30-23:00","Sunday":"6:30-23:00","Thursday":"6:30-23:00","Tuesday":"6:30-23:00","Wednesday":"6:30-23:00"},"is_open":1,"latitude":43.1537793,"longitude":-89.3005398,"name":"UW Health at The American Center Sports Physical Therapy Clinic","neighborhood":"","postal_code":"53718","review_count":4,"stars":4.0,"state":"WI"}
{"address":"6636 Mineral Point Rd","attributes":{"BusinessAcceptsCreditCards":true,"BusinessParking":{"garage":false,"lot":false,"street":false,"valet":false,"validated":false},"ByAppointmentOnly":false,"GoodForKids":false},"business_id":"XM48NoYcHVhwHeNkJzJ5nA","categories":["Trainers","Health & Medical","Gyms","Weight Loss Centers","Fitness & Instruction","Boxing","Active Life"],"city":"Madison","hours":{"Friday":"15:30-20:00","Monday":"15:30-20:00","Saturday":"8:00-12:00","Thursday":"15:30-20:00","Tuesday":"15:30-20:00","Wednesday":"15:30-20:00"},"is_open":1,"latitude":43.0608386,"longitude":-89.4965091,"name":"9Round","neighborhood":"","postal_code":"53705","review_count":4,"stars":4.5,"state":"WI"}
{"address":"4228 E Towne Blvd","attributes":{"AcceptsInsurance":true,"BikeParking":true,"BusinessAcceptsCreditCards":true,"BusinessParking":{"garage":false,"lot":true,"street":false,"valet":false,"validated":false},"ByAppointmentOnly":true,"RestaurantsPriceRange2":2,"WheelchairAccessible":true},"business_id":"uuVvQkQxV18evpyd4CnGkA","categories":["Sporting Goods","Shopping","Doctors","Outdoor Gear","Eyewear & Opticians","Medical Supplies","Laser Eye Surgery/Lasik","Health & Medical","Ophthalmologists","Optometrists"],"city":"Madison","hours":{"Friday":"10:00-18:00","Monday":"10:00-18:00","Sunday":"0:00-0:00","Thursday":"10:00-18:00","Tuesday":"10:00-18:00","Wednesday":"10:00-18:00"},"is_open":1,"latitude":43.124853,"longitude":-89.3102749,"name":"Eye Contact East","neighborhood":"","postal_code":"53704","review_count":3,"stars":4.0,"state":"WI"}
{"address":"2045 Atwood Ave, Ste 105","attributes":{},"business_id":"IHXVhIFaxVA1OAL4_mNAJw","categories":["Acupuncture","Health & Medical"],"city":"Madison","hours":{"Friday":"10:00-18:00","Monday":"12:00-18:00","Thursday":"10:00-18:00","Tuesday":"10:00-18:00","Wednesday":"12:00-18:00"},"is_open":0,"latitude":43.0922657,"longitude":-89.3539868,"name":"Atwood Acupuncture Center","neighborhood":"Williamson - Marquette","postal_code":"53704","review_count":4,"stars":5.0,"state":"WI"}
{"address":"346 State St","attributes":{"AcceptsInsurance":true,"BusinessAcceptsCreditCards":true,"ByAppointmentOnly":false},"business_id":"Vdb5D7PX3uFC3gjZcCyizQ","categories":["Outdoor Gear","Medical Supplies","Sporting Goods","Doctors","Shopping","Health & Medical","Optometrists","Medical Centers"],"city":"Madison","hours":{"Friday":"9:30-17:30","Monday":"9:30-18:30","Saturday":"9:00-15:00","Thursday":"9:30-17:30","Tuesday":"9:30-17:30","Wednesday":"9:30-17:30"},"is_open":1,"latitude":43.0749807,"longitude":-89.3912245,"name":"Christopher G Schanel, OD","neighborhood":"Capitol","postal_code":"53703","review_count":7,"stars":4.0,"state":"WI"}
{"address":"49 N Walbridge Ave","attributes":{"AcceptsInsurance":true,"BusinessAcceptsCreditCards":true,"ByAppointmentOnly":true},"business_id":"AseAvrgRW-2ticUHWzOcFg","categories":["Health & Medical","Orthodontists","Dentists","General Dentistry","Periodontists","Pediatric Dentists"],"city":"Madison","hours":{"Friday":"7:30-16:30","Monday":"7:30-17:00","Thursday":"7:30-17:00","Tuesday":"7:30-17:00","Wednesday":"7:30-17:00"},"is_open":1,"latitude":43.0997057,"longitude":-89.3124507,"name":"Dental Health Associates of Madison","neighborhood":"Heistand","postal_code":"53714","review_count":6,"stars":3.5,"state":"WI"}
{"address":"890 W Wingra Dr","attributes":{"ByAppointmentOnly":true},"business_id":"ZghjiK973wxMTpdADVEhKg","categories":["Health & Medical","Acupuncture"],"city":"Madison","hours":{"Friday":"8:00-17:30","Monday":"8:00-19:30","Thursday":"8:00-19:00","Tuesday":"8:00-19:30","Wednesday":"8:00-19:30"},"is_open":0,"latitude":43.049834,"longitude":-89.397328,"name":"Isthmus Acupuncture Center","neighborhood":"Bay Creek","postal_code":"53715","review_count":4,"stars":5.0,"state":"WI"}
{"address":"6012 Gemini Dr","attributes":{"AcceptsInsurance":true,"BikeParking":true,"BusinessAcceptsCreditCards":true,"BusinessParking":{"garage":false,"lot":false,"street":false,"valet":false,"validated":false},"ByAppointmentOnly":true,"RestaurantsPriceRange2":2,"WheelchairAccessible":true},"business_id":"quDJejS81zZM3Vmvyz8fBQ","categories":["Eyewear & Opticians","Laser Eye Surgery/Lasik","Shopping","Health & Medical","Optometrists"],"city":"Madison","hours":{"Friday":"8:00-17:00","Monday":"8:00-19:00","Thursday":"8:00-17:00","Tuesday":"9:15-17:00","Wednesday":"7:00-16:00"},"is_open":1,"latitude":43.0853770201,"longitude":-89.2776274634,"name":"Isthmus Eye Care","neighborhood":"McClellan Park","postal_code":"53718","review_count":8,"stars":4.5,"state":"WI"}
{"address":"720 Hill St, Ste 200","attributes":{"ByAppointmentOnly":false},"business_id":"7rNb9wky2Zhk2Upl1wlIrg","categories":["Health & Medical","Chiropractors"],"city":"Madison","hours":{"Friday":"12:00-16:00","Monday":"9:00-18:00","Saturday":"9:00-13:00","Thursday":"14:30-18:00","Tuesday":"14:30-18:00","Wednesday":"9:00-17:00"},"is_open":1,"latitude":43.074687,"longitude":-89.44349,"name":"Renewed Life Chiropractic","neighborhood":"","postal_code":"53705","review_count":3,"stars":5.0,"state":"WI"}
{"address":"5801 Research Park Blvd, Ste 110","attributes":{"AcceptsInsurance":true,"BusinessAcceptsCreditCards":true,"ByAppointmentOnly":true},"business_id":"gxr4EQjEgohrCNSUHeLLuQ","categories":["Medical Centers","Dentists","Oral Surgeons","General Dentistry","Health & Medical"],"city":"Madison","hours":{"Friday":"8:00-16:30","Monday":"8:00-16:30","Thursday":"8:00-16:30","Tuesday":"8:00-16:30","Wednesday":"8:00-16:30"},"is_open":1,"latitude":43.054462,"longitude":-89.478408,"name":"Madison Oral Surgery & Dental Implants","neighborhood":"","postal_code":"53719","review_count":6,"stars":4.5,"state":"WI"}
{"address":"2205 N Sherman Ave","attributes":{"AcceptsInsurance":true,"BusinessAcceptsCreditCards":true,"ByAppointmentOnly":true},"business_id":"lY5fZho4VgV3q1s8z44tcA","categories":["Health & Medical","Chiropractors"],"city":"Madison","hours":{"Friday":"8:00-17:00","Monday":"8:00-18:00","Saturday":"8:00-12:00","Thursday":"8:00-17:00","Tuesday":"8:00-17:00","Wednesday":"8:00-18:00"},"is_open":1,"latitude":43.122421,"longitude":-89.363363,"name":"Madison Chiropractic","neighborhood":"Sherman","postal_code":"53704","review_count":6,"stars":5.0,"state":"WI"}
{"address":"5609 Medical Cir","attributes":{"BusinessAcceptsCreditCards":false,"BusinessParking":{"garage":false,"lot":true,"street":false,"valet":false,"validated":false},"ByAppointmentOnly":true,"RestaurantsPriceRange2":2,"WheelchairAccessible":true},"business_id":"4bKdbN800GgPm6G5a97gRw","categories":["Massage Therapy","Beauty & Spas","Health & Medical","Massage"],"city":"Madison","hours":{},"is_open":1,"latitude":43.049039,"longitude":-89.4779919,"name":"Sofia's Therapeutic Massage","neighborhood":"","postal_code":"53719","review_count":3,"stars":5.0,"state":"WI"}
{"address":"3209 Dryden Dr","attributes":{"AcceptsInsurance":true,"BusinessAcceptsCreditCards":true,"ByAppointmentOnly":true},"business_id":"SnasIDaq7oW6ZxgY18ibAg","categories":["Hospitals","Drugstores","Diagnostic Imaging","Shopping","Diagnostic Services","Doctors","Health & Medical","Counseling & Mental Health","Family Practice","Medical Centers"],"city":"Madison","hours":{"Friday":"8:00-17:00","Monday":"8:00-17:00","Saturday":"0:00-0:00","Sunday":"0:00-0:00","Thursday":"8:00-17:00","Tuesday":"8:00-17:00","Wednesday":"8:00-17:00"},"is_open":1,"latitude":43.1290083,"longitude":-89.3570907,"name":"UW Health - Northeast Family Medicine","neighborhood":"Berkley Oaks","postal_code":"53704","review_count":3,"stars":3.0,"state":"WI"}
{"address":"5801 Research Park Blvd, Ste 400","attributes":{"AcceptsInsurance":true,"ByAppointmentOnly":true},"business_id":"FGBfG9i6nRxV2757ML9iDg","categories":["Health & Medical","Doctors","Obstetricians & Gynecologists","Medical Centers"],"city":"Madison","hours":{"Friday":"8:00-16:30","Monday":"8:00-16:30","Saturday":"0:00-0:00","Sunday":"0:00-0:00","Thursday":"8:00-16:30","Tuesday":"8:00-16:30","Wednesday":"8:00-16:30"},"is_open":1,"latitude":43.054462,"longitude":-89.478408,"name":"Madison Women's Health","neighborhood":"","postal_code":"53719","review_count":8,"stars":4.0,"state":"WI"}
{"address":"100 River Pl, Ste 110","attributes":{"ByAppointmentOnly":true},"business_id":"NM9bHlBOZV0o8G3s6QN1Lw","categories":["Dentists","Pediatric Dentists","Health & Medical","General Dentistry","Orthodontists"],"city":"Madison","hours":{"Friday":"8:00-13:00","Monday":"8:00-17:00","Saturday":"0:00-0:00","Sunday":"0:00-0:00","Thursday":"7:30-16:00","Tuesday":"8:00-17:00","Wednesday":"8:00-17:00"},"is_open":1,"latitude":43.0465,"longitude":-89.3267,"name":"Madison Pediatric Dental & Orthodontics","neighborhood":"","postal_code":"53716","review_count":10,"stars":4.5,"state":"WI"}
{"address":"3209 Dryden Dr","attributes":{"ByAppointmentOnly":true},"business_id":"e0MefDRVQ-8TE1j4Nq7NTA","categories":["Health & Medical","Doctors","Family Practice"],"city":"Madison","hours":{},"is_open":1,"latitude":43.1290083,"longitude":-89.3570907,"name":"Oriel Kathleen A, MD","neighborhood":"Berkley Oaks","postal_code":"53704","review_count":3,"stars":5.0,"state":"WI"}
{"address":"5116 American Family Dr","attributes":{"AcceptsInsurance":true,"ByAppointmentOnly":true},"business_id":"gL0GOZ3ZMgTFHrwb3w8bKw","categories":["Dentists","Health & Medical","General Dentistry","Pediatric Dentists","Medical Centers"],"city":"Madison","hours":{"Friday":"7:30-15:00","Monday":"7:30-16:30","Thursday":"7:30-16:30","Tuesday":"7:30-16:30","Wednesday":"7:30-16:30"},"is_open":1,"latitude":43.1516209,"longitude":-89.2868222,"name":"Children's Dental Center Of Madison","neighborhood":"","postal_code":"53718","review_count":5,"stars":4.0,"state":"WI"}
{"address":"425 W Washington Ave, Ste 100","attributes":{"AcceptsInsurance":true,"BikeParking":true,"BusinessAcceptsBitcoin":false,"BusinessAcceptsCreditCards":true,"BusinessParking":{"garage":true,"lot":false,"street":true,"valet":false,"validated":false},"ByAppointmentOnly":true,"DogsAllowed":false,"RestaurantsPriceRange2":3,"WheelchairAccessible":true},"business_id":"JTOxJsmZiIjAbwRmioNtvg","categories":["Eyewear & Opticians","Health & Medical","Doctors","Optometrists","Shopping","Ophthalmologists"],"city":"Madison","hours":{"Friday":"8:30-13:00","Monday":"8:30-17:00","Thursday":"8:30-17:00","Tuesday":"8:30-17:00","Wednesday":"8:30-19:30"},"is_open":1,"latitude":43.0704881,"longitude":-89.3894504,"name":"Bonsett-Veal Vision Source","neighborhood":"Capitol","postal_code":"53703","review_count":11,"stars":4.0,"state":"WI"}
{"address":"4522 E Washington Ave, Ste 5","attributes":{"BikeParking":false,"BusinessAcceptsCreditCards":true,"BusinessParking":{"garage":false,"lot":false,"street":false,"valet":false,"validated":false},"ByAppointmentOnly":false,"GoodForKids":false},"business_id":"xwZHoVUAMOYLnQ4LiB0aCg","categories":["Active Life","Trainers","Fitness & Instruction","Health & Medical","Gyms","Boxing","Weight Loss Centers"],"city":"Madison","hours":{"Friday":"7:00-12:00","Monday":"7:00-12:00","Saturday":"8:00-12:00","Thursday":"7:00-12:00","Tuesday":"7:00-12:00","Wednesday":"7:00-12:00"},"is_open":1,"latitude":43.129267,"longitude":-89.308238,"name":"9Round","neighborhood":"Bluff Acres","postal_code":"53704","review_count":3,"stars":3.5,"state":"WI"}
{"address":"2317 International Ln, Ste 101","attributes":{"ByAppointmentOnly":true},"business_id":"KUaaFFQ5ClCc2EJAHP7ZRQ","categories":["Health & Medical","Cosmetic Dentists","Dentists","General Dentistry"],"city":"Madison","hours":{"Friday":"8:00-14:00","Monday":"12:00-20:00","Thursday":"8:00-17:00","Tuesday":"8:00-17:00"},"is_open":1,"latitude":43.1236009,"longitude":-89.350381,"name":"Smart Dental","neighborhood":"","postal_code":"53704","review_count":11,"stars":4.5,"state":"WI"}
{"address":"1619 N Stoughton Rd","attributes":{"AcceptsInsurance":true,"BusinessAcceptsCreditCards":true,"ByAppointmentOnly":false},"business_id":"HRHaHCQ9UQWtHFAeXTo1WQ","categories":["Health & Medical","Medical Centers","Physical Therapy","Urgent Care"],"city":"Madison","hours":{"Friday":"7:00-17:00","Monday":"7:00-17:00","Thursday":"7:00-17:00","Tuesday":"7:00-17:00","Wednesday":"7:00-17:00"},"is_open":1,"latitude":43.1201054,"longitude":-89.3241992,"name":"Concentra","neighborhood":"Westchester Gardens","postal_code":"53704","review_count":5,"stars":2.0,"state":"WI"}
{"address":"6658 Odana Road","attributes":{"BusinessAcceptsCreditCards":true,"BusinessParking":{"garage":false,"lot":false,"street":false,"valet":false,"validated":false},"ByAppointmentOnly":true,"RestaurantsPriceRange2":2},"business_id":"SRrLzl_1gKisaGy3c69uIA","categories":["Eyewear & Opticians","Optometrists","Health & Medical","Shopping"],"city":"Madison","hours":{"Friday":"9:00-19:00","Monday":"9:00-19:00","Saturday":"9:00-17:00","Thursday":"9:00-19:00","Tuesday":"9:00-19:00","Wednesday":"9:00-19:00"},"is_open":1,"latitude":43.0564694,"longitude":-89.4948591,"name":"Eyemart Express","neighborhood":"","postal_code":"53719","review_count":8,"stars":3.0,"state":"WI"}
{"address":"6417 Odana Rd, Ste 25","attributes":{"ByAppointmentOnly":true},"business_id":"KgLlzBcsqJkjx09zAQ2-ZQ","categories":["Beauty & Spas","Health & Medical","Massage Therapy","Massage"],"city":"Madison","hours":{"Friday":"8:30-19:30","Monday":"8:30-19:30","Saturday":"10:00-17:00","Thursday":"8:30-19:30","Tuesday":"8:30-19:30","Wednesday":"8:30-19:30"},"is_open":1,"latitude":43.054177,"longitude":-89.491068,"name":"A Better Body","neighborhood":"","postal_code":"53719","review_count":4,"stars":5.0,"state":"WI"}
{"address":"2418 Crossroads Dr, Ste 2900","attributes":{"AcceptsInsurance":true,"BusinessAcceptsCreditCards":true},"business_id":"QpDdv1SBudkBr5BlQw10Og","categories":["Health & Medical","Dentists","Endodontists"],"city":"Madison","hours":{"Friday":"7:30-16:30","Monday":"7:30-16:30","Thursday":"7:30-16:30","Tuesday":"7:30-16:30","Wednesday":"7:30-16:30"},"is_open":1,"latitude":43.1315754,"longitude":-89.2908899,"name":"Capital Endodontics","neighborhood":"High Crossing","postal_code":"53718","review_count":5,"stars":4.0,"state":"WI"}
{"address":"1719 Monroe St","attributes":{"AcceptsInsurance":true,"BusinessAcceptsCreditCards":true,"ByAppointmentOnly":true},"business_id":"tLtmCHfl1XeHAXIgXJ_uVQ","categories":["Health & Medical","Optometrists"],"city":"Madison","hours":{},"is_open":1,"latitude":43.065495,"longitude":-89.415733,"name":"Eyeopia","neighborhood":"Vilas","postal_code":"53711","review_count":5,"stars":5.0,"state":"WI"}
{"address":"715 Hill St, Ste 100","attributes":{},"business_id":"0EPCA9LQTx_XXfxVaF6zQQ","categories":["Counseling & Mental Health","Massage","Doctors","Beauty & Spas","Health & Medical","Naturopathic/Holistic","Massage Therapy"],"city":"Madison","hours":{"Friday":"9:00-17:00","Monday":"9:00-17:00","Thursday":"9:00-17:00","Tuesday":"9:00-17:00","Wednesday":"9:00-17:00"},"is_open":1,"latitude":43.0741124834,"longitude":-89.4432798113,"name":"Franke Hanna WLMT & Associates","neighborhood":"","postal_code":"53705","review_count":3,"stars":3.5,"state":"WI"}
{"address":"929 S Park St","attributes":{"BikeParking":true,"BusinessAcceptsCreditCards":true,"BusinessParking":{"garage":false,"lot":true,"street":false,"valet":false,"validated":false},"ByAppointmentOnly":true,"GoodForKids":true,"RestaurantsPriceRange2":2,"WheelchairAccessible":true},"business_id":"y0pTeRLBftD__abekOFj6g","categories":["Nail Salons","Waxing","Hair Removal","Hair Salons","Men's Hair Salons","Beauty & Spas","Massage Therapy","Hair Stylists","Health & Medical","Makeup Artists"],"city":"Madison","hours":{"Friday":"9:00-17:00","Saturday":"9:00-15:00","Thursday":"9:00-17:00","Tuesday":"10:00-20:00","Wednesday":"10:00-20:00"},"is_open":1,"latitude":43.0577549,"longitude":-89.3990082,"name":"HoneyComb Salon Collective","neighborhood":"Bay Creek","postal_code":"53715","review_count":17,"stars":4.5,"state":"WI"}
{"address":"2418 Crossroads Dr, Ste 1900","attributes":{"BusinessAcceptsCreditCards":true,"ByAppointmentOnly":true},"business_id":"qI_Dhihb97PhaKgI0_BnoA","categories":["Ophthalmologists","Optometrists","Doctors","Laser Eye Surgery/Lasik","Health & Medical"],"city":"Madison","hours":{"Friday":"8:00-21:00","Monday":"8:00-21:00","Saturday":"8:00-21:00","Sunday":"8:00-21:00","Thursday":"8:00-21:00","Tuesday":"8:00-21:00","Wednesday":"8:00-21:00"},"is_open":1,"latitude":43.131349,"longitude":-89.291,"name":"TLC Laser Eye Centers","neighborhood":"High Crossing","postal_code":"53718","review_count":5,"stars":5.0,"state":"WI"}
{"address":"7401 Mineral Point Rd","attributes":{"BikeParking":true,"BusinessAcceptsCreditCards":true,"BusinessParking":{"garage":false,"lot":true,"street":false,"valet":false,"validated":false},"RestaurantsPriceRange2":2},"business_id":"zi-bfaUWysEvWNK26QwfTg","categories":["Fashion","Optometrists","Health & Medical","Department Stores","Shopping"],"city":"Madison","hours":{},"is_open":1,"latitude":43.0598261,"longitude":-89.510112,"name":"Shopko Stores","neighborhood":"","postal_code":"53717","review_count":9,"stars":2.5,"state":"WI"}
{"address":"4302 E Washington Ave","attributes":{"AcceptsInsurance":true,"BikeParking":true,"BusinessAcceptsBitcoin":false,"BusinessAcceptsCreditCards":true,"BusinessParking":{"garage":false,"lot":true,"street":false,"valet":false,"validated":false},"ByAppointmentOnly":false,"DogsAllowed":false,"RestaurantsPriceRange2":3,"WheelchairAccessible":true},"business_id":"in7ne7A3fhah-gSA5UzuoQ","categories":["Health & Medical","Shopping","Eyewear & Opticians","Optometrists"],"city":"Madison","hours":{"Friday":"9:00-19:00","Monday":"9:00-19:00","Saturday":"9:00-19:00","Sunday":"12:00-17:00","Thursday":"9:00-19:00","Tuesday":"9:00-19:00","Wednesday":"9:00-19:00"},"is_open":1,"latitude":43.1270494921,"longitude":-89.3107579753,"name":"Stanton Optical","neighborhood":"Norman Acres","postal_code":"53704","review_count":21,"stars":1.5,"state":"WI"}
{"address":"4223 Doncaster Dr","attributes":{"GoodForKids":true},"business_id":"_oGfoYaLUWbUe3TcOmS4Ng","categories":["Health & Medical","Counseling & Mental Health","Talent Agencies","Arts & Entertainment","Psychics & Astrologers","Professional Services"],"city":"Madison","hours":{"Friday":"13:00-15:00","Monday":"10:00-19:00","Saturday":"10:00-16:00","Sunday":"10:00-16:00","Thursday":"8:00-19:00","Tuesday":"10:00-19:00","Wednesday":"8:00-19:00"},"is_open":1,"latitude":43.035845,"longitude":-89.44543,"name":"Soul 2 Soul Readings","neighborhood":"","postal_code":"53711","review_count":6,"stars":4.5,"state":"WI"}
{"address":"7001 Old Sauk Rd, Ste 200","attributes":{"AcceptsInsurance":true,"BusinessAcceptsCreditCards":true,"ByAppointmentOnly":true},"business_id":"eK9OoZhPdhx_62LL1aF6kQ","categories":["Dentists","General Dentistry","Health & Medical","Pediatric Dentists"],"city":"Madison","hours":{"Friday":"7:30-15:00","Monday":"7:30-16:30","Thursday":"7:30-16:30","Tuesday":"7:30-16:30","Wednesday":"7:30-16:30"},"is_open":1,"latitude":43.076148,"longitude":-89.50348,"name":"Children's Dental Center of Madison","neighborhood":"Walnut Grove","postal_code":"53717","review_count":3,"stars":5.0,"state":"WI"}
{"address":"1251 Williamson St","attributes":{"AcceptsInsurance":false,"BikeParking":true,"BusinessAcceptsCreditCards":true,"BusinessParking":{"garage":false,"lot":false,"street":true,"valet":false,"validated":false},"ByAppointmentOnly":false,"RestaurantsPriceRange2":2,"WheelchairAccessible":true},"business_id":"6PUprRU5wMDcFw0pU6Ejvg","categories":["Health & Medical","Acupuncture","Beauty & Spas","Massage","Traditional Chinese Medicine"],"city":"Madison","hours":{"Friday":"10:00-18:00","Monday":"11:30-17:30","Saturday":"10:00-17:00","Thursday":"12:00-18:00","Tuesday":"11:30-17:30","Wednesday":"11:30-17:30"},"is_open":1,"latitude":43.084276,"longitude":-89.3625239,"name":"Red Sage Health","neighborhood":"Williamson - Marquette","postal_code":"53703","review_count":11,"stars":5.0,"state":"WI"}
{"address":"6502 Normandy Ln","attributes":{"AcceptsInsurance":true,"BusinessAcceptsCreditCards":true,"ByAppointmentOnly":true},"business_id":"fM43wl5n_21X_0JXg3Eelw","categories":["Chiropractors","Health & Medical"],"city":"Madison","hours":{"Friday":"8:00-10:00","Monday":"8:00-18:00","Thursday":"8:00-18:00","Tuesday":"8:00-14:00","Wednesday":"8:00-18:00"},"is_open":1,"latitude":43.05706,"longitude":-89.492628,"name":"Madison Maximized Living","neighborhood":"","postal_code":"53719","review_count":4,"stars":3.0,"state":"WI"}
{"address":"326 Junction Rd","attributes":{"AcceptsInsurance":false,"BusinessAcceptsCreditCards":true,"ByAppointmentOnly":true},"business_id":"pAvqYATjeOZ81xRXh_LC1g","categories":["Health & Medical","Float Spa"],"city":"Madison","hours":{"Friday":"10:00-22:00","Saturday":"10:00-22:00","Sunday":"10:00-19:00","Thursday":"10:00-22:00","Tuesday":"10:00-22:00","Wednesday":"10:00-22:00"},"is_open":1,"latitude":43.0674100916,"longitude":-89.5251400396,"name":"The Float Factor","neighborhood":"Junction Ridge","postal_code":"53717","review_count":6,"stars":5.0,"state":"WI"}
{"address":"7401 Mineral Point Rd","attributes":{"BusinessAcceptsCreditCards":true,"BusinessParking":{"garage":false,"lot":false,"street":false,"valet":false,"validated":false},"ByAppointmentOnly":true,"RestaurantsPriceRange2":2},"business_id":"QXA3A98cch3Kf0jJT3QDDQ","categories":["Department Stores","Fashion","Health & Medical","Shopping","Optometrists"],"city":"Madison","hours":{},"is_open":1,"latitude":43.0598261,"longitude":-89.510112,"name":"Shopko Eyecare Center","neighborhood":"","postal_code":"53717","review_count":3,"stars":2.5,"state":"WI"}
{"address":"222 N Midvale Blvd, Ste 1","attributes":{"BusinessAcceptsCreditCards":true,"ByAppointmentOnly":true},"business_id":"odInwsyYJlTelH-X-L9Dvg","categories":["Traditional Chinese Medicine","Health & Medical","Acupuncture","Massage Therapy"],"city":"Madison","hours":{"Friday":"8:30-18:00","Monday":"8:30-18:00","Thursday":"8:30-18:00","Tuesday":"8:30-18:00","Wednesday":"8:30-18:00"},"is_open":1,"latitude":43.069229,"longitude":-89.451678,"name":"Madison's Family Wellness","neighborhood":"","postal_code":"53705","review_count":4,"stars":4.0,"state":"WI"}
{"address":"2 Science Ct","attributes":{"AcceptsInsurance":true,"ByAppointmentOnly":true},"business_id":"yvqjRBZwWtM1hV_9DraXGw","categories":["Doctors","Orthopedists","Family Practice","Health & Medical","Sports Medicine"],"city":"Madison","hours":{"Friday":"8:30-16:30","Monday":"8:30-16:30","Sunday":"0:00-0:00","Thursday":"0:00-0:00","Tuesday":"8:30-16:30","Wednesday":"8:30-16:30"},"is_open":1,"latitude":43.0602,"longitude":-89.4683979,"name":"John S. Rogerson, M.D., S.C.","neighborhood":"Midvale Heights Community","postal_code":"53711","review_count":5,"stars":4.0,"state":"WI"}
{"address":"2702 Monroe St","attributes":{"AcceptsInsurance":true,"BusinessAcceptsCreditCards":true,"ByAppointmentOnly":true},"business_id":"apd2-HPY6DvuFcAfQjtcbw","categories":["Dentists","Cosmetic Dentists","Pediatric Dentists","Health & Medical","General Dentistry"],"city":"Madison","hours":{"Friday":"7:00-12:00","Monday":"9:00-18:00","Tuesday":"8:00-17:00","Wednesday":"8:00-17:00"},"is_open":1,"latitude":43.057202,"longitude":-89.4292331,"name":"Monroe Street Family Dental","neighborhood":"Dudgeon-Monroe","postal_code":"53711","review_count":17,"stars":4.5,"state":"WI"}
{"address":"89 E Towne Mall","attributes":{"BusinessAcceptsCreditCards":true,"ByAppointmentOnly":false},"business_id":"r4KrKai3Nmmsos-_Pltstg","categories":["Massage","Massage Therapy","Beauty & Spas","Health & Medical"],"city":"Madison","hours":{"Friday":"10:00-21:00","Monday":"10:00-21:00","Saturday":"10:00-21:00","Sunday":"11:00-18:00","Thursday":"10:00-21:00","Tuesday":"10:00-21:00","Wednesday":"10:00-21:00"},"is_open":1,"latitude":43.1256385338,"longitude":-89.3040505797,"name":"Happy Feet Spa","neighborhood":"","postal_code":"53704","review_count":4,"stars":5.0,"state":"WI"}
{"address":"7420 Mineral Point Rd","attributes":{"AcceptsInsurance":false,"BikeParking":true,"BusinessAcceptsCreditCards":true,"BusinessParking":{"garage":false,"lot":true,"street":false,"valet":false,"validated":false},"ByAppointmentOnly":true,"GoodForKids":false,"RestaurantsPriceRange2":3,"WheelchairAccessible":true},"business_id":"n-zlESQPc59T174Mp9cMPQ","categories":["Day Spas","Beauty & Spas","Massage","Hair Salons","Health & Medical","Massage Therapy"],"city":"Madison","hours":{"Friday":"9:00-17:00","Monday":"8:00-21:00","Saturday":"9:00-17:00","Sunday":"10:00-17:00","Thursday":"8:00-21:00","Tuesday":"8:00-21:00","Wednesday":"8:00-21:00"},"is_open":1,"latitude":43.0606927,"longitude":-89.5113268,"name":"Rejuvenation Spa","neighborhood":"","postal_code":"53717","review_count":24,"stars":4.0,"state":"WI"}
{"address":"2134 Atwood Ave","attributes":{"AcceptsInsurance":true,"ByAppointmentOnly":true},"business_id":"pW-Xx8F83WLogN5nHS-8cA","categories":["Health & Medical","Shopping","Fashion","Optometrists","Accessories"],"city":"Madison","hours":{},"is_open":1,"latitude":43.0931078,"longitude":-89.3500544,"name":"EYEOPIA","neighborhood":"Williamson - Marquette","postal_code":"53704","review_count":21,"stars":4.5,"state":"WI"}
{"address":"752 N High Point Rd","attributes":{"AcceptsInsurance":true,"BusinessAcceptsCreditCards":true,"ByAppointmentOnly":true},"business_id":"R1hGtFDSTgNSQ4pbX6qSng","categories":["Doctors","Dermatologists","Health & Medical","Optometrists","Allergists","Nutritionists"],"city":"Madison","hours":{},"is_open":1,"latitude":43.0771169,"longitude":-89.5196271,"name":"Dean West Clinic","neighborhood":"Wexford","postal_code":"53717","review_count":6,"stars":2.0,"state":"WI"}
{"address":"313 Price Pl, Ste 208C","attributes":{"BusinessParking":{"garage":false,"lot":false,"street":false,"valet":false,"validated":false},"ByAppointmentOnly":true},"business_id":"-cviY078wmg1nwhMIWSlXA","categories":["Massage Therapy","Massage","Beauty & Spas","Health & Medical"],"city":"Madison","hours":{"Friday":"10:00-20:00","Monday":"10:00-20:00","Saturday":"11:00-16:00","Thursday":"10:00-20:00","Tuesday":"10:00-20:00","Wednesday":"10:00-20:00"},"is_open":0,"latitude":43.07034,"longitude":-89.452177,"name":"Sha-Ba Wellness & Spa","neighborhood":"","postal_code":"53705","review_count":3,"stars":4.5,"state":"WI"}
{"address":"43 East Towne Mall","attributes":{"BikeParking":true,"BusinessAcceptsCreditCards":true,"BusinessParking":{"garage":false,"lot":false,"street":false,"valet":false,"validated":false},"RestaurantsPriceRange2":3,"WheelchairAccessible":true},"business_id":"XRDM8DALeb031tCNnuhZJQ","categories":["Optometrists","Health & Medical","Eyewear & Opticians","Shopping"],"city":"Madison","hours":{"Friday":"10:00-18:00","Monday":"10:00-18:00","Saturday":"10:00-17:00","Sunday":"11:00-17:00","Thursday":"10:00-18:00","Tuesday":"10:00-18:00","Wednesday":"10:00-18:00"},"is_open":1,"latitude":43.123740666,"longitude":-89.306357503,"name":"Sears Optical","neighborhood":"","postal_code":"53704","review_count":9,"stars":2.5,"state":"WI"}
{"address":"1001 N Sherman Ave","attributes":{"AcceptsInsurance":true,"ByAppointmentOnly":true},"business_id":"n8MCpGNogG7UBjnvMmeElw","categories":["Cosmetic Dentists","Health & Medical","Pediatric Dentists","Dentists","Endodontists"],"city":"Madison","hours":{"Friday":"8:00-14:00","Monday":"7:00-17:00","Thursday":"8:00-17:00","Tuesday":"7:00-17:00","Wednesday":"7:00-17:00"},"is_open":1,"latitude":43.1105931,"longitude":-89.363353,"name":"Excellence In Dentistry","neighborhood":"Sherman","postal_code":"53704","review_count":7,"stars":4.0,"state":"WI"}
{"address":"6627 McKee Rd","attributes":{},"business_id":"Muvwt84VKxJtcCAfhyB0jQ","categories":["Cosmetic Dentists","Oral Surgeons","Medical Centers","General Dentistry","Health & Medical","Dentists"],"city":"Madison","hours":{"Friday":"7:00-13:00","Monday":"8:00-14:00","Thursday":"7:00-16:00","Tuesday":"8:00-18:00","Wednesday":"7:00-17:00"},"is_open":1,"latitude":43.0156673,"longitude":-89.4954262,"name":"Maple Grove Dental","neighborhood":"Stone Meadows","postal_code":"53719","review_count":3,"stars":5.0,"state":"WI"}
{"address":"1234 Williamson St","attributes":{"AcceptsInsurance":true,"BusinessAcceptsCreditCards":true,"ByAppointmentOnly":true},"business_id":"jyNbbVuekVIcxJbnReqAig","categories":["Health & Medical","Chiropractors"],"city":"Madison","hours":{"Friday":"9:00-17:30","Monday":"9:00-17:30","Thursday":"9:00-17:30","Tuesday":"9:00-17:30","Wednesday":"9:00-17:30"},"is_open":1,"latitude":43.0841065,"longitude":-89.3634723,"name":"Tinnen Family Chiropractic","neighborhood":"Williamson - Marquette","postal_code":"53703","review_count":9,"stars":4.5,"state":"WI"}
{"address":"749 University Row","attributes":{"AcceptsInsurance":true,"BusinessAcceptsCreditCards":true,"ByAppointmentOnly":true},"business_id":"Llw0CycHRWkw71Ihe4kD6g","categories":["Endodontists","Dentists","Pediatric Dentists","General Dentistry","Oral Surgeons","Health & Medical","Cosmetic Dentists"],"city":"Madison","hours":{"Friday":"7:30-15:00","Monday":"7:30-17:00","Saturday":"0:00-0:00","Sunday":"0:00-0:00","Thursday":"7:30-17:00","Tuesday":"7:30-17:00","Wednesday":"7:30-17:00"},"is_open":1,"latitude":43.076131787,"longitude":-89.4679638779,"name":"Associated Dentists","neighborhood":"","postal_code":"53705","review_count":4,"stars":5.0,"state":"WI"}
{"address":"6420 Cottage Grove Rd","attributes":{"AcceptsInsurance":true,"BusinessAcceptsCreditCards":true,"ByAppointmentOnly":true},"business_id":"ufJvmiT7LfWeuzHeTermiA","categories":["Dentists","Health & Medical","Orthodontists","Cosmetic Dentists","Endodontists","Oral Surgeons"],"city":"Madison","hours":{"Friday":"7:00-13:00","Monday":"8:00-17:00","Thursday":"8:00-17:00","Tuesday":"8:00-17:00","Wednesday":"8:00-17:00"},"is_open":1,"latitude":43.0853279,"longitude":-89.267496,"name":"Door Creek Dental","neighborhood":"McClellan Park","postal_code":"53718","review_count":5,"stars":4.0,"state":"WI"}
{"address":"346 Junction Rd","attributes":{"AcceptsInsurance":true,"BusinessAcceptsCreditCards":true,"ByAppointmentOnly":false},"business_id":"UFxBealJ7NTLHDsotb7fBw","categories":["Health & Medical","Chiropractors"],"city":"Madison","hours":{"Friday":"9:00-13:00","Monday":"8:00-18:00","Thursday":"8:00-18:00","Tuesday":"8:00-18:00","Wednesday":"8:00-18:00"},"is_open":1,"latitude":43.0671212,"longitude":-89.5252181,"name":"Blue River Chiropractic","neighborhood":"Junction Ridge","postal_code":"53717","review_count":5,"stars":4.0,"state":"WI"}
{"address":"20 S Park St, Ste 506","attributes":{"AcceptsInsurance":true,"BusinessAcceptsCreditCards":true,"ByAppointmentOnly":true},"business_id":"KhSwRL575cE4DP63io87lg","categories":["Dentists","General Dentistry","Health & Medical"],"city":"Madison","hours":{"Friday":"8:00-16:30","Monday":"8:00-17:00","Thursday":"8:00-17:00","Tuesday":"8:00-17:00","Wednesday":"8:00-17:00"},"is_open":1,"latitude":43.0672953,"longitude":-89.4014892,"name":"Center For Oral & Maxillofacial Surgery Sc","neighborhood":"Greenbush","postal_code":"53715","review_count":6,"stars":3.0,"state":"WI"}
{"address":"7001 Old Sauk Rd","attributes":{"AcceptsInsurance":true,"BusinessAcceptsCreditCards":true,"ByAppointmentOnly":true},"business_id":"mVfFAYEd19v-C0gOcRQnRg","categories":["Endodontists","General Dentistry","Health & Medical","Cosmetic Dentists","Dentists"],"city":"Madison","hours":{"Friday":"7:30-16:30","Monday":"7:30-17:00","Thursday":"7:30-17:00","Tuesday":"7:30-17:00","Wednesday":"7:30-17:00"},"is_open":1,"latitude":43.0760387,"longitude":-89.5031981,"name":"Dental Health Associates of Madison","neighborhood":"Walnut Grove","postal_code":"53717","review_count":4,"stars":4.5,"state":"WI"}
{"address":"7475 Mineral Point Rd, Ste 18","attributes":{"AcceptsInsurance":false,"BusinessAcceptsBitcoin":false,"BusinessAcceptsCreditCards":true,"BusinessParking":{"garage":true,"lot":false,"street":false,"valet":false,"validated":false},"ByAppointmentOnly":false},"business_id":"L8hnXpovlb6oCM4K0pcq2w","categories":["Beauty & Spas","Massage","Reflexology","Health & Medical","Massage Therapy"],"city":"Madison","hours":{"Friday":"10:00-21:00","Monday":"10:00-21:00","Saturday":"10:00-21:00","Sunday":"11:00-18:00","Thursday":"10:00-21:00","Tuesday":"10:00-21:00","Wednesday":"10:00-21:00"},"is_open":1,"latitude":43.0579867989,"longitude":-89.5125441409,"name":"Balance Chi Massage","neighborhood":"","postal_code":"53717","review_count":4,"stars":3.0,"state":"WI"}
{"address":"1 S Park St, Fl 7","attributes":{"AcceptsInsurance":true,"ByAppointmentOnly":true},"business_id":"e1JITT5CxcrcicWNzIQ3SA","categories":["Doctors","Dermatologists","Health & Medical"],"city":"Madison","hours":{},"is_open":1,"latitude":43.067096,"longitude":-89.3999219,"name":"UW Health - Dermatology","neighborhood":"","postal_code":"53715","review_count":3,"stars":4.5,"state":"WI"}
{"address":"5302 Buttonwood Dr","attributes":{"AcceptsInsurance":true,"BusinessAcceptsCreditCards":true,"ByAppointmentOnly":true},"business_id":"WMZq37GTuDgxZQ4M0ufNEA","categories":["Oral Surgeons","General Dentistry","Health & Medical","Dentists"],"city":"Madison","hours":{"Friday":"8:00-17:00","Monday":"8:00-17:00","Thursday":"8:00-17:00","Tuesday":"8:00-17:00","Wednesday":"8:00-17:00"},"is_open":1,"latitude":43.15117,"longitude":-89.292822,"name":"Center For Oral and Maxillofacial Surgery","neighborhood":"","postal_code":"53718","review_count":3,"stars":4.5,"state":"WI"}
{"address":"341 State St, Ste G","attributes":{"BikeParking":true,"BusinessAcceptsCreditCards":true,"BusinessParking":{"garage":false,"lot":false,"street":true,"valet":false,"validated":false},"Caters":false,"RestaurantsPriceRange2":2,"RestaurantsTakeOut":false,"WheelchairAccessible":true},"business_id":"-8lx51-dbVuf0gXWSUqvdA","categories":["Food","Specialty Food","Health & Medical","Shopping","Health Markets","Drugstores"],"city":"Madison","hours":{"Friday":"10:00-19:00","Monday":"10:00-19:00","Saturday":"10:00-18:00","Thursday":"10:00-19:00","Tuesday":"10:00-19:00","Wednesday":"10:00-19:00"},"is_open":1,"latitude":43.0745652,"longitude":-89.391557,"name":"Community Pharmacy","neighborhood":"Capitol","postal_code":"53703","review_count":33,"stars":4.5,"state":"WI"}
{"address":"715 Hill St, Ste 250, Quarry Arts Building","attributes":{"AcceptsInsurance":true,"BusinessAcceptsCreditCards":true,"ByAppointmentOnly":true},"business_id":"kvPIsMrH5aQ0JtLDZdcSRw","categories":["Health & Medical","Massage Therapy"],"city":"Madison","hours":{"Friday":"7:00-20:00","Monday":"7:00-15:00","Saturday":"7:00-20:00","Sunday":"7:00-20:00","Thursday":"7:00-20:00","Tuesday":"7:00-20:00","Wednesday":"10:00-20:00"},"is_open":1,"latitude":43.0743370289,"longitude":-89.4431302037,"name":"Traditional Chinese Massage With Liang Jun","neighborhood":"","postal_code":"53705","review_count":5,"stars":5.0,"state":"WI"}
{"address":"1675 Highland Ave","attributes":{"AcceptsInsurance":true,"ByAppointmentOnly":true},"business_id":"CXbki4QQRAu2d6SHElJxQA","categories":["Doctors","Pediatricians","Medical Centers","Drugstores","Hospitals","Health & Medical","Shopping","Optometrists"],"city":"Madison","hours":{"Friday":"9:00-17:00","Monday":"9:00-17:00","Saturday":"8:00-21:00","Sunday":"8:00-21:00","Thursday":"9:00-17:00","Tuesday":"9:00-17:00","Wednesday":"9:00-17:00"},"is_open":1,"latitude":43.0768889,"longitude":-89.4333971,"name":"American Family Children's Hospital Pharmacy","neighborhood":"","postal_code":"53792","review_count":4,"stars":4.0,"state":"WI"}
{"address":"621 S. Park St.","attributes":{"AcceptsInsurance":true,"BusinessAcceptsCreditCards":true,"ByAppointmentOnly":true},"business_id":"tBOrqJzf46ZdZKjRMTDskw","categories":["Dentists","Cosmetic Dentists","General Dentistry","Health & Medical","Endodontists"],"city":"Madison","hours":{"Friday":"7:00-16:00","Monday":"7:00-17:00","Thursday":"7:00-17:00","Tuesday":"7:00-17:00","Wednesday":"7:00-17:00"},"is_open":1,"latitude":43.0603421,"longitude":-89.400414,"name":"First Choice Dental","neighborhood":"","postal_code":"53715","review_count":13,"stars":3.0,"state":"WI"}
{"address":"301 S Bedford St","attributes":{"AcceptsInsurance":false,"BikeParking":true,"BusinessAcceptsBitcoin":false,"BusinessAcceptsCreditCards":true,"BusinessParking":{"garage":false,"lot":true,"street":true,"valet":false,"validated":false},"ByAppointmentOnly":true,"RestaurantsPriceRange2":2,"WheelchairAccessible":true},"business_id":"WdQP8kl9SzcOdubWz0Rs5g","categories":["Rolfing","Beauty & Spas","Health & Medical","Massage"],"city":"Madison","hours":{"Friday":"8:00-19:00","Monday":"8:00-19:00","Thursday":"8:00-19:00","Tuesday":"8:00-19:00","Wednesday":"8:00-19:00"},"is_open":1,"latitude":43.0664939,"longitude":-89.3889032,"name":"Red Beard Bodywork And Structural Integration","neighborhood":"Capitol","postal_code":"53703","review_count":10,"stars":5.0,"state":"WI"}
{"address":"3230 University Ave, Ste 11","attributes":{"AcceptsInsurance":true,"ByAppointmentOnly":true},"business_id":"haNK_nOgwc5NGsbFPf2E4A","categories":["Pediatric Dentists","Health & Medical","General Dentistry","Cosmetic Dentists","Dentists","Periodontists"],"city":"Madison","hours":{"Friday":"7:00-12:00","Monday":"8:00-18:00","Thursday":"7:00-16:00","Tuesday":"8:00-18:00","Wednesday":"7:00-16:00"},"is_open":1,"latitude":43.0756062,"longitude":-89.4422788,"name":"Midwest Dental - Madison","neighborhood":"","postal_code":"53705","review_count":10,"stars":4.0,"state":"WI"}
{"address":"600 Highland Ave Madison","attributes":{"AcceptsInsurance":true,"BusinessAcceptsCreditCards":true,"ByAppointmentOnly":true},"business_id":"WrGYbxma7l3-qzP6-ZhgmQ","categories":["Urgent Care","Emergency Rooms","Sports Medicine","Health & Medical","Doctors","Hospitals","Pediatricians","Medical Centers"],"city":"Madison","hours":{"Tuesday":"0:00-13:30"},"is_open":1,"latitude":43.0764323108,"longitude":-89.4315042496,"name":"University Hospital - Audiology","neighborhood":"","postal_code":"53792","review_count":13,"stars":4.5,"state":"WI"}
{"address":"344 S Yellowstone Dr","attributes":{"AcceptsInsurance":true,"BusinessAcceptsCreditCards":true,"ByAppointmentOnly":true},"business_id":"-5OGnkKlP5nECa5rp6E1gg","categories":["Dentists","Oral Surgeons","Health & Medical","General Dentistry"],"city":"Madison","hours":{"Friday":"7:00-15:00","Monday":"7:00-18:00","Thursday":"7:00-16:30","Tuesday":"7:00-18:00","Wednesday":"7:00-18:00"},"is_open":1,"latitude":43.0610363,"longitude":-89.4924106,"name":"Madison No Fear Dentistry","neighborhood":"","postal_code":"53705","review_count":6,"stars":4.0,"state":"WI"}
{"address":"2007 Atwood Ave","attributes":{"BikeParking":true,"BusinessAcceptsCreditCards":true,"BusinessParking":{"garage":false,"lot":true,"street":true,"valet":false,"validated":false},"ByAppointmentOnly":true,"RestaurantsPriceRange2":2},"business_id":"rH08YFSHuFXultyf0lQ3NA","categories":["Reiki","Health & Medical","Skin Care","Beauty & Spas","Massage","Massage Therapy"],"city":"Madison","hours":{},"is_open":1,"latitude":43.0919464,"longitude":-89.3550493,"name":"SolEscape Healing Arts","neighborhood":"Williamson - Marquette","postal_code":"53704","review_count":23,"stars":5.0,"state":"WI"}
{"address":"4122 E Towne Blvd","attributes":{},"business_id":"HkbuJoSihh8cpszWq2vDKg","categories":["Shopping","Optometrists","Obstetricians & Gynecologists","Hospitals","Urgent Care","Health & Medical","Drugstores","Pediatricians","Doctors","Medical Centers"],"city":"Madison","hours":{"Friday":"9:00-19:00","Monday":"9:00-19:00","Saturday":"9:00-17:00","Sunday":"9:00-17:00","Thursday":"9:00-19:00","Tuesday":"9:00-19:00","Wednesday":"9:00-19:00"},"is_open":0,"latitude":43.1244906,"longitude":-89.3120302,"name":"UW Health East Towne Clinic","neighborhood":"","postal_code":"53704","review_count":3,"stars":2.0,"state":"WI"}
{"address":"6506 Normandy Ln","attributes":{"AcceptsInsurance":true,"BusinessAcceptsCreditCards":true,"ByAppointmentOnly":false},"business_id":"-s0hj4sFpC6HEdtiMjVAIA","categories":["Health & Medical","Shopping","Chiropractors","Fitness/Exercise Equipment","Vitamins & Supplements"],"city":"Madison","hours":{"Friday":"8:00-17:00","Monday":"8:00-18:00","Tuesday":"9:00-17:00","Wednesday":"8:00-18:00"},"is_open":1,"latitude":43.057182,"longitude":-89.4929499,"name":"Emmerich Chiropractic Clinic","neighborhood":"","postal_code":"53719","review_count":3,"stars":3.5,"state":"WI"}
{"address":"515 Junction Rd, Ste 2300","attributes":{"AcceptsInsurance":false,"BikeParking":true,"BusinessAcceptsCreditCards":true,"BusinessParking":{"garage":false,"lot":true,"street":false,"valet":false,"validated":false},"ByAppointmentOnly":true,"RestaurantsPriceRange2":2,"WheelchairAccessible":true},"business_id":"ylDv7nEgpzTTqecYDOTEVA","categories":["Beauty & Spas","Traditional Chinese Medicine","Health & Medical","Massage Therapy","Massage","Acupuncture","Saunas"],"city":"Madison","hours":{"Friday":"9:00-15:00","Monday":"9:00-19:00","Saturday":"9:00-12:00","Sunday":"9:00-12:00","Thursday":"9:00-19:00","Tuesday":"9:00-19:00","Wednesday":"9:00-19:00"},"is_open":1,"latitude":43.0715593,"longitude":-89.5245488,"name":"Isthmus Wellness","neighborhood":"Junction Ridge","postal_code":"53717","review_count":9,"stars":5.0,"state":"WI"}
{"address":"3521 Anderson St","attributes":{"AcceptsInsurance":false,"BusinessAcceptsCreditCards":false,"ByAppointmentOnly":false},"business_id":"cT6Fjtzifxc9wUKBOsNGZw","categories":["Health & Medical"],"city":"Madison","hours":{},"is_open":1,"latitude":43.1195635,"longitude":-89.3266928,"name":"Interstate Blood and Plasma","neighborhood":"","postal_code":"53704","review_count":6,"stars":3.0,"state":"WI"}
{"address":"5709 Odana Rd","attributes":{"AcceptsInsurance":true,"BusinessAcceptsCreditCards":true,"ByAppointmentOnly":true},"business_id":"yTJj9oTLWyHtszCuzuTkjA","categories":["Orthodontists","Health & Medical","Periodontists","Pediatric Dentists","Cosmetic Dentists","Dentists"],"city":"Madison","hours":{"Friday":"7:00-16:00","Monday":"7:00-19:00","Thursday":"7:00-19:00","Tuesday":"7:00-19:00","Wednesday":"7:00-19:00"},"is_open":1,"latitude":43.0506727,"longitude":-89.4806039,"name":"Madison Family Dental Association","neighborhood":"","postal_code":"53719","review_count":6,"stars":4.0,"state":"WI"}
{"address":"335 W Lakeside St","attributes":{"ByAppointmentOnly":true},"business_id":"703iqBz0Pj0tbbwqrlFWuQ","categories":["Massage Therapy","Acupuncture","Health & Medical"],"city":"Madison","hours":{"Friday":"8:00-16:00","Monday":"8:00-12:00","Thursday":"8:00-16:00","Tuesday":"14:00-17:00"},"is_open":1,"latitude":43.0558737,"longitude":-89.3885381,"name":"Heartpath Acupuncture","neighborhood":"Bay Creek","postal_code":"53715","review_count":4,"stars":5.0,"state":"WI"}
{"address":"4602 E Washington Ave","attributes":{"AcceptsInsurance":true,"BusinessAcceptsCreditCards":true},"business_id":"p36XSjsfgvEYE_lZHU4nrg","categories":["General Dentistry","Health & Medical","Dentists","Oral Surgeons","Cosmetic Dentists"],"city":"Madison","hours":{"Friday":"8:00-13:00","Monday":"7:30-17:30","Thursday":"9:00-19:00","Tuesday":"7:30-17:30","Wednesday":"7:30-17:30"},"is_open":1,"latitude":43.1294340112,"longitude":-89.3073889241,"name":"Aspen Dental","neighborhood":"Bluff Acres","postal_code":"53704","review_count":3,"stars":3.5,"state":"WI"}
{"address":"202 State St, Ste 303","attributes":{"AcceptsInsurance":false,"BikeParking":true,"BusinessAcceptsBitcoin":false,"BusinessAcceptsCreditCards":true,"BusinessParking":{"garage":true,"lot":false,"street":true,"valet":false,"validated":false},"ByAppointmentOnly":true,"RestaurantsPriceRange2":2,"WheelchairAccessible":true},"business_id":"f5fOS5sPvSDu8oG5U4lHMg","categories":["Health & Medical","Beauty & Spas","Massage"],"city":"Madison","hours":{"Friday":"10:00-20:00","Monday":"12:00-18:00","Saturday":"11:00-19:00","Thursday":"12:00-18:00","Tuesday":"10:00-20:00","Wednesday":"10:00-20:00"},"is_open":1,"latitude":43.0748907,"longitude":-89.3882732,"name":"Body Archaeology","neighborhood":"Capitol","postal_code":"53703","review_count":7,"stars":5.0,"state":"WI"}
{"address":"2623 S Stoughton Rd","attributes":{"BusinessParking":{"garage":false,"lot":false,"street":false,"valet":false,"validated":false},"RestaurantsPriceRange2":2},"business_id":"V9WQSMMYOVKlix4CrSLrwg","categories":["Skin Care","Day Spas","Health & Medical","Beauty & Spas","Acupuncture"],"city":"Madison","hours":{},"is_open":1,"latitude":43.058926,"longitude":-89.308465,"name":"Serenity Wellness Spa","neighborhood":"","postal_code":"53716","review_count":4,"stars":2.0,"state":"WI"}
{"address":"1050 Regent St.","attributes":{"ByAppointmentOnly":true},"business_id":"CS8WfgOIOGlrmCMEDJdl1A","categories":["Cosmetic Dentists","Dentists","General Dentistry","Orthodontists","Health & Medical"],"city":"Madison","hours":{"Friday":"7:00-16:00","Monday":"7:00-17:00","Thursday":"7:00-17:00","Tuesday":"7:00-17:00","Wednesday":"7:00-17:00"},"is_open":1,"latitude":43.067893,"longitude":-89.4038094,"name":"First Choice Dental","neighborhood":"South Campus","postal_code":"53715","review_count":11,"stars":4.0,"state":"WI"}
{"address":"4706 Cottage Grove Rd, Ste 400","attributes":{"ByAppointmentOnly":false},"business_id":"gGCCLxKWDdglVFdq29oi-Q","categories":["Dentists","Cosmetic Dentists","General Dentistry","Health & Medical"],"city":"Madison","hours":{"Friday":"8:00-13:00","Monday":"8:00-16:00","Thursday":"8:00-18:00","Tuesday":"8:00-18:00","Wednesday":"8:00-16:00"},"is_open":1,"latitude":43.084596,"longitude":-89.300446,"name":"Radiant Smile Dentistry","neighborhood":"Rolling Meadows","postal_code":"53716","review_count":3,"stars":5.0,"state":"WI"}
{"address":"123 State St","attributes":{"ByAppointmentOnly":true},"business_id":"FkQX1VIdmrmZKwvX6ZXHHg","categories":["Health & Medical","Ophthalmologists","Doctors","Optometrists"],"city":"Madison","hours":{},"is_open":0,"latitude":43.0747406,"longitude":-89.3876411,"name":"Eye Contact","neighborhood":"Capitol","postal_code":"53703","review_count":5,"stars":3.0,"state":"WI"}
{"address":"715 Hill St, Ste 122","attributes":{"ByAppointmentOnly":true},"business_id":"UlV-rgCJ9FJqD-RKj3wx5A","categories":["Health & Medical","Massage","Tai Chi","Massage Therapy","Beauty & Spas","Fitness & Instruction","Active Life"],"city":"Madison","hours":{"Monday":"13:30-21:00","Saturday":"10:00-15:00","Sunday":"10:00-16:30","Thursday":"9:00-21:00","Tuesday":"9:00-18:30","Wednesday":"12:00-21:00"},"is_open":1,"latitude":43.07464,"longitude":-89.443477,"name":"Premier Bodywork","neighborhood":"","postal_code":"53705","review_count":3,"stars":5.0,"state":"WI"}
{"address":"413 W Washington Ave","attributes":{"AcceptsInsurance":true,"ByAppointmentOnly":true},"business_id":"jqXX6SWhYAMDRuGw2zci9A","categories":["Endodontists","Health & Medical","Cosmetic Dentists","General Dentistry","Dentists"],"city":"Madison","hours":{"Friday":"7:00-12:00","Monday":"7:00-17:00","Thursday":"7:00-16:00","Tuesday":"7:00-17:00","Wednesday":"7:00-17:00"},"is_open":1,"latitude":43.0707881,"longitude":-89.389146,"name":"Dentistry For Madison","neighborhood":"Capitol","postal_code":"53703","review_count":7,"stars":4.5,"state":"WI"}
{"address":"6425 Normandy Ln","attributes":{"AcceptsInsurance":true,"BikeParking":true,"BusinessAcceptsCreditCards":true,"BusinessParking":{"garage":false,"lot":true,"street":false,"valet":false,"validated":false},"ByAppointmentOnly":true,"RestaurantsPriceRange2":2},"business_id":"MO3gZFIGJi6FvWbenoPbiA","categories":["Beauty & Spas","Acupuncture","Health & Medical","Massage"],"city":"Madison","hours":{},"is_open":1,"latitude":43.055999,"longitude":-89.4910359,"name":"East-West Healing Arts Institute","neighborhood":"","postal_code":"53719","review_count":5,"stars":3.5,"state":"WI"}
{"address":"20 S Park St, Ste 450","attributes":{"ByAppointmentOnly":true},"business_id":"DS5TFqkcPiQx6yjUKK8_qg","categories":["Health & Medical","Hospitals","Obstetricians & Gynecologists","Doctors"],"city":"Madison","hours":{"Friday":"8:00-16:30","Monday":"8:00-16:30","Thursday":"8:00-16:30","Tuesday":"8:00-16:30","Wednesday":"8:00-16:30"},"is_open":1,"latitude":43.0672953,"longitude":-89.4014892,"name":"WomanCare Clinic","neighborhood":"Greenbush","postal_code":"53715","review_count":8,"stars":5.0,"state":"WI"}
{"address":"319 W Gorham St","attributes":{"AcceptsInsurance":false,"ByAppointmentOnly":false},"business_id":"Pxlmnjbz6HErepULhU3Pmw","categories":["Blood & Plasma Donation Centers","Health & Medical"],"city":"Madison","hours":{},"is_open":1,"latitude":43.0741778,"longitude":-89.3919536,"name":"Interstate Blood & Plasma","neighborhood":"Capitol","postal_code":"53703","review_count":3,"stars":4.0,"state":"WI"}
{"address":"2801 International Ln","attributes":{"ByAppointmentOnly":true},"business_id":"QBbVQZHF0BLxVQJCMdNetw","categories":["Massage","Beauty & Spas","Acupuncture","Massage Therapy","Health & Medical"],"city":"Madison","hours":{"Friday":"8:00-20:30","Monday":"8:00-20:30","Saturday":"8:00-20:30","Thursday":"8:00-20:30","Tuesday":"8:00-20:30","Wednesday":"8:00-20:30"},"is_open":1,"latitude":43.126784,"longitude":-89.3489246,"name":"Body Harmony","neighborhood":"","postal_code":"53704","review_count":4,"stars":4.0,"state":"WI"}
{"address":"4208 E Washington Avenue","attributes":{"BikeParking":true,"BusinessAcceptsCreditCards":true,"BusinessParking":{"garage":false,"lot":false,"street":false,"valet":false,"validated":false},"ByAppointmentOnly":false,"RestaurantsPriceRange2":2},"business_id":"Op1FNB61iuAAKf91-NzxFg","categories":["Optometrists","Shopping","Eyewear & Opticians","Health & Medical"],"city":"Madison","hours":{"Friday":"9:00-19:00","Monday":"9:00-19:00","Saturday":"9:00-17:00","Thursday":"9:00-19:00","Tuesday":"9:00-19:00","Wednesday":"9:00-19:00"},"is_open":1,"latitude":43.125906,"longitude":-89.312254,"name":"Eyemart Express","neighborhood":"Norman Acres","postal_code":"53704","review_count":4,"stars":4.0,"state":"WI"}
{"address":"4410 Regent St","attributes":{"AcceptsInsurance":true,"BusinessAcceptsCreditCards":true,"ByAppointmentOnly":true},"business_id":"rB4HYopnht0Z4IVRmLGvBQ","categories":["Obstetricians & Gynecologists","Health & Medical","Pediatricians","Internal Medicine","Doctors"],"city":"Madison","hours":{"Friday":"7:30-17:00","Monday":"7:30-17:00","Saturday":"8:00-12:00","Thursday":"7:30-17:00","Tuesday":"7:30-17:00","Wednesday":"7:30-17:00"},"is_open":1,"latitude":43.0686393,"longitude":-89.4519971,"name":"Associated Physicians","neighborhood":"","postal_code":"53705","review_count":9,"stars":4.0,"state":"WI"}
{"address":"512 State St","attributes":{"AcceptsInsurance":true,"BikeParking":true,"BusinessAcceptsCreditCards":true,"DogsAllowed":true,"RestaurantsPriceRange2":2,"WheelchairAccessible":true},"business_id":"czk_wGegenUkLO-OlEmDeg","categories":["Health & Medical","Eyewear & Opticians","Optometrists","Shopping"],"city":"Madison","hours":{"Friday":"9:00-16:00","Monday":"9:00-18:00","Saturday":"10:00-15:00","Thursday":"9:00-17:00","Tuesday":"9:00-18:00","Wednesday":"9:00-18:00"},"is_open":1,"latitude":43.0748637,"longitude":-89.3938999,"name":"Madison Optometric Center","neighborhood":"Capitol","postal_code":"53703","review_count":3,"stars":5.0,"state":"WI"}
{"address":"6314 Odana Rd, Ste 22","attributes":{"AcceptsInsurance":true,"BusinessAcceptsCreditCards":true,"BusinessParking":{"garage":false,"lot":true,"street":false,"valet":false,"validated":false},"ByAppointmentOnly":false,"RestaurantsPriceRange2":1},"business_id":"9vSrDFT9S0Kv8qOB7BGBiw","categories":["Massage","Health & Medical","Beauty & Spas","Hair Removal","Skin Care","Doctors","Waxing","Sports Medicine","Reflexology","Reiki","Massage Therapy"],"city":"Madison","hours":{"Friday":"9:00-19:00","Monday":"9:00-21:00","Saturday":"9:00-19:00","Sunday":"9:00-17:00","Thursday":"9:00-21:00","Tuesday":"9:00-21:00","Wednesday":"9:00-21:00"},"is_open":1,"latitude":43.0543722,"longitude":-89.4889097,"name":"Seventh Heaven Massage Studio","neighborhood":"","postal_code":"53705","review_count":9,"stars":3.0,"state":"WI"}
{"address":"8210 Plaza Dr","attributes":{"BusinessAcceptsCreditCards":true,"ByAppointmentOnly":true},"business_id":"20uj8uiKxXxW94k8ivsPqw","categories":["Veterinarians","Health & Medical","Pet Services","Pets"],"city":"Madison","hours":{"Friday":"9:00-19:00","Monday":"9:00-19:00","Saturday":"9:00-19:00","Sunday":"10:00-17:00","Thursday":"9:00-19:00","Tuesday":"9:00-19:00","Wednesday":"9:00-19:00"},"is_open":1,"latitude":43.0571701666,"longitude":-89.5246347785,"name":"Banfield Pet Hospital","neighborhood":"","postal_code":"53719","review_count":4,"stars":3.0,"state":"WI"}
{"address":"6314 Odana Rd, Ste 22","attributes":{"AcceptsInsurance":false,"BusinessAcceptsCreditCards":true,"ByAppointmentOnly":true},"business_id":"CcOjMY6DP9x8nsf9ZYJxow","categories":["Acupuncture","Massage Therapy","Health & Medical","Traditional Chinese Medicine"],"city":"Madison","hours":{"Friday":"9:00-19:00","Monday":"9:00-19:00","Saturday":"9:00-19:00","Thursday":"9:00-19:00","Tuesday":"9:00-19:00","Wednesday":"9:00-19:00"},"is_open":1,"latitude":43.0543722,"longitude":-89.4889097,"name":"Safarik Wellness","neighborhood":"","postal_code":"53719","review_count":12,"stars":5.0,"state":"WI"}
{"address":"675 W Washington Ave","attributes":{"AcceptsInsurance":true,"ByAppointmentOnly":true},"business_id":"9DBqnl5-0EH_hRa7-y4aiQ","categories":["Health & Medical","Doctors"],"city":"Madison","hours":{},"is_open":1,"latitude":43.0671763,"longitude":-89.3941588,"name":"Group Health Cooperative","neighborhood":"Capitol","postal_code":"53703","review_count":7,"stars":2.0,"state":"WI"}
{"address":"7617 Mineral Point Rd, Ste 300","attributes":{"AcceptsInsurance":true,"ByAppointmentOnly":true},"business_id":"EM_D_kcnN2gB0mi0tCqETw","categories":["Health & Medical","Counseling & Mental Health","Psychologists"],"city":"Madison","hours":{"Friday":"8:00-17:00","Monday":"8:00-17:00","Thursday":"8:00-17:00","Tuesday":"8:00-17:00","Wednesday":"8:00-17:00"},"is_open":1,"latitude":43.0601413,"longitude":-89.5148119,"name":"Psychology Center Sc","neighborhood":"","postal_code":"53719","review_count":3,"stars":2.0,"state":"WI"}
{"address":"312 E Wilson St","attributes":{"AcceptsInsurance":false,"BusinessAcceptsCreditCards":true,"ByAppointmentOnly":true},"business_id":"XjFJgCv9d3LS8ARxo1F32g","categories":["Health & Medical","Float Spa"],"city":"Madison","hours":{"Friday":"10:00-22:00","Saturday":"10:00-22:00","Sunday":"10:00-19:00","Thursday":"10:00-22:00","Tuesday":"10:00-22:00","Wednesday":"10:00-22:00"},"is_open":1,"latitude":43.0749667,"longitude":-89.3780691,"name":"Float Madison","neighborhood":"Capitol","postal_code":"53703","review_count":8,"stars":5.0,"state":"WI"}
{"address":"3541 University Ave","attributes":{"AcceptsInsurance":true,"BusinessAcceptsCreditCards":true,"ByAppointmentOnly":true},"business_id":"ajtmx6-FDCihNmS05FLo8g","categories":["Health & Medical","Dentists","Cosmetic Dentists","General Dentistry"],"city":"Madison","hours":{"Monday":"8:00-17:00","Thursday":"8:00-17:00","Tuesday":"8:00-17:00","Wednesday":"8:00-17:00"},"is_open":1,"latitude":43.0752101,"longitude":-89.4485684,"name":"University Hills Dental","neighborhood":"Sunset Village","postal_code":"53705","review_count":4,"stars":5.0,"state":"WI"}
{"address":"6314 Odana Rd, Ste 20","attributes":{"BusinessAcceptsCreditCards":true,"BusinessParking":{"garage":false,"lot":true,"street":false,"valet":false,"validated":false},"RestaurantsPriceRange2":2},"business_id":"0-GxJX2Qy1o1oz-BpocbJg","categories":["Hair Removal","Waxing","Skin Care","Medical Spas","Permanent Makeup","Beauty & Spas","Health & Medical","Laser Hair Removal"],"city":"Madison","hours":{"Friday":"10:00-17:00","Monday":"10:00-20:00","Saturday":"10:00-14:00","Thursday":"10:00-18:00","Tuesday":"10:00-20:00","Wednesday":"10:00-19:00"},"is_open":1,"latitude":43.054361,"longitude":-89.488708,"name":"Madison Skin Specialists","neighborhood":"","postal_code":"53719","review_count":3,"stars":5.0,"state":"WI"}
{"address":"615 State St","attributes":{"BikeParking":true,"BusinessAcceptsCreditCards":true,"BusinessParking":{"garage":false,"lot":false,"street":false,"valet":false,"validated":false},"ByAppointmentOnly":true,"RestaurantsPriceRange2":3,"WheelchairAccessible":true},"business_id":"aNOZxz80w0fv4mYLB2VXfA","categories":["Eyewear & Opticians","Shopping","Health & Medical","Optometrists"],"city":"Madison","hours":{"Friday":"9:00-16:00","Monday":"9:00-18:00","Saturday":"10:00-15:00","Thursday":"8:00-17:00","Tuesday":"9:00-18:00","Wednesday":"9:00-18:00"},"is_open":0,"latitude":43.0748713,"longitude":-89.3962042,"name":"Madison Optometric Center","neighborhood":"Capitol","postal_code":"53703","review_count":5,"stars":4.0,"state":"WI"}
{"address":"5940 Seminole Ctr, Ste 200","attributes":{"BusinessAcceptsCreditCards":true,"BusinessParking":{"garage":false,"lot":true,"street":false,"valet":false,"validated":false},"ByAppointmentOnly":true,"WheelchairAccessible":false},"business_id":"EZWGYmCu9Ju2hCwdUgYtBQ","categories":["Medical Spas","Skin Care","Laser Hair Removal","Beauty & Spas","Hair Removal","Health & Medical"],"city":"Madison","hours":{},"is_open":0,"latitude":43.0147205,"longitude":-89.4533068,"name":"Advanced Image","neighborhood":"","postal_code":"53711","review_count":3,"stars":2.5,"state":"WI"}
{"address":"664 W Washington Ave","attributes":{"ByAppointmentOnly":true},"business_id":"Tg2zZ_cBsGxjHXCAGQvT0g","categories":["Health & Medical","Shopping","Medical Supplies","Reflexology","Doctors","Podiatrists"],"city":"Madison","hours":{"Friday":"9:00-17:00","Monday":"9:30-17:00","Thursday":"9:00-17:00","Tuesday":"9:30-17:00","Wednesday":"9:00-17:00"},"is_open":1,"latitude":43.067327,"longitude":-89.3947684,"name":"Neal J Katz, DPM","neighborhood":"Capitol","postal_code":"53703","review_count":3,"stars":4.5,"state":"WI"}
{"address":"5602 Odana Rd","attributes":{"ByAppointmentOnly":true},"business_id":"I3bpKv7poyu8cjBPO21Dpg","categories":["Cosmetic Dentists","Health & Medical","General Dentistry","Dentists","Endodontists","Professional Services","Web Design"],"city":"Madison","hours":{"Friday":"9:00-14:00","Monday":"7:30-17:00","Thursday":"7:30-17:00","Tuesday":"7:30-17:00","Wednesday":"11:00-18:30"},"is_open":1,"latitude":43.050501,"longitude":-89.476691,"name":"Madison Smile Solutions","neighborhood":"","postal_code":"53719","review_count":3,"stars":4.5,"state":"WI"}
{"address":"2044 S Stoughton Rd","attributes":{"ByAppointmentOnly":true},"business_id":"5U15X91WsPkDeTVpWCbqyw","categories":["Chiropractors","Health & Medical","Physical Therapy"],"city":"Madison","hours":{"Friday":"13:15-16:00","Monday":"13:15-17:00","Tuesday":"13:15-16:30","Wednesday":"9:00-12:00"},"is_open":0,"latitude":43.0678428,"longitude":-89.3095314,"name":"Integrated Sport & Spine Clinic of Madison","neighborhood":"Glendale","postal_code":"53716","review_count":3,"stars":5.0,"state":"WI"}
{"address":"434 Gammon Pl","attributes":{"AcceptsInsurance":true,"BikeParking":false,"BusinessAcceptsBitcoin":false,"BusinessAcceptsCreditCards":true,"BusinessParking":{"garage":false,"lot":true,"street":false,"valet":false,"validated":false},"ByAppointmentOnly":false,"RestaurantsPriceRange2":3,"WheelchairAccessible":true},"business_id":"U9x7pHzxDk_gJF1pTecQNw","categories":["Eyewear & Opticians","Optometrists","Shopping","Health & Medical"],"city":"Madison","hours":{"Friday":"9:00-19:00","Monday":"9:00-19:00","Saturday":"9:00-19:00","Thursday":"9:00-19:00","Tuesday":"9:00-19:00","Wednesday":"9:00-19:00"},"is_open":1,"latitude":43.0591100277,"longitude":-89.5021639177,"name":"Stanton Optical","neighborhood":"","postal_code":"53719","review_count":8,"stars":3.0,"state":"WI"}
{"address":"6317 Odana Rd","attributes":{"AcceptsInsurance":true,"ByAppointmentOnly":true},"business_id":"r4RBO20cL8Q-4fKo-kjLLg","categories":["Medical Centers","Orthodontists","General Dentistry","Endodontists","Dentists","Cosmetic Dentists","Health & Medical"],"city":"Madison","hours":{"Friday":"8:00-14:00","Monday":"8:00-17:00","Thursday":"8:00-14:00","Tuesday":"8:00-17:00","Wednesday":"8:00-17:00"},"is_open":1,"latitude":43.0537109,"longitude":-89.4893589,"name":"Total Care Dental","neighborhood":"","postal_code":"53719","review_count":5,"stars":5.0,"state":"WI"}
{"address":"503 Commerce Dr","attributes":{"ByAppointmentOnly":true},"business_id":"sJObNe2Oa4eJBjPTRJEgjA","categories":["Shopping","Eyewear & Opticians","Health & Medical","Optometrists"],"city":"Madison","hours":{},"is_open":1,"latitude":43.0546102,"longitude":-89.5228008,"name":"Olson Eye Care","neighborhood":"","postal_code":"53719","review_count":6,"stars":4.5,"state":"WI"}
{"address":"10 N Livingston St, Ste 301","attributes":{"AcceptsInsurance":true,"BusinessAcceptsCreditCards":true,"ByAppointmentOnly":true},"business_id":"jyyk8qQ9Do9ITKsU3fqIdw","categories":["Pediatric Dentists","Cosmetic Dentists","Orthodontists","General Dentistry","Health & Medical","Periodontists","Dentists","Endodontists"],"city":"Madison","hours":{"Friday":"7:00-17:00","Monday":"7:00-17:00","Thursday":"7:00-17:00","Tuesday":"7:00-17:00","Wednesday":"7:00-17:00"},"is_open":1,"latitude":43.0814889,"longitude":-89.3758712,"name":"Artisan Dental","neighborhood":"Tenney - Lapham","postal_code":"53703","review_count":15,"stars":4.5,"state":"WI"}
{"address":"1931 Monroe St","attributes":{},"business_id":"P8y_F6OBbLHpQ8MpRsEwjA","categories":["Doctors","Veterinarians","Pet Hospice","Pets","Health & Medical","Pet Services","Naturopathic/Holistic","Acupuncture"],"city":"Madison","hours":{"Friday":"9:00-16:00","Monday":"9:00-16:00","Thursday":"9:00-16:00","Tuesday":"9:00-16:00","Wednesday":"9:00-16:00"},"is_open":1,"latitude":43.0638353,"longitude":-89.4183897,"name":"Full Circle Holistic Veterinary Care","neighborhood":"Vilas","postal_code":"53711","review_count":8,"stars":5.0,"state":"WI"}
{"address":"7428 Mineral Point Rd","attributes":{"AcceptsInsurance":true,"BikeParking":true,"BusinessAcceptsCreditCards":true,"BusinessParking":{"garage":false,"lot":true,"street":false,"valet":false,"validated":false},"ByAppointmentOnly":false,"WheelchairAccessible":true},"business_id":"9mkB06yGtgta7NTkt5DJ0Q","categories":["Health & Medical","Pediatricians","Medical Supplies","Ophthalmologists","Doctors","Laser Eye Surgery/Lasik","Medical Centers","Optometrists","Eyewear & Opticians","Shopping"],"city":"Madison","hours":{"Friday":"9:00-17:00","Monday":"9:00-17:00","Saturday":"9:00-16:00","Sunday":"0:00-0:00","Thursday":"9:00-19:00","Tuesday":"9:00-19:00","Wednesday":"9:00-17:00"},"is_open":1,"latitude":43.060971,"longitude":-89.5113887,"name":"Eye Contact- Madison West","neighborhood":"","postal_code":"53717","review_count":6,"stars":3.5,"state":"WI"}
{"address":"4122 E Towne Blvd","attributes":{"BusinessAcceptsCreditCards":true},"business_id":"GuU7z2pU6OrPEzIe8rGj4w","categories":["Health & Medical","Pediatricians","Doctors","Urgent Care","Medical Centers","Drugstores","Shopping","Obstetricians & Gynecologists"],"city":"Madison","hours":{"Friday":"9:00-19:00","Monday":"9:00-19:00","Saturday":"9:00-17:00","Sunday":"9:00-17:00","Thursday":"9:00-19:00","Tuesday":"9:00-19:00","Wednesday":"9:00-19:00"},"is_open":1,"latitude":43.1244906,"longitude":-89.3120302,"name":"Uw Health - East Towne Pharmacy","neighborhood":"","postal_code":"53704","review_count":3,"stars":3.0,"state":"WI"}
{"address":"515 Junction Rd, Ste C","attributes":{"ByAppointmentOnly":true},"business_id":"SLI9ty5gIZ3OmSKmST26qw","categories":["Health & Medical","Beauty & Spas","Massage","Massage Therapy"],"city":"Madison","hours":{"Friday":"9:00-21:00","Monday":"9:00-21:00","Saturday":"9:00-17:00","Sunday":"9:00-17:00","Thursday":"9:00-21:00","Tuesday":"9:00-21:00","Wednesday":"9:00-21:00"},"is_open":1,"latitude":43.0697841264,"longitude":-89.5240222437,"name":"Bergamot Massage Therapy & Bodywork","neighborhood":"Junction Ridge","postal_code":"53717","review_count":21,"stars":4.5,"state":"WI"}
{"address":"202 S Park St","attributes":{"ByAppointmentOnly":false},"business_id":"AvYINejPpaephWjXKVAZvg","categories":["Doctors","Health & Medical","Medical Centers","Hospitals"],"city":"Madison","hours":{},"is_open":1,"latitude":43.0652927209,"longitude":-89.4015049996,"name":"UnityPoint Health - Meriter Foundation","neighborhood":"Greenbush","postal_code":"53715","review_count":3,"stars":3.0,"state":"WI"}
{"address":"7617 Mineral Point Rd, Ste 120","attributes":{"AcceptsInsurance":true,"BusinessAcceptsCreditCards":true,"ByAppointmentOnly":true},"business_id":"SkMHTrR-qn-6qNalTpu1MQ","categories":["General Dentistry","Cosmetic Dentists","Dentists","Health & Medical"],"city":"Madison","hours":{"Friday":"7:00-16:00","Monday":"7:30-17:00","Thursday":"7:30-17:00","Tuesday":"7:30-17:00","Wednesday":"7:30-17:00"},"is_open":1,"latitude":43.0601465,"longitude":-89.5149309,"name":"Oak Park Dental","neighborhood":"","postal_code":"53717","review_count":12,"stars":4.5,"state":"WI"}
{"address":"8215 Plaza Dr","attributes":{"ByAppointmentOnly":true},"business_id":"FEtwr6J4mcF1mFlxO-AlFw","categories":["Health & Medical","Chiropractors"],"city":"Madison","hours":{"Friday":"15:00-18:00","Monday":"15:00-18:00","Thursday":"15:00-18:00","Tuesday":"15:00-18:00","Wednesday":"15:00-18:00"},"is_open":1,"latitude":43.0563282,"longitude":-89.5236546,"name":"Anunson Chiropractic","neighborhood":"","postal_code":"53719","review_count":3,"stars":2.5,"state":"WI"}
{"address":"728 S Gammon Rd","attributes":{"BusinessAcceptsCreditCards":true,"ByAppointmentOnly":false},"business_id":"Uo2DxgZzbI1_1zJXtyBmng","categories":["Health & Medical","Chiropractors"],"city":"Madison","hours":{"Friday":"10:00-19:00","Monday":"10:00-19:00","Saturday":"10:00-16:00","Thursday":"10:00-19:00","Tuesday":"10:00-19:00","Wednesday":"10:00-19:00"},"is_open":1,"latitude":43.0488074,"longitude":-89.5038285,"name":"The Joint Chiropractic","neighborhood":"","postal_code":"53719","review_count":3,"stars":5.0,"state":"WI"}
{"address":"113 W Towne Mall","attributes":{"AcceptsInsurance":true,"ByAppointmentOnly":false},"business_id":"VcPweXTZ4aRc1wrzZD-crw","categories":["Optometrists","Health & Medical"],"city":"Madison","hours":{"Friday":"10:00-19:00","Monday":"10:00-19:00","Saturday":"10:00-17:00","Sunday":"11:00-16:00","Thursday":"10:00-19:00","Tuesday":"10:00-19:00","Wednesday":"10:00-19:00"},"is_open":1,"latitude":43.0582238,"longitude":-89.5047483,"name":"Sokol Advanced EyeCare","neighborhood":"","postal_code":"53719","review_count":5,"stars":4.0,"state":"WI"}
{"address":"340 S Whitney Way","attributes":{"AcceptsInsurance":true,"BusinessAcceptsCreditCards":true,"ByAppointmentOnly":true},"business_id":"zf1PntRvwazVKtwBq-BmUQ","categories":["Sports Medicine","Health & Medical","Physical Therapy","Doctors"],"city":"Madison","hours":{"Friday":"7:00-17:00","Monday":"7:00-18:00","Thursday":"7:00-18:00","Tuesday":"7:00-18:00","Wednesday":"7:00-18:00"},"is_open":1,"latitude":43.0614211,"longitude":-89.4728982,"name":"Sport & Spine Physical Therapy","neighborhood":"Hill Farms - University Neighborhood","postal_code":"53705","review_count":5,"stars":5.0,"state":"WI"}
{"address":"7007 Old Sauk Rd","attributes":{"AcceptsInsurance":true,"ByAppointmentOnly":true},"business_id":"-EJZRlgLXORMaR_8XMRH2w","categories":["Health & Medical","Dentists","Oral Surgeons","General Dentistry"],"city":"Madison","hours":{"Friday":"8:00-17:00","Monday":"8:00-17:00","Thursday":"8:00-17:00","Tuesday":"8:00-17:00","Wednesday":"8:00-17:00"},"is_open":1,"latitude":43.07548,"longitude":-89.503099,"name":"Center for Oral & Maxillofacial Surgery","neighborhood":"Walnut Grove","postal_code":"53717","review_count":5,"stars":4.0,"state":"WI"}
{"address":"29 E Towne Mall","attributes":{"BikeParking":true,"BusinessAcceptsCreditCards":true,"BusinessParking":{"garage":false,"lot":false,"street":false,"valet":false,"validated":false},"ByAppointmentOnly":false,"RestaurantsPriceRange2":3},"business_id":"yXKJ6NxfX3LLh6tTho1-zQ","categories":["Ophthalmologists","Health & Medical","Shopping","Doctors","Eyewear & Opticians","Optometrists"],"city":"Madison","hours":{"Friday":"10:00-21:00","Monday":"10:00-21:00","Saturday":"10:00-21:00","Sunday":"11:00-18:00","Thursday":"10:00-21:00","Tuesday":"10:00-21:00","Wednesday":"10:00-21:00"},"is_open":1,"latitude":43.124733,"longitude":-89.305589,"name":"LensCrafters","neighborhood":"","postal_code":"53704","review_count":7,"stars":3.5,"state":"WI"}
{"address":"","attributes":{"ByAppointmentOnly":true},"business_id":"OrTWxaySK7CigXAE7OQHvQ","categories":["Massage Therapy","Health & Medical","Beauty & Spas","Massage"],"city":"Madison","hours":{},"is_open":1,"latitude":43.0730517,"longitude":-89.4012302,"name":"Liz Truong Massage","neighborhood":"South Campus","postal_code":"","review_count":4,"stars":5.0,"state":"WI"}
{"address":"2632 Milwaukee St","attributes":{"BikeParking":true,"BusinessAcceptsCreditCards":false,"BusinessParking":{"garage":false,"lot":false,"street":true,"valet":false,"validated":false},"ByAppointmentOnly":false,"GoodForKids":true,"HairSpecializesIn":{"africanamerican":false,"asian":true,"coloring":true,"curly":true,"extensions":false,"kids":true,"perms":true,"straightperms":false},"RestaurantsPriceRange2":1,"WheelchairAccessible":true},"business_id":"v2zaG6Ttb0l9SSCyco4vog","categories":["Hair Salons","Shopping","Health & Medical","Permanent Makeup","Beauty & Spas","Personal Shopping","Waxing","Hair Removal","Jewelry"],"city":"Madison","hours":{"Friday":"10:00-18:00","Monday":"11:00-20:00","Saturday":"10:00-14:00","Thursday":"10:00-20:00","Tuesday":"10:00-20:00","Wednesday":"10:00-20:00"},"is_open":1,"latitude":43.10033,"longitude":-89.347562,"name":"Rebecca Lynn Studio","neighborhood":"Starkweather - Yahar","postal_code":"53704","review_count":17,"stars":4.5,"state":"WI"}
{"address":"113 W Towne Mall, Ste C59","attributes":{"AcceptsInsurance":true,"BikeParking":false,"BusinessAcceptsCreditCards":true,"BusinessParking":{"garage":false,"lot":false,"street":false,"valet":false,"validated":false},"ByAppointmentOnly":true,"RestaurantsPriceRange2":3,"WheelchairAccessible":true},"business_id":"RiIIYo6DRAVl6zwOsVpc3g","categories":["Ophthalmologists","Doctors","Shopping","Eyewear & Opticians","Health & Medical","Optometrists"],"city":"Madison","hours":{"Friday":"10:00-21:00","Monday":"10:00-21:00","Saturday":"10:00-21:00","Sunday":"11:00-18:00","Thursday":"10:00-21:00","Tuesday":"10:00-21:00","Wednesday":"10:00-21:00"},"is_open":1,"latitude":43.057591,"longitude":-89.504827,"name":"LensCrafters","neighborhood":"","postal_code":"53719","review_count":12,"stars":2.0,"state":"WI"}
{"address":"6314 Odana Rd","attributes":{"BikeParking":true,"BusinessAcceptsCreditCards":true,"BusinessParking":{"garage":false,"lot":false,"street":false,"valet":false,"validated":false},"ByAppointmentOnly":true,"RestaurantsPriceRange2":2},"business_id":"keUgtaEoNfDsDe2f0ZHuQA","categories":["Traditional Chinese Medicine","Health & Medical","Medical Spas","Nutritionists","Beauty & Spas"],"city":"Madison","hours":{"Friday":"13:00-19:00","Monday":"12:00-19:30","Saturday":"9:30-16:00","Thursday":"13:00-19:30","Tuesday":"9:30-19:30"},"is_open":0,"latitude":43.02252,"longitude":-89.4165,"name":"Sacred Rhythms Wellness Center","neighborhood":"","postal_code":"53719","review_count":7,"stars":5.0,"state":"WI"}
{"address":"7001 Tree Ln","attributes":{"AcceptsInsurance":true,"ByAppointmentOnly":true},"business_id":"DgwjHs22Os7X3C2IFYmh0w","categories":["Orthodontists","Cosmetic Dentists","General Dentistry","Periodontists","Health & Medical","Dentists"],"city":"Madison","hours":{"Friday":"7:00-13:00","Monday":"8:00-18:00","Thursday":"7:00-16:00","Tuesday":"8:00-18:00","Wednesday":"7:00-16:00"},"is_open":1,"latitude":43.0651891,"longitude":-89.5031151,"name":"Midwest Dental Madison","neighborhood":"","postal_code":"53717","review_count":3,"stars":2.5,"state":"WI"}
{"address":"2040 S Stoughton Rd","attributes":{"BikeParking":true,"BusinessAcceptsCreditCards":true,"ByAppointmentOnly":false,"GoodForKids":false,"WheelchairAccessible":true},"business_id":"owX47nnm1Rznm7QOQV4VPA","categories":["Life Coach","Health & Medical","Gyms","Active Life","Professional Services","Fitness & Instruction"],"city":"Madison","hours":{"Friday":"10:00-17:00","Monday":"10:00-18:00","Thursday":"10:00-18:00","Tuesday":"10:00-18:00","Wednesday":"10:00-18:00"},"is_open":1,"latitude":43.0680879,"longitude":-89.3106026,"name":"Badger Fitness","neighborhood":"Glendale","postal_code":"53716","review_count":3,"stars":5.0,"state":"WI"}
{"address":"258 Corporate Dr., Ste. 201","attributes":{"AcceptsInsurance":true},"business_id":"_eXvlb7nQOfdIS9eb1t1gw","categories":["Health & Medical","General Dentistry","Cosmetic Dentists","Dentists"],"city":"Madison","hours":{"Friday":"7:00-16:00","Monday":"7:00-17:00","Thursday":"7:00-17:00","Tuesday":"7:00-17:00","Wednesday":"7:00-17:00"},"is_open":1,"latitude":43.1027217,"longitude":-89.3178819,"name":"First Choice Dental","neighborhood":"Eastmorland","postal_code":"53714","review_count":4,"stars":3.0,"state":"WI"}
{"address":"2639 University Ave","attributes":{"AcceptsInsurance":true,"BikeParking":true,"BusinessAcceptsCreditCards":true,"BusinessParking":{"garage":false,"lot":true,"street":false,"valet":false,"validated":false},"ByAppointmentOnly":true,"RestaurantsPriceRange2":2,"WheelchairAccessible":true},"business_id":"zs_YKgwh5YAie6TXZgYP9Q","categories":["Ophthalmologists","Eyewear & Opticians","Doctors","Health & Medical","Optometrists","Shopping","Emergency Rooms"],"city":"Madison","hours":{"Friday":"8:00-17:00","Monday":"8:00-19:00","Thursday":"8:00-17:00","Tuesday":"8:00-17:00","Wednesday":"8:00-17:00"},"is_open":1,"latitude":43.074803,"longitude":-89.436265,"name":"Steinhauer Family Eye Clinic","neighborhood":"","postal_code":"53705","review_count":6,"stars":4.5,"state":"WI"}
{"address":"752 N High Point Rd","attributes":{"AcceptsInsurance":true,"ByAppointmentOnly":true},"business_id":"dQF7FtWoNbEFleJULRWt6w","categories":["Health & Medical","Doctors"],"city":"Madison","hours":{},"is_open":1,"latitude":43.0771169,"longitude":-89.5196271,"name":"Dean Health System","neighborhood":"Wexford","postal_code":"53717","review_count":5,"stars":2.0,"state":"WI"}
{"address":"700 S Park St","attributes":{"AcceptsInsurance":true,"ByAppointmentOnly":false},"business_id":"JubiY4ZOhaOwgcC1O0U67g","categories":["Doctors","Hospitals","Health & Medical"],"city":"Madison","hours":{},"is_open":1,"latitude":43.059273,"longitude":-89.401513,"name":"St. Mary's Hospital","neighborhood":"Greenbush","postal_code":"53715","review_count":10,"stars":4.0,"state":"WI"}
{"address":"437 State St","attributes":{"BikeParking":true,"BusinessAcceptsCreditCards":true,"BusinessParking":{"garage":false,"lot":false,"street":true,"valet":false,"validated":false},"ByAppointmentOnly":false,"DogsAllowed":true,"RestaurantsPriceRange2":3,"WheelchairAccessible":true},"business_id":"pgDMnRiVZ_yKA0zezH_jOQ","categories":["Medical Supplies","Health & Medical","Eyewear & Opticians","Shopping","Outdoor Gear","Optometrists","Sporting Goods"],"city":"Madison","hours":{"Friday":"11:00-19:00","Monday":"11:00-19:00","Saturday":"10:00-18:00","Sunday":"12:00-17:00","Thursday":"11:00-20:00","Tuesday":"11:00-19:00","Wednesday":"11:00-19:00"},"is_open":1,"latitude":43.074695,"longitude":-89.39301,"name":"SEE","neighborhood":"Capitol","postal_code":"53703","review_count":24,"stars":4.5,"state":"WI"}
{"address":"2612 E Washington Ave","attributes":{"ByAppointmentOnly":false},"business_id":"Csm-xQCyYUHNfyG7Ve1zlQ","categories":["Shopping","Optometrists","Health & Medical","Medical Supplies","Eyewear & Opticians"],"city":"Madison","hours":{},"is_open":1,"latitude":43.1006628,"longitude":-89.3483638,"name":"Wisconsin Vision","neighborhood":"Starkweather - Yahar","postal_code":"53704","review_count":5,"stars":4.0,"state":"WI"}
{"address":"708 Heartland Trl, Ste 1400","attributes":{"AcceptsInsurance":true,"BusinessAcceptsCreditCards":true,"ByAppointmentOnly":true},"business_id":"YQ3MYXj-oJw3TE52SItbMA","categories":["Health & Medical","General Dentistry","Dentists"],"city":"Madison","hours":{"Monday":"13:00-16:00","Thursday":"13:00-16:00","Tuesday":"13:00-16:00","Wednesday":"13:00-16:00"},"is_open":1,"latitude":43.0753514,"longitude":-89.533406,"name":"Andler Dental","neighborhood":"","postal_code":"53717","review_count":6,"stars":5.0,"state":"WI"}
{"address":"4237 Lien Rd, Ste E","attributes":{"BikeParking":true,"BusinessAcceptsCreditCards":true,"BusinessParking":{"garage":false,"lot":false,"street":false,"valet":false,"validated":false},"ByAppointmentOnly":true,"RestaurantsPriceRange2":2},"business_id":"JCM-AIZAXkAcgeLdIiOjWA","categories":["Eyewear & Opticians","Ophthalmologists","Health & Medical","Optometrists","Doctors","Shopping"],"city":"Madison","hours":{"Friday":"9:00-19:00","Monday":"9:00-19:00","Saturday":"9:00-18:00","Thursday":"9:00-19:00","Tuesday":"9:00-19:00","Wednesday":"9:00-19:00"},"is_open":1,"latitude":43.1205802,"longitude":-89.3089688,"name":"America's Best Contacts & Eyeglasses","neighborhood":"Mayfair Park","postal_code":"53704","review_count":5,"stars":1.5,"state":"WI"}
{"address":"517 N Lake St","attributes":{"AcceptsInsurance":true},"business_id":"C8PNX4RrH5aAbp5x22ka_Q","categories":["Cosmetic Dentists","Medical Centers","General Dentistry","Oral Surgeons","Health & Medical","Dentists"],"city":"Madison","hours":{"Friday":"8:00-15:00","Monday":"15:00-18:00","Thursday":"13:00-17:00","Tuesday":"13:00-17:00","Wednesday":"8:00-15:00"},"is_open":1,"latitude":43.0754506,"longitude":-89.397031,"name":"University Square Dental Associates","neighborhood":"Capitol","postal_code":"53703","review_count":4,"stars":4.0,"state":"WI"}
{"address":"433 W Washington Ave","attributes":{"AcceptsInsurance":true,"BikeParking":true,"BusinessAcceptsCreditCards":true,"BusinessParking":{"garage":false,"lot":true,"street":false,"valet":false,"validated":false},"ByAppointmentOnly":true,"RestaurantsPriceRange2":2,"WheelchairAccessible":true},"business_id":"t4rBeSFDfwvaIbLftLlhig","categories":["Saunas","Massage Therapy","Beauty & Spas","Massage","Health & Medical"],"city":"Madison","hours":{"Friday":"8:00-19:00","Monday":"8:30-19:00","Saturday":"9:00-19:00","Thursday":"8:00-19:00","Tuesday":"8:00-19:00","Wednesday":"8:00-19:00"},"is_open":1,"latitude":43.0702561,"longitude":-89.3898681,"name":"Resolution Therapeutic Massage","neighborhood":"Capitol","postal_code":"53703","review_count":15,"stars":5.0,"state":"WI"}
{"address":"1313 Fish Hatchery Rd","attributes":{"ByAppointmentOnly":true},"business_id":"T6KoF8J3tdNWKfSD9AmdrA","categories":["Doctors","Medical Centers","Health & Medical","Optometrists","Family Practice"],"city":"Madison","hours":{},"is_open":1,"latitude":43.0526472,"longitude":-89.3983237,"name":"Dean Clinic","neighborhood":"Bay Creek","postal_code":"53715","review_count":5,"stars":2.5,"state":"WI"}
{"address":"305 S Livingston St","attributes":{"AcceptsInsurance":true,"ByAppointmentOnly":true},"business_id":"kCwitOzEVXfTYnJ3QS0l8w","categories":["Physical Therapy","Health & Medical"],"city":"Madison","hours":{"Friday":"8:00-17:00","Monday":"8:00-17:00","Thursday":"8:00-17:00","Tuesday":"8:00-17:00","Wednesday":"8:00-17:00"},"is_open":1,"latitude":43.0786584,"longitude":-89.3717588,"name":"Mindful Motion Physical Therapy","neighborhood":"Williamson - Marquette","postal_code":"53703","review_count":8,"stars":5.0,"state":"WI"}
{"address":"2045 Atwood Ave, Ste 105","attributes":{"ByAppointmentOnly":true},"business_id":"O45RansMZmuiGrMS-9Q5YQ","categories":["Fitness & Instruction","Beauty & Spas","Massage Therapy","Acupuncture","Yoga","Massage","Health & Medical","Active Life"],"city":"Madison","hours":{"Saturday":"9:00-17:00","Tuesday":"9:00-17:00"},"is_open":1,"latitude":43.0920714,"longitude":-89.3535202,"name":"Wellness To the People","neighborhood":"Williamson - Marquette","postal_code":"53704","review_count":3,"stars":5.0,"state":"WI"}
{"address":"6502 Grand Teton Plz, Ste 105","attributes":{},"business_id":"fYDvua3_4_nW-7u7BYg5uQ","categories":["Diagnostic Services","Health & Medical","Diagnostic Imaging"],"city":"Madison","hours":{},"is_open":1,"latitude":43.0596643,"longitude":-89.4926182,"name":"Stork Vision 3D-4D Ultrasound - Madison","neighborhood":"","postal_code":"53719","review_count":4,"stars":3.0,"state":"WI"}
{"address":"8002 Watts Rd","attributes":{"AcceptsInsurance":true,"ByAppointmentOnly":true},"business_id":"L7aIt69YmlMYy-uPZppMeQ","categories":["General Dentistry","Pediatric Dentists","Orthodontists","Cosmetic Dentists","Endodontists","Health & Medical","Dentists"],"city":"Madison","hours":{"Friday":"7:00-12:00","Monday":"7:00-17:00","Thursday":"7:00-17:00","Tuesday":"7:00-17:00","Wednesday":"7:00-17:00"},"is_open":1,"latitude":43.0537468,"longitude":-89.5199636,"name":"Byce & Worman Family Dentistry","neighborhood":"","postal_code":"53719","review_count":7,"stars":4.5,"state":"WI"}
{"address":"358 Junction Rd","attributes":{"ByAppointmentOnly":false},"business_id":"IQDOSTF0NpeHlku6woaWLw","categories":["Health & Medical","Doctors"],"city":"Madison","hours":{},"is_open":1,"latitude":43.0673504,"longitude":-89.5254084,"name":"Concentra Medical Centers","neighborhood":"Junction Ridge","postal_code":"53717","review_count":4,"stars":2.0,"state":"WI"}
{"address":"451 Jct Rd Madison","attributes":{"ByAppointmentOnly":true},"business_id":"lZA872NateEAEOy0N7CDxQ","categories":["Eyewear & Opticians","Outdoor Gear","Medical Centers","Sporting Goods","Health & Medical","Drugstores","Cardiologists","Shopping","Pediatricians","Doctors","Physical Therapy","Optometrists"],"city":"Madison","hours":{"Friday":"9:00-17:00","Monday":"9:00-17:00","Thursday":"9:00-17:00","Tuesday":"9:00-17:00","Wednesday":"9:00-17:00"},"is_open":1,"latitude":43.0704262,"longitude":-89.5239956,"name":"UW Health Allergy, Asthma & Immunology West Clinic","neighborhood":"Junction Ridge","postal_code":"53717","review_count":4,"stars":3.0,"state":"WI"}
{"address":"2981 Yarmouth Greenway","attributes":{"BikeParking":true,"BusinessAcceptsCreditCards":true,"BusinessParking":{"garage":false,"lot":true,"street":false,"valet":false,"validated":false},"ByAppointmentOnly":true,"RestaurantsPriceRange2":3,"WheelchairAccessible":true},"business_id":"Ih-KfYeZab356iAoLctXeA","categories":["Skin Care","Dermatologists","Hair Removal","Laser Hair Removal","Cosmetic Surgeons","Health & Medical","Doctors","Beauty & Spas"],"city":"Madison","hours":{"Friday":"9:00-17:00","Monday":"9:00-17:00","Thursday":"9:00-17:00","Tuesday":"9:00-17:00","Wednesday":"9:00-17:00"},"is_open":1,"latitude":43.0601413,"longitude":-89.5148119,"name":"Lasting Skin Solutions","neighborhood":"","postal_code":"53717","review_count":4,"stars":3.0,"state":"WI"}
{"address":"6441 Enterprise Ln, Ste 111","attributes":{"ByAppointmentOnly":true},"business_id":"3uKdItCvGhcVoBJi6USfzA","categories":["Professional Services","Weight Loss Centers","Life Coach","Health & Medical"],"city":"Madison","hours":{"Friday":"9:00-18:00","Monday":"9:00-18:00","Thursday":"9:00-18:00","Tuesday":"9:00-18:00","Wednesday":"9:00-18:00"},"is_open":0,"latitude":43.0573248,"longitude":-89.490888,"name":"Capital Hypnosis Center","neighborhood":"","postal_code":"53719","review_count":3,"stars":2.5,"state":"WI"}
{"address":"4222 Milwaukee St, Ste 9","attributes":{"BikeParking":true,"BusinessAcceptsCreditCards":true,"BusinessParking":{"garage":false,"lot":true,"street":false,"valet":false,"validated":false},"ByAppointmentOnly":false,"RestaurantsPriceRange2":2,"WheelchairAccessible":true},"business_id":"A6kPqeEt5OICEvOpUa9rCw","categories":["Vape Shops","Tobacco Shops","Shopping","Counseling & Mental Health","Electronics","Health & Medical"],"city":"Madison","hours":{"Friday":"11:00-22:00","Monday":"11:00-19:00","Saturday":"11:00-22:00","Sunday":"11:00-18:00","Thursday":"11:00-19:00","Tuesday":"11:00-19:00","Wednesday":"11:00-19:00"},"is_open":1,"latitude":43.0992195,"longitude":-89.3113483,"name":"Hydra Puff Vapes - Madison","neighborhood":"Heistand","postal_code":"53714","review_count":11,"stars":4.0,"state":"WI"}
{"address":"5510 Medical Cir","attributes":{"AcceptsInsurance":true,"BusinessAcceptsCreditCards":true,"ByAppointmentOnly":true},"business_id":"SQQauQvKTxMG30aMNLxE2w","categories":["Health & Medical","General Dentistry","Dentists","Cosmetic Dentists"],"city":"Madison","hours":{"Monday":"9:00-18:00","Thursday":"8:00-17:00","Tuesday":"8:00-17:00","Wednesday":"8:00-17:00"},"is_open":1,"latitude":43.0485739,"longitude":-89.4745555,"name":"Odana Hills Dental","neighborhood":"","postal_code":"53719","review_count":13,"stars":4.5,"state":"WI"}
{"address":"4793 Hayes Rd","attributes":{"AcceptsInsurance":true,"ByAppointmentOnly":true},"business_id":"1cCh0fuVULWtWhJPr95jIw","categories":["Dentists","General Dentistry","Orthodontists","Health & Medical","Pediatric Dentists","Cosmetic Dentists"],"city":"Madison","hours":{"Friday":"7:00-13:00","Monday":"8:00-18:00","Thursday":"7:00-16:00","Tuesday":"8:00-18:00","Wednesday":"7:00-16:00"},"is_open":1,"latitude":43.1380636,"longitude":-89.2992692,"name":"Midwest Dental - Madison","neighborhood":"Bluff Acres","postal_code":"53704","review_count":3,"stars":3.0,"state":"WI"}
{"address":"1821 S Stoughton Rd","attributes":{"AcceptsInsurance":true,"BusinessAcceptsCreditCards":true,"ByAppointmentOnly":true},"business_id":"mqnCX2fst5uQRH9IsM_ojw","categories":["Doctors","Medical Centers","Health & Medical"],"city":"Madison","hours":{},"is_open":1,"latitude":43.0733981,"longitude":-89.3096516,"name":"Dean Clinic - East","neighborhood":"Elvehjem","postal_code":"53716","review_count":4,"stars":1.0,"state":"WI"}
{"address":"4624 E Washington Ave","attributes":{"AcceptsInsurance":false,"BikeParking":true,"BusinessAcceptsCreditCards":true,"BusinessParking":{"garage":false,"lot":true,"street":false,"valet":false,"validated":false},"ByAppointmentOnly":true,"RestaurantsPriceRange2":3,"WheelchairAccessible":true},"business_id":"FLs90tgegDnQISAudWgNGA","categories":["Health & Medical","Skin Care","Massage","Massage Therapy","Beauty & Spas"],"city":"Madison","hours":{"Friday":"8:00-22:00","Monday":"8:00-22:00","Saturday":"8:00-18:00","Sunday":"10:00-18:00","Thursday":"8:00-22:00","Tuesday":"8:00-22:00","Wednesday":"8:00-22:00"},"is_open":1,"latitude":43.130446,"longitude":-89.305864,"name":"Massage Envy - East Washington","neighborhood":"Bluff Acres","postal_code":"53704","review_count":16,"stars":3.0,"state":"WI"}
{"address":"6502 Grand Teton Plz, Ste 101","attributes":{"ByAppointmentOnly":true},"business_id":"K2_nGFQkAFoyUPy-pUCl-g","categories":["Massage Therapy","Health & Medical"],"city":"Madison","hours":{"Friday":"9:00-17:00","Monday":"9:00-21:00","Saturday":"9:00-14:00","Thursday":"9:00-21:00","Tuesday":"9:00-21:00","Wednesday":"9:00-21:00"},"is_open":1,"latitude":43.059595,"longitude":-89.492491,"name":"Peak Performance Massage","neighborhood":"","postal_code":"53719","review_count":4,"stars":5.0,"state":"WI"}
{"address":"1111 Deming Way, Ste 201","attributes":{"ByAppointmentOnly":true},"business_id":"Hdp_N3M5qdyAe2fGKZ-VzQ","categories":["Health & Medical","Chiropractors","Weight Loss Centers"],"city":"Madison","hours":{"Friday":"8:00-17:00","Monday":"8:00-17:00","Thursday":"8:00-17:00","Tuesday":"8:00-17:00","Wednesday":"8:00-17:00"},"is_open":1,"latitude":43.081232,"longitude":-89.5334996,"name":"Midwest Spine And Nerve Center","neighborhood":"","postal_code":"53717","review_count":3,"stars":5.0,"state":"WI"}
{"address":"2480 Perry St","attributes":{"BusinessAcceptsCreditCards":true,"BusinessParking":{"garage":false,"lot":false,"street":false,"valet":false,"validated":false}},"business_id":"AJpt1hDQZppJZLzXvxyWhg","categories":["Hot Tub & Pool","Shopping","Saunas","Health & Medical","Home & Garden"],"city":"Madison","hours":{"Friday":"10:00-18:00","Monday":"10:00-18:00","Saturday":"10:00-15:00","Sunday":"10:00-15:00","Thursday":"10:00-18:00","Tuesday":"10:00-18:00","Wednesday":"10:00-18:00"},"is_open":1,"latitude":43.0375444,"longitude":-89.3966051,"name":"Leisure Concepts","neighborhood":"Burr Oaks","postal_code":"53713","review_count":3,"stars":4.0,"state":"WI"}
{"address":"202 S Park St","attributes":{"AcceptsInsurance":true,"ByAppointmentOnly":false},"business_id":"ZiH14J7t8WnMPPHwHsfGOQ","categories":["Health & Medical","Medical Centers","Rehabilitation Center","Internal Medicine","Doctors","Hospitals"],"city":"Madison","hours":{"Friday":"0:00-0:00","Monday":"0:00-0:00","Saturday":"0:00-0:00","Sunday":"0:00-0:00","Thursday":"0:00-0:00","Tuesday":"0:00-0:00","Wednesday":"0:00-0:00"},"is_open":1,"latitude":43.0652927209,"longitude":-89.4015049996,"name":"UnityPoint Health - Meriter","neighborhood":"Greenbush","postal_code":"53715","review_count":13,"stars":3.0,"state":"WI"}
