{"rank_positive": 2, "rank_stars": 1, "business_id": "rH08YFSHuFXultyf0lQ3NA", "neutral": 0, "total": 23, "name": "SolEscape Healing Arts", "rating_positive": 4.873558118899735, "positive": 23, "negative": 0, "longitude": -89.3550493, "rating_stars": 4.762805784565481, "stars": 5.0, "latitude": 43.0919464}
{"rank_positive": 81, "rank_stars": 2, "business_id": "t4rBeSFDfwvaIbLftLlhig", "neutral": 1, "total": 15, "name": "Resolution Therapeutic Massage", "rating_positive": 4.598484848484849, "positive": 14, "negative": 0, "longitude": -89.3898681, "rating_stars": 4.675978326309452, "stars": 5.0, "latitude": 43.0702561}
{"rank_positive": 5, "rank_stars": 3, "business_id": "CcOjMY6DP9x8nsf9ZYJxow", "neutral": 0, "total": 12, "name": "Safarik Wellness", "rating_positive": 4.799789251844047, "positive": 12, "negative": 0, "longitude": -89.4889097, "rating_stars": 4.6244216637938855, "stars": 5.0, "latitude": 43.0543722}
{"rank_positive": 9, "rank_stars": 4, "business_id": "6PUprRU5wMDcFw0pU6Ejvg", "neutral": 0, "total": 11, "name": "Red Sage Health", "rating_positive": 4.7885756676557865, "positive": 11, "negative": 0, "longitude": -89.3625239, "rating_stars": 4.603385933539018, "stars": 5.0, "latitude": 43.084276}
{"rank_positive": 86, "rank_stars": 5, "business_id": "WdQP8kl9SzcOdubWz0Rs5g", "neutral": 0, "total": 10, "name": "Red Beard Bodywork And Structural Integration", "rating_positive": 4.479371316306483, "positive": 9, "negative": 1, "longitude": -89.3889032, "rating_stars": 4.579854018397325, "stars": 5.0, "latitude": 43.0664939}
{"rank_positive": 12, "rank_stars": 6, "business_id": "ylDv7nEgpzTTqecYDOTEVA", "neutral": 0, "total": 9, "name": "Isthmus Wellness", "rating_positive": 4.761904761904762, "positive": 9, "negative": 0, "longitude": -89.5245488, "rating_stars": 4.553353582632077, "stars": 5.0, "latitude": 43.0715593}
{"rank_positive": 14, "rank_stars": 7, "business_id": "XjFJgCv9d3LS8ARxo1F32g", "neutral": 0, "total": 8, "name": "Float Madison", "rating_positive": 4.745876058849754, "positive": 8, "negative": 0, "longitude": -89.3780691, "rating_stars": 4.52328509889487, "stars": 5.0, "latitude": 43.0749667}
{"rank_positive": 16, "rank_stars": 8, "business_id": "P8y_F6OBbLHpQ8MpRsEwjA", "neutral": 0, "total": 8, "name": "Full Circle Holistic Veterinary Care", "rating_positive": 4.745876058849754, "positive": 8, "negative": 0, "longitude": -89.4183897, "rating_stars": 4.52328509889487, "stars": 5.0, "latitude": 43.0638353}
{"rank_positive": 18, "rank_stars": 9, "business_id": "kCwitOzEVXfTYnJ3QS0l8w", "neutral": 0, "total": 8, "name": "Mindful Motion Physical Therapy", "rating_positive": 4.745876058849754, "positive": 8, "negative": 0, "longitude": -89.3717588, "rating_stars": 4.52328509889487, "stars": 5.0, "latitude": 43.0786584}
{"rank_positive": 93, "rank_stars": 10, "business_id": "DS5TFqkcPiQx6yjUKK8_qg", "neutral": 0, "total": 8, "name": "WomanCare Clinic", "rating_positive": 4.409273294694605, "positive": 7, "negative": 1, "longitude": -89.4014892, "rating_stars": 4.52328509889487, "stars": 5.0, "latitude": 43.0672953}
{"rank_positive": 19, "rank_stars": 11, "business_id": "xRvPtzqVQdFHsigE3OeX8g", "neutral": 0, "total": 7, "name": "Yuan Foot & Body Spa", "rating_positive": 4.727533460803059, "positive": 7, "negative": 0, "longitude": -89.4981288, "rating_stars": 4.488875944943208, "stars": 5.0, "latitude": 43.0566289}
{"rank_positive": 20, "rank_stars": 12, "business_id": "f5fOS5sPvSDu8oG5U4lHMg", "neutral": 0, "total": 7, "name": "Body Archaeology", "rating_positive": 4.727533460803059, "positive": 7, "negative": 0, "longitude": -89.3882732, "rating_stars": 4.488875944943208, "stars": 5.0, "latitude": 43.0748907}
{"rank_positive": 22, "rank_stars": 13, "business_id": "keUgtaEoNfDsDe2f0ZHuQA", "neutral": 0, "total": 7, "name": "Sacred Rhythms Wellness Center", "rating_positive": 4.727533460803059, "positive": 7, "negative": 0, "longitude": -89.4165, "rating_stars": 4.488875944943208, "stars": 5.0, "latitude": 43.02252}
{"rank_positive": 25, "rank_stars": 14, "business_id": "lY5fZho4VgV3q1s8z44tcA", "neutral": 0, "total": 6, "name": "Madison Chiropractic", "rating_positive": 4.706336939721793, "positive": 6, "negative": 0, "longitude": -89.363363, "rating_stars": 4.449113074096441, "stars": 5.0, "latitude": 43.122421}
{"rank_positive": 26, "rank_stars": 15, "business_id": "pAvqYATjeOZ81xRXh_LC1g", "neutral": 0, "total": 6, "name": "The Float Factor", "rating_positive": 4.706336939721793, "positive": 6, "negative": 0, "longitude": -89.5251400396, "rating_stars": 4.449113074096441, "stars": 5.0, "latitude": 43.0674100916}
{"rank_positive": 28, "rank_stars": 16, "business_id": "YQ3MYXj-oJw3TE52SItbMA", "neutral": 0, "total": 6, "name": "Andler Dental", "rating_positive": 4.706336939721793, "positive": 6, "negative": 0, "longitude": -89.533406, "rating_stars": 4.449113074096441, "stars": 5.0, "latitude": 43.0753514}
{"rank_positive": 37, "rank_stars": 17, "business_id": "-8lx51-dbVuf0gXWSUqvdA", "neutral": 1, "total": 33, "name": "Community Pharmacy", "rating_positive": 4.654370222665338, "positive": 31, "negative": 1, "longitude": -89.391557, "rating_stars": 4.408313140050049, "stars": 4.5, "latitude": 43.0745652}
{"rank_positive": 31, "rank_stars": 18, "business_id": "tLtmCHfl1XeHAXIgXJ_uVQ", "neutral": 0, "total": 5, "name": "Eyeopia", "rating_positive": 4.681564245810056, "positive": 5, "negative": 0, "longitude": -89.415733, "rating_stars": 4.4026416071626775, "stars": 5.0, "latitude": 43.065495}
{"rank_positive": 32, "rank_stars": 19, "business_id": "qI_Dhihb97PhaKgI0_BnoA", "neutral": 0, "total": 5, "name": "TLC Laser Eye Centers", "rating_positive": 4.681564245810056, "positive": 5, "negative": 0, "longitude": -89.291, "rating_stars": 4.4026416071626775, "stars": 5.0, "latitude": 43.131349}
{"rank_positive": 34, "rank_stars": 20, "business_id": "kvPIsMrH5aQ0JtLDZdcSRw", "neutral": 0, "total": 5, "name": "Traditional Chinese Massage With Liang Jun", "rating_positive": 4.681564245810056, "positive": 5, "negative": 0, "longitude": -89.4431302037, "rating_stars": 4.4026416071626775, "stars": 5.0, "latitude": 43.0743370289}
{"rank_positive": 35, "rank_stars": 21, "business_id": "r4RBO20cL8Q-4fKo-kjLLg", "neutral": 0, "total": 5, "name": "Total Care Dental", "rating_positive": 4.681564245810056, "positive": 5, "negative": 0, "longitude": -89.4893589, "rating_stars": 4.4026416071626775, "stars": 5.0, "latitude": 43.0537109}
{"rank_positive": 36, "rank_stars": 22, "business_id": "zf1PntRvwazVKtwBq-BmUQ", "neutral": 0, "total": 5, "name": "Sport & Spine Physical Therapy", "rating_positive": 4.681564245810056, "positive": 5, "negative": 0, "longitude": -89.4728982, "rating_stars": 4.4026416071626775, "stars": 5.0, "latitude": 43.0614211}
{"rank_positive": 1, "rank_stars": 23, "business_id": "pgDMnRiVZ_yKA0zezH_jOQ", "neutral": 0, "total": 24, "name": "SEE", "rating_positive": 4.877656149388281, "positive": 24, "negative": 0, "longitude": -89.39301, "rating_stars": 4.381568679291949, "stars": 4.5, "latitude": 43.074695}
{"rank_positive": 29, "rank_stars": 24, "business_id": "SLI9ty5gIZ3OmSKmST26qw", "neutral": 0, "total": 21, "name": "Bergamot Massage Therapy & Bodywork", "rating_positive": 4.684973846885402, "positive": 20, "negative": 1, "longitude": -89.5240222437, "rating_stars": 4.368813237475319, "stars": 4.5, "latitude": 43.0697841264}
{"rank_positive": 96, "rank_stars": 25, "business_id": "pW-Xx8F83WLogN5nHS-8cA", "neutral": 0, "total": 21, "name": "EYEOPIA", "rating_positive": 4.325962910128388, "positive": 18, "negative": 3, "longitude": -89.3500544, "rating_stars": 4.368813237475319, "stars": 4.5, "latitude": 43.0931078}
{"rank_positive": 39, "rank_stars": 26, "business_id": "IHXVhIFaxVA1OAL4_mNAJw", "neutral": 0, "total": 4, "name": "Atwood Acupuncture Center", "rating_positive": 4.652226967663209, "positive": 4, "negative": 0, "longitude": -89.3539868, "rating_stars": 4.347607368408293, "stars": 5.0, "latitude": 43.0922657}
{"rank_positive": 40, "rank_stars": 27, "business_id": "ZghjiK973wxMTpdADVEhKg", "neutral": 0, "total": 4, "name": "Isthmus Acupuncture Center", "rating_positive": 4.652226967663209, "positive": 4, "negative": 0, "longitude": -89.397328, "rating_stars": 4.347607368408293, "stars": 5.0, "latitude": 43.049834}
{"rank_positive": 41, "rank_stars": 28, "business_id": "KgLlzBcsqJkjx09zAQ2-ZQ", "neutral": 0, "total": 4, "name": "A Better Body", "rating_positive": 4.652226967663209, "positive": 4, "negative": 0, "longitude": -89.491068, "rating_stars": 4.347607368408293, "stars": 5.0, "latitude": 43.054177}
{"rank_positive": 42, "rank_stars": 29, "business_id": "r4KrKai3Nmmsos-_Pltstg", "neutral": 0, "total": 4, "name": "Happy Feet Spa", "rating_positive": 4.652226967663209, "positive": 4, "negative": 0, "longitude": -89.3040505797, "rating_stars": 4.347607368408293, "stars": 5.0, "latitude": 43.1256385338}
{"rank_positive": 43, "rank_stars": 30, "business_id": "Llw0CycHRWkw71Ihe4kD6g", "neutral": 0, "total": 4, "name": "Associated Dentists", "rating_positive": 4.652226967663209, "positive": 4, "negative": 0, "longitude": -89.4679638779, "rating_stars": 4.347607368408293, "stars": 5.0, "latitude": 43.076131787}
{"rank_positive": 46, "rank_stars": 31, "business_id": "703iqBz0Pj0tbbwqrlFWuQ", "neutral": 0, "total": 4, "name": "Heartpath Acupuncture", "rating_positive": 4.652226967663209, "positive": 4, "negative": 0, "longitude": -89.3885381, "rating_stars": 4.347607368408293, "stars": 5.0, "latitude": 43.0558737}
{"rank_positive": 48, "rank_stars": 32, "business_id": "ajtmx6-FDCihNmS05FLo8g", "neutral": 0, "total": 4, "name": "University Hills Dental", "rating_positive": 4.652226967663209, "positive": 4, "negative": 0, "longitude": -89.4485684, "rating_stars": 4.347607368408293, "stars": 5.0, "latitude": 43.0752101}
{"rank_positive": 49, "rank_stars": 33, "business_id": "OrTWxaySK7CigXAE7OQHvQ", "neutral": 0, "total": 4, "name": "Liz Truong Massage", "rating_positive": 4.652226967663209, "positive": 4, "negative": 0, "longitude": -89.4012302, "rating_stars": 4.347607368408293, "stars": 5.0, "latitude": 43.0730517}
{"rank_positive": 54, "rank_stars": 34, "business_id": "K2_nGFQkAFoyUPy-pUCl-g", "neutral": 0, "total": 4, "name": "Peak Performance Massage", "rating_positive": 4.652226967663209, "positive": 4, "negative": 0, "longitude": -89.492491, "rating_stars": 4.347607368408293, "stars": 5.0, "latitude": 43.059595}
{"rank_positive": 3, "rank_stars": 35, "business_id": "y0pTeRLBftD__abekOFj6g", "neutral": 0, "total": 17, "name": "HoneyComb Salon Collective", "rating_positive": 4.841754580788451, "positive": 17, "negative": 0, "longitude": -89.3990082, "rating_stars": 4.346815235097499, "stars": 4.5, "latitude": 43.0577549}
{"rank_positive": 55, "rank_stars": 36, "business_id": "apd2-HPY6DvuFcAfQjtcbw", "neutral": 0, "total": 17, "name": "Monroe Street Family Dental", "rating_positive": 4.632148806218767, "positive": 16, "negative": 1, "longitude": -89.4292331, "rating_stars": 4.346815235097499, "stars": 4.5, "latitude": 43.057202}
{"rank_positive": 90, "rank_stars": 37, "business_id": "v2zaG6Ttb0l9SSCyco4vog", "neutral": 0, "total": 17, "name": "Rebecca Lynn Studio", "rating_positive": 4.4225430316490835, "positive": 15, "negative": 2, "longitude": -89.347562, "rating_stars": 4.346815235097499, "stars": 4.5, "latitude": 43.10033}
{"rank_positive": 4, "rank_stars": 38, "business_id": "jyyk8qQ9Do9ITKsU3fqIdw", "neutral": 0, "total": 15, "name": "Artisan Dental", "rating_positive": 4.827272727272727, "positive": 15, "negative": 0, "longitude": -89.3758712, "rating_stars": 4.332796508127634, "stars": 4.5, "latitude": 43.0814889}
{"rank_positive": 82, "rank_stars": 39, "business_id": "WrGYbxma7l3-qzP6-ZhgmQ", "neutral": 0, "total": 13, "name": "University Hospital - Audiology", "rating_positive": 4.55803869246164, "positive": 12, "negative": 1, "longitude": -89.4315042496, "rating_stars": 4.315953461247896, "stars": 4.5, "latitude": 43.0764323108}
{"rank_positive": 83, "rank_stars": 40, "business_id": "SQQauQvKTxMG30aMNLxE2w", "neutral": 0, "total": 13, "name": "Odana Hills Dental", "rating_positive": 4.55803869246164, "positive": 12, "negative": 1, "longitude": -89.4745555, "rating_stars": 4.315953461247896, "stars": 4.5, "latitude": 43.0485739}
{"rank_positive": 6, "rank_stars": 41, "business_id": "SkMHTrR-qn-6qNalTpu1MQ", "neutral": 0, "total": 12, "name": "Oak Park Dental", "rating_positive": 4.799789251844047, "positive": 12, "negative": 0, "longitude": -89.5149309, "rating_stars": 4.306191948303896, "stars": 4.5, "latitude": 43.0601465}
{"rank_positive": 8, "rank_stars": 42, "business_id": "KUaaFFQ5ClCc2EJAHP7ZRQ", "neutral": 0, "total": 11, "name": "Smart Dental", "rating_positive": 4.7885756676557865, "positive": 11, "negative": 0, "longitude": -89.350381, "rating_stars": 4.2953369721146855, "stars": 4.5, "latitude": 43.1236009}
{"rank_positive": 10, "rank_stars": 43, "business_id": "NM9bHlBOZV0o8G3s6QN1Lw", "neutral": 0, "total": 10, "name": "Madison Pediatric Dental & Orthodontics", "rating_positive": 4.7760314341846755, "positive": 10, "negative": 0, "longitude": -89.3267, "rating_stars": 4.283193900519133, "stars": 4.5, "latitude": 43.0465}
{"rank_positive": 56, "rank_stars": 44, "business_id": "7rNb9wky2Zhk2Upl1wlIrg", "neutral": 0, "total": 3, "name": "Renewed Life Chiropractic", "rating_positive": 4.616935483870967, "positive": 3, "negative": 0, "longitude": -89.44349, "rating_stars": 4.281403546250801, "stars": 5.0, "latitude": 43.074687}
{"rank_positive": 57, "rank_stars": 45, "business_id": "4bKdbN800GgPm6G5a97gRw", "neutral": 0, "total": 3, "name": "Sofia's Therapeutic Massage", "rating_positive": 4.616935483870967, "positive": 3, "negative": 0, "longitude": -89.4779919, "rating_stars": 4.281403546250801, "stars": 5.0, "latitude": 43.049039}
{"rank_positive": 58, "rank_stars": 46, "business_id": "e0MefDRVQ-8TE1j4Nq7NTA", "neutral": 0, "total": 3, "name": "Oriel Kathleen A, MD", "rating_positive": 4.616935483870967, "positive": 3, "negative": 0, "longitude": -89.3570907, "rating_stars": 4.281403546250801, "stars": 5.0, "latitude": 43.1290083}
{"rank_positive": 59, "rank_stars": 47, "business_id": "eK9OoZhPdhx_62LL1aF6kQ", "neutral": 0, "total": 3, "name": "Children's Dental Center of Madison", "rating_positive": 4.616935483870967, "positive": 3, "negative": 0, "longitude": -89.50348, "rating_stars": 4.281403546250801, "stars": 5.0, "latitude": 43.076148}
{"rank_positive": 64, "rank_stars": 48, "business_id": "gGCCLxKWDdglVFdq29oi-Q", "neutral": 0, "total": 3, "name": "Radiant Smile Dentistry", "rating_positive": 4.616935483870967, "positive": 3, "negative": 0, "longitude": -89.300446, "rating_stars": 4.281403546250801, "stars": 5.0, "latitude": 43.084596}
{"rank_positive": 65, "rank_stars": 49, "business_id": "UlV-rgCJ9FJqD-RKj3wx5A", "neutral": 0, "total": 3, "name": "Premier Bodywork", "rating_positive": 4.616935483870967, "positive": 3, "negative": 0, "longitude": -89.443477, "rating_stars": 4.281403546250801, "stars": 5.0, "latitude": 43.07464}
{"rank_positive": 67, "rank_stars": 50, "business_id": "czk_wGegenUkLO-OlEmDeg", "neutral": 0, "total": 3, "name": "Madison Optometric Center", "rating_positive": 4.616935483870967, "positive": 3, "negative": 0, "longitude": -89.3938999, "rating_stars": 4.281403546250801, "stars": 5.0, "latitude": 43.0748637}
{"rank_positive": 68, "rank_stars": 51, "business_id": "0-GxJX2Qy1o1oz-BpocbJg", "neutral": 0, "total": 3, "name": "Madison Skin Specialists", "rating_positive": 4.616935483870967, "positive": 3, "negative": 0, "longitude": -89.488708, "rating_stars": 4.281403546250801, "stars": 5.0, "latitude": 43.054361}
{"rank_positive": 71, "rank_stars": 52, "business_id": "5U15X91WsPkDeTVpWCbqyw", "neutral": 0, "total": 3, "name": "Integrated Sport & Spine Clinic of Madison", "rating_positive": 4.616935483870967, "positive": 3, "negative": 0, "longitude": -89.3095314, "rating_stars": 4.281403546250801, "stars": 5.0, "latitude": 43.0678428}
{"rank_positive": 74, "rank_stars": 53, "business_id": "Uo2DxgZzbI1_1zJXtyBmng", "neutral": 0, "total": 3, "name": "The Joint Chiropractic", "rating_positive": 4.616935483870967, "positive": 3, "negative": 0, "longitude": -89.5038285, "rating_stars": 4.281403546250801, "stars": 5.0, "latitude": 43.0488074}
{"rank_positive": 75, "rank_stars": 54, "business_id": "owX47nnm1Rznm7QOQV4VPA", "neutral": 0, "total": 3, "name": "Badger Fitness", "rating_positive": 4.616935483870967, "positive": 3, "negative": 0, "longitude": -89.3106026, "rating_stars": 4.281403546250801, "stars": 5.0, "latitude": 43.0680879}
{"rank_positive": 76, "rank_stars": 55, "business_id": "O45RansMZmuiGrMS-9Q5YQ", "neutral": 0, "total": 3, "name": "Wellness To the People", "rating_positive": 4.616935483870967, "positive": 3, "negative": 0, "longitude": -89.3535202, "rating_stars": 4.281403546250801, "stars": 5.0, "latitude": 43.0920714}
{"rank_positive": 79, "rank_stars": 56, "business_id": "Hdp_N3M5qdyAe2fGKZ-VzQ", "neutral": 0, "total": 3, "name": "Midwest Spine And Nerve Center", "rating_positive": 4.616935483870967, "positive": 3, "negative": 0, "longitude": -89.5334996, "rating_stars": 4.281403546250801, "stars": 5.0, "latitude": 43.081232}
{"rank_positive": 135, "rank_stars": 57, "business_id": "Muvwt84VKxJtcCAfhyB0jQ", "neutral": 0, "total": 3, "name": "Maple Grove Dental", "rating_positive": 4.109543010752688, "positive": 2, "negative": 1, "longitude": -89.4954262, "rating_stars": 4.281403546250801, "stars": 5.0, "latitude": 43.0156673}
{"rank_positive": 11, "rank_stars": 58, "business_id": "jyNbbVuekVIcxJbnReqAig", "neutral": 0, "total": 9, "name": "Tinnen Family Chiropractic", "rating_positive": 4.761904761904762, "positive": 9, "negative": 0, "longitude": -89.3634723, "rating_stars": 4.269518996165911, "stars": 4.5, "latitude": 43.0841065}
{"rank_positive": 91, "rank_stars": 59, "business_id": "quDJejS81zZM3Vmvyz8fBQ", "neutral": 0, "total": 8, "name": "Isthmus Eye Care", "rating_positive": 4.409273294694605, "positive": 7, "negative": 1, "longitude": -89.2776274634, "rating_stars": 4.25400288757075, "stars": 4.5, "latitude": 43.0853770201}
{"rank_positive": 21, "rank_stars": 60, "business_id": "jqXX6SWhYAMDRuGw2zci9A", "neutral": 0, "total": 7, "name": "Dentistry For Madison", "rating_positive": 4.727533460803059, "positive": 7, "negative": 0, "longitude": -89.389146, "rating_stars": 4.236246881845694, "stars": 4.5, "latitude": 43.0707881}
{"rank_positive": 23, "rank_stars": 61, "business_id": "L7aIt69YmlMYy-uPZppMeQ", "neutral": 0, "total": 7, "name": "Byce & Worman Family Dentistry", "rating_positive": 4.727533460803059, "positive": 7, "negative": 0, "longitude": -89.5199636, "rating_stars": 4.236246881845694, "stars": 4.5, "latitude": 43.0537468}
{"rank_positive": 24, "rank_stars": 62, "business_id": "gxr4EQjEgohrCNSUHeLLuQ", "neutral": 0, "total": 6, "name": "Madison Oral Surgery & Dental Implants", "rating_positive": 4.706336939721793, "positive": 6, "negative": 0, "longitude": -89.478408, "rating_stars": 4.215728220927971, "stars": 4.5, "latitude": 43.054462}
{"rank_positive": 102, "rank_stars": 63, "business_id": "sJObNe2Oa4eJBjPTRJEgjA", "neutral": 1, "total": 6, "name": "Olson Eye Care", "rating_positive": 4.317362184441009, "positive": 5, "negative": 0, "longitude": -89.5228008, "rating_stars": 4.215728220927971, "stars": 4.5, "latitude": 43.0546102}
{"rank_positive": 103, "rank_stars": 64, "business_id": "zs_YKgwh5YAie6TXZgYP9Q", "neutral": 0, "total": 6, "name": "Steinhauer Family Eye Clinic", "rating_positive": 4.317362184441009, "positive": 5, "negative": 1, "longitude": -89.436265, "rating_stars": 4.215728220927971, "stars": 4.5, "latitude": 43.074803}
{"rank_positive": 141, "rank_stars": 65, "business_id": "_oGfoYaLUWbUe3TcOmS4Ng", "neutral": 1, "total": 6, "name": "Soul 2 Soul Readings", "rating_positive": 3.9283874291602263, "positive": 4, "negative": 1, "longitude": -89.44543, "rating_stars": 4.215728220927971, "stars": 4.5, "latitude": 43.035845}
{"rank_positive": 38, "rank_stars": 66, "business_id": "XM48NoYcHVhwHeNkJzJ5nA", "neutral": 0, "total": 4, "name": "9Round", "rating_positive": 4.652226967663209, "positive": 4, "negative": 0, "longitude": -89.4965091, "rating_stars": 4.163348674082484, "stars": 4.5, "latitude": 43.0608386}
{"rank_positive": 44, "rank_stars": 67, "business_id": "mVfFAYEd19v-C0gOcRQnRg", "neutral": 0, "total": 4, "name": "Dental Health Associates of Madison", "rating_positive": 4.652226967663209, "positive": 4, "negative": 0, "longitude": -89.5031981, "rating_stars": 4.163348674082484, "stars": 4.5, "latitude": 43.0760387}
{"rank_positive": 60, "rank_stars": 68, "business_id": "-cviY078wmg1nwhMIWSlXA", "neutral": 0, "total": 3, "name": "Sha-Ba Wellness & Spa", "rating_positive": 4.616935483870967, "positive": 3, "negative": 0, "longitude": -89.452177, "rating_stars": 4.129185804315317, "stars": 4.5, "latitude": 43.07034}
{"rank_positive": 61, "rank_stars": 69, "business_id": "e1JITT5CxcrcicWNzIQ3SA", "neutral": 0, "total": 3, "name": "UW Health - Dermatology", "rating_positive": 4.616935483870967, "positive": 3, "negative": 0, "longitude": -89.3999219, "rating_stars": 4.129185804315317, "stars": 4.5, "latitude": 43.067096}
{"rank_positive": 62, "rank_stars": 70, "business_id": "WMZq37GTuDgxZQ4M0ufNEA", "neutral": 0, "total": 3, "name": "Center For Oral and Maxillofacial Surgery", "rating_positive": 4.616935483870967, "positive": 3, "negative": 0, "longitude": -89.292822, "rating_stars": 4.129185804315317, "stars": 4.5, "latitude": 43.15117}
{"rank_positive": 69, "rank_stars": 71, "business_id": "Tg2zZ_cBsGxjHXCAGQvT0g", "neutral": 0, "total": 3, "name": "Neal J Katz, DPM", "rating_positive": 4.616935483870967, "positive": 3, "negative": 0, "longitude": -89.3947684, "rating_stars": 4.129185804315317, "stars": 4.5, "latitude": 43.067327}
{"rank_positive": 70, "rank_stars": 72, "business_id": "I3bpKv7poyu8cjBPO21Dpg", "neutral": 0, "total": 3, "name": "Madison Smile Solutions", "rating_positive": 4.616935483870967, "positive": 3, "negative": 0, "longitude": -89.476691, "rating_stars": 4.129185804315317, "stars": 4.5, "latitude": 43.050501}
{"rank_positive": 84, "rank_stars": 73, "business_id": "n-zlESQPc59T174Mp9cMPQ", "neutral": 0, "total": 24, "name": "Rejuvenation Spa", "rating_positive": 4.553552264434428, "positive": 22, "negative": 2, "longitude": -89.5113268, "rating_stars": 3.992644017347326, "stars": 4.0, "latitude": 43.0606927}
{"rank_positive": 7, "rank_stars": 74, "business_id": "JTOxJsmZiIjAbwRmioNtvg", "neutral": 0, "total": 11, "name": "Bonsett-Veal Vision Source", "rating_positive": 4.7885756676557865, "positive": 11, "negative": 0, "longitude": -89.3894504, "rating_stars": 3.987288010690353, "stars": 4.0, "latitude": 43.0704881}
{"rank_positive": 85, "rank_stars": 75, "business_id": "CS8WfgOIOGlrmCMEDJdl1A", "neutral": 0, "total": 11, "name": "First Choice Dental", "rating_positive": 4.50853115727003, "positive": 10, "negative": 1, "longitude": -89.4038094, "rating_stars": 3.987288010690353, "stars": 4.0, "latitude": 43.067893}
{"rank_positive": 87, "rank_stars": 76, "business_id": "haNK_nOgwc5NGsbFPf2E4A", "neutral": 0, "total": 10, "name": "Midwest Dental - Madison", "rating_positive": 4.479371316306483, "positive": 9, "negative": 1, "longitude": -89.4422788, "rating_stars": 3.9865337826409397, "stars": 4.0, "latitude": 43.0756062}
{"rank_positive": 127, "rank_stars": 77, "business_id": "JubiY4ZOhaOwgcC1O0U67g", "neutral": 0, "total": 10, "name": "St. Mary's Hospital", "rating_positive": 4.182711198428291, "positive": 8, "negative": 2, "longitude": -89.401513, "rating_stars": 3.9865337826409397, "stars": 4.0, "latitude": 43.059273}
{"rank_positive": 128, "rank_stars": 78, "business_id": "A6kPqeEt5OICEvOpUa9rCw", "neutral": 2, "total": 10, "name": "Hydra Puff Vapes - Madison", "rating_positive": 4.182711198428291, "positive": 8, "negative": 0, "longitude": -89.3113483, "rating_stars": 3.9865337826409397, "stars": 4.0, "latitude": 43.0992195}
{"rank_positive": 88, "rank_stars": 79, "business_id": "rB4HYopnht0Z4IVRmLGvBQ", "neutral": 0, "total": 9, "name": "Associated Physicians", "rating_positive": 4.446532999164578, "positive": 8, "negative": 1, "longitude": -89.4519971, "rating_stars": 3.985684409699746, "stars": 4.0, "latitude": 43.0686393}
{"rank_positive": 13, "rank_stars": 80, "business_id": "FGBfG9i6nRxV2757ML9iDg", "neutral": 0, "total": 8, "name": "Madison Women's Health", "rating_positive": 4.745876058849754, "positive": 8, "negative": 0, "longitude": -89.478408, "rating_stars": 3.9847206762466305, "stars": 4.0, "latitude": 43.054462}
{"rank_positive": 94, "rank_stars": 81, "business_id": "Vdb5D7PX3uFC3gjZcCyizQ", "neutral": 0, "total": 7, "name": "Christopher G Schanel, OD", "rating_positive": 4.3666347992351815, "positive": 6, "negative": 1, "longitude": -89.3912245, "rating_stars": 3.9836178187481797, "stars": 4.0, "latitude": 43.0749807}
{"rank_positive": 95, "rank_stars": 82, "business_id": "n8MCpGNogG7UBjnvMmeElw", "neutral": 0, "total": 7, "name": "Excellence In Dentistry", "rating_positive": 4.3666347992351815, "positive": 6, "negative": 1, "longitude": -89.363353, "rating_stars": 3.9836178187481797, "stars": 4.0, "latitude": 43.1105931}
{"rank_positive": 99, "rank_stars": 83, "business_id": "-5OGnkKlP5nECa5rp6E1gg", "neutral": 0, "total": 6, "name": "Madison No Fear Dentistry", "rating_positive": 4.317362184441009, "positive": 5, "negative": 1, "longitude": -89.4924106, "rating_stars": 3.9823433677595013, "stars": 4.0, "latitude": 43.0610363}
{"rank_positive": 101, "rank_stars": 84, "business_id": "yTJj9oTLWyHtszCuzuTkjA", "neutral": 0, "total": 6, "name": "Madison Family Dental Association", "rating_positive": 4.317362184441009, "positive": 5, "negative": 1, "longitude": -89.4806039, "rating_stars": 3.9823433677595013, "stars": 4.0, "latitude": 43.0506727}
{"rank_positive": 30, "rank_stars": 85, "business_id": "gL0GOZ3ZMgTFHrwb3w8bKw", "neutral": 0, "total": 5, "name": "Children's Dental Center Of Madison", "rating_positive": 4.681564245810056, "positive": 5, "negative": 0, "longitude": -89.2868222, "rating_stars": 3.9808538976654706, "stars": 4.0, "latitude": 43.1516209}
{"rank_positive": 33, "rank_stars": 86, "business_id": "yvqjRBZwWtM1hV_9DraXGw", "neutral": 0, "total": 5, "name": "John S. Rogerson, M.D., S.C.", "rating_positive": 4.681564245810056, "positive": 5, "negative": 0, "longitude": -89.4683979, "rating_stars": 3.9808538976654706, "stars": 4.0, "latitude": 43.0602}
{"rank_positive": 107, "rank_stars": 87, "business_id": "QpDdv1SBudkBr5BlQw10Og", "neutral": 0, "total": 5, "name": "Capital Endodontics", "rating_positive": 4.259776536312849, "positive": 4, "negative": 1, "longitude": -89.2908899, "rating_stars": 3.9808538976654706, "stars": 4.0, "latitude": 43.1315754}
{"rank_positive": 108, "rank_stars": 88, "business_id": "ufJvmiT7LfWeuzHeTermiA", "neutral": 0, "total": 5, "name": "Door Creek Dental", "rating_positive": 4.259776536312849, "positive": 4, "negative": 1, "longitude": -89.267496, "rating_stars": 3.9808538976654706, "stars": 4.0, "latitude": 43.0853279}
{"rank_positive": 109, "rank_stars": 89, "business_id": "UFxBealJ7NTLHDsotb7fBw", "neutral": 0, "total": 5, "name": "Blue River Chiropractic", "rating_positive": 4.259776536312849, "positive": 4, "negative": 1, "longitude": -89.5252181, "rating_stars": 3.9808538976654706, "stars": 4.0, "latitude": 43.0671212}
{"rank_positive": 112, "rank_stars": 90, "business_id": "aNOZxz80w0fv4mYLB2VXfA", "neutral": 1, "total": 5, "name": "Madison Optometric Center", "rating_positive": 4.259776536312849, "positive": 4, "negative": 0, "longitude": -89.3962042, "rating_stars": 3.9808538976654706, "stars": 4.0, "latitude": 43.0748713}
{"rank_positive": 113, "rank_stars": 91, "business_id": "VcPweXTZ4aRc1wrzZD-crw", "neutral": 0, "total": 5, "name": "Sokol Advanced EyeCare", "rating_positive": 4.259776536312849, "positive": 4, "negative": 1, "longitude": -89.5047483, "rating_stars": 3.9808538976654706, "stars": 4.0, "latitude": 43.0582238}
{"rank_positive": 114, "rank_stars": 92, "business_id": "-EJZRlgLXORMaR_8XMRH2w", "neutral": 0, "total": 5, "name": "Center for Oral & Maxillofacial Surgery", "rating_positive": 4.259776536312849, "positive": 4, "negative": 1, "longitude": -89.503099, "rating_stars": 3.9808538976654706, "stars": 4.0, "latitude": 43.07548}
{"rank_positive": 115, "rank_stars": 93, "business_id": "Csm-xQCyYUHNfyG7Ve1zlQ", "neutral": 0, "total": 5, "name": "Wisconsin Vision", "rating_positive": 4.259776536312849, "positive": 4, "negative": 1, "longitude": -89.3483638, "rating_stars": 3.9808538976654706, "stars": 4.0, "latitude": 43.1006628}
{"rank_positive": 45, "rank_stars": 94, "business_id": "CXbki4QQRAu2d6SHElJxQA", "neutral": 0, "total": 4, "name": "American Family Children's Hospital Pharmacy", "rating_positive": 4.652226967663209, "positive": 4, "negative": 0, "longitude": -89.4333971, "rating_stars": 3.979089979756676, "stars": 4.0, "latitude": 43.0768889}
{"rank_positive": 47, "rank_stars": 95, "business_id": "QBbVQZHF0BLxVQJCMdNetw", "neutral": 0, "total": 4, "name": "Body Harmony", "rating_positive": 4.652226967663209, "positive": 4, "negative": 0, "longitude": -89.3489246, "rating_stars": 3.979089979756676, "stars": 4.0, "latitude": 43.126784}
{"rank_positive": 50, "rank_stars": 96, "business_id": "C8PNX4RrH5aAbp5x22ka_Q", "neutral": 0, "total": 4, "name": "University Square Dental Associates", "rating_positive": 4.652226967663209, "positive": 4, "negative": 0, "longitude": -89.397031, "rating_stars": 3.979089979756676, "stars": 4.0, "latitude": 43.0754506}
{"rank_positive": 119, "rank_stars": 97, "business_id": "9y6jaNpdMI4L-hPLYkhfBg", "neutral": 0, "total": 4, "name": "UW Health at The American Center Sports Physical Therapy Clinic", "rating_positive": 4.191580231848688, "positive": 3, "negative": 1, "longitude": -89.3005398, "rating_stars": 3.979089979756676, "stars": 4.0, "latitude": 43.1537793}
{"rank_positive": 121, "rank_stars": 98, "business_id": "odInwsyYJlTelH-X-L9Dvg", "neutral": 0, "total": 4, "name": "Madison's Family Wellness", "rating_positive": 4.191580231848688, "positive": 3, "negative": 1, "longitude": -89.451678, "rating_stars": 3.979089979756676, "stars": 4.0, "latitude": 43.069229}
{"rank_positive": 123, "rank_stars": 99, "business_id": "Op1FNB61iuAAKf91-NzxFg", "neutral": 0, "total": 4, "name": "Eyemart Express", "rating_positive": 4.191580231848688, "positive": 3, "negative": 1, "longitude": -89.312254, "rating_stars": 3.979089979756676, "stars": 4.0, "latitude": 43.125906}
{"rank_positive": 66, "rank_stars": 100, "business_id": "Pxlmnjbz6HErepULhU3Pmw", "neutral": 0, "total": 3, "name": "Interstate Blood & Plasma", "rating_positive": 4.616935483870967, "positive": 3, "negative": 0, "longitude": -89.3919536, "rating_stars": 3.976968062379833, "stars": 4.0, "latitude": 43.0741778}
{"rank_positive": 80, "rank_stars": 101, "business_id": "AJpt1hDQZppJZLzXvxyWhg", "neutral": 0, "total": 3, "name": "Leisure Concepts", "rating_positive": 4.616935483870967, "positive": 3, "negative": 0, "longitude": -89.3966051, "rating_stars": 3.976968062379833, "stars": 4.0, "latitude": 43.0375444}
{"rank_positive": 130, "rank_stars": 102, "business_id": "uuVvQkQxV18evpyd4CnGkA", "neutral": 0, "total": 3, "name": "Eye Contact East", "rating_positive": 4.109543010752688, "positive": 2, "negative": 1, "longitude": -89.3102749, "rating_stars": 3.976968062379833, "stars": 4.0, "latitude": 43.124853}
{"rank_positive": 63, "rank_stars": 103, "business_id": "-s0hj4sFpC6HEdtiMjVAIA", "neutral": 0, "total": 3, "name": "Emmerich Chiropractic Clinic", "rating_positive": 4.616935483870967, "positive": 3, "negative": 0, "longitude": -89.4929499, "rating_stars": 3.8247503204443496, "stars": 3.5, "latitude": 43.057182}
{"rank_positive": 132, "rank_stars": 104, "business_id": "xwZHoVUAMOYLnQ4LiB0aCg", "neutral": 0, "total": 3, "name": "9Round", "rating_positive": 4.109543010752688, "positive": 2, "negative": 1, "longitude": -89.308238, "rating_stars": 3.8247503204443496, "stars": 3.5, "latitude": 43.129267}
{"rank_positive": 133, "rank_stars": 105, "business_id": "0EPCA9LQTx_XXfxVaF6zQQ", "neutral": 0, "total": 3, "name": "Franke Hanna WLMT & Associates", "rating_positive": 4.109543010752688, "positive": 2, "negative": 1, "longitude": -89.4432798113, "rating_stars": 3.8247503204443496, "stars": 3.5, "latitude": 43.0741124834}
{"rank_positive": 137, "rank_stars": 106, "business_id": "p36XSjsfgvEYE_lZHU4nrg", "neutral": 0, "total": 3, "name": "Aspen Dental", "rating_positive": 4.109543010752688, "positive": 2, "negative": 1, "longitude": -89.3073889241, "rating_stars": 3.8247503204443496, "stars": 3.5, "latitude": 43.1294340112}
{"rank_positive": 111, "rank_stars": 107, "business_id": "MO3gZFIGJi6FvWbenoPbiA", "neutral": 0, "total": 5, "name": "East-West Healing Arts Institute", "rating_positive": 4.259776536312849, "positive": 4, "negative": 1, "longitude": -89.4910359, "rating_stars": 3.769960042916867, "stars": 3.5, "latitude": 43.055999}
{"rank_positive": 27, "rank_stars": 108, "business_id": "9mkB06yGtgta7NTkt5DJ0Q", "neutral": 0, "total": 6, "name": "Eye Contact- Madison West", "rating_positive": 4.706336939721793, "positive": 6, "negative": 0, "longitude": -89.5113887, "rating_stars": 3.7489585145910316, "stars": 3.5, "latitude": 43.060971}
{"rank_positive": 97, "rank_stars": 109, "business_id": "AseAvrgRW-2ticUHWzOcFg", "neutral": 0, "total": 6, "name": "Dental Health Associates of Madison", "rating_positive": 4.317362184441009, "positive": 5, "negative": 1, "longitude": -89.3124507, "rating_stars": 3.7489585145910316, "stars": 3.5, "latitude": 43.0997057}
{"rank_positive": 17, "rank_stars": 110, "business_id": "yXKJ6NxfX3LLh6tTho1-zQ", "neutral": 0, "total": 8, "name": "LensCrafters", "rating_positive": 4.745876058849754, "positive": 8, "negative": 0, "longitude": -89.305589, "rating_stars": 3.715438464922511, "stars": 3.5, "latitude": 43.124733}
{"rank_positive": 72, "rank_stars": 111, "business_id": "AvYINejPpaephWjXKVAZvg", "neutral": 0, "total": 3, "name": "UnityPoint Health - Meriter Foundation", "rating_positive": 4.616935483870967, "positive": 3, "negative": 0, "longitude": -89.4015049996, "rating_stars": 3.6725325785088656, "stars": 3.0, "latitude": 43.0652927209}
{"rank_positive": 78, "rank_stars": 112, "business_id": "1cCh0fuVULWtWhJPr95jIw", "neutral": 0, "total": 3, "name": "Midwest Dental - Madison", "rating_positive": 4.616935483870967, "positive": 3, "negative": 0, "longitude": -89.2992692, "rating_stars": 3.6725325785088656, "stars": 3.0, "latitude": 43.1380636}
{"rank_positive": 131, "rank_stars": 113, "business_id": "SnasIDaq7oW6ZxgY18ibAg", "neutral": 0, "total": 3, "name": "UW Health - Northeast Family Medicine", "rating_positive": 4.109543010752688, "positive": 2, "negative": 1, "longitude": -89.3570907, "rating_stars": 3.6725325785088656, "stars": 3.0, "latitude": 43.1290083}
{"rank_positive": 139, "rank_stars": 114, "business_id": "GuU7z2pU6OrPEzIe8rGj4w", "neutral": 0, "total": 3, "name": "Uw Health - East Towne Pharmacy", "rating_positive": 4.109543010752688, "positive": 2, "negative": 1, "longitude": -89.3120302, "rating_stars": 3.6725325785088656, "stars": 3.0, "latitude": 43.1244906}
{"rank_positive": 51, "rank_stars": 115, "business_id": "fYDvua3_4_nW-7u7BYg5uQ", "neutral": 0, "total": 4, "name": "Stork Vision 3D-4D Ultrasound - Madison", "rating_positive": 4.652226967663209, "positive": 4, "negative": 0, "longitude": -89.4926182, "rating_stars": 3.610572591105059, "stars": 3.0, "latitude": 43.0596643}
{"rank_positive": 52, "rank_stars": 116, "business_id": "lZA872NateEAEOy0N7CDxQ", "neutral": 0, "total": 4, "name": "UW Health Allergy, Asthma & Immunology West Clinic", "rating_positive": 4.652226967663209, "positive": 4, "negative": 0, "longitude": -89.5239956, "rating_stars": 3.610572591105059, "stars": 3.0, "latitude": 43.0704262}
{"rank_positive": 53, "rank_stars": 117, "business_id": "Ih-KfYeZab356iAoLctXeA", "neutral": 0, "total": 4, "name": "Lasting Skin Solutions", "rating_positive": 4.652226967663209, "positive": 4, "negative": 0, "longitude": -89.5148119, "rating_stars": 3.610572591105059, "stars": 3.0, "latitude": 43.0601413}
{"rank_positive": 118, "rank_stars": 118, "business_id": "ny0AwrA3vjo3ZpYeRLJfqg", "neutral": 0, "total": 4, "name": "American Red Cross", "rating_positive": 4.191580231848688, "positive": 3, "negative": 1, "longitude": -89.4635398, "rating_stars": 3.610572591105059, "stars": 3.0, "latitude": 43.0740793}
{"rank_positive": 120, "rank_stars": 119, "business_id": "fM43wl5n_21X_0JXg3Eelw", "neutral": 0, "total": 4, "name": "Madison Maximized Living", "rating_positive": 4.191580231848688, "positive": 3, "negative": 1, "longitude": -89.492628, "rating_stars": 3.610572591105059, "stars": 3.0, "latitude": 43.05706}
{"rank_positive": 122, "rank_stars": 120, "business_id": "L8hnXpovlb6oCM4K0pcq2w", "neutral": 0, "total": 4, "name": "Balance Chi Massage", "rating_positive": 4.191580231848688, "positive": 3, "negative": 1, "longitude": -89.5125441409, "rating_stars": 3.610572591105059, "stars": 3.0, "latitude": 43.0579867989}
{"rank_positive": 124, "rank_stars": 121, "business_id": "20uj8uiKxXxW94k8ivsPqw", "neutral": 0, "total": 4, "name": "Banfield Pet Hospital", "rating_positive": 4.191580231848688, "positive": 3, "negative": 1, "longitude": -89.5246347785, "rating_stars": 3.610572591105059, "stars": 3.0, "latitude": 43.0571701666}
{"rank_positive": 125, "rank_stars": 122, "business_id": "_eXvlb7nQOfdIS9eb1t1gw", "neutral": 0, "total": 4, "name": "First Choice Dental", "rating_positive": 4.191580231848688, "positive": 3, "negative": 1, "longitude": -89.3178819, "rating_stars": 3.610572591105059, "stars": 3.0, "latitude": 43.1027217}
{"rank_positive": 110, "rank_stars": 123, "business_id": "FkQX1VIdmrmZKwvX6ZXHHg", "neutral": 0, "total": 5, "name": "Eye Contact", "rating_positive": 4.259776536312849, "positive": 4, "negative": 1, "longitude": -89.3876411, "rating_stars": 3.5590661881682637, "stars": 3.0, "latitude": 43.0747406}
{"rank_positive": 73, "rank_stars": 124, "business_id": "FEtwr6J4mcF1mFlxO-AlFw", "neutral": 0, "total": 3, "name": "Anunson Chiropractic", "rating_positive": 4.616935483870967, "positive": 3, "negative": 0, "longitude": -89.5236546, "rating_stars": 3.5203148365733816, "stars": 2.5, "latitude": 43.0563282}
{"rank_positive": 77, "rank_stars": 125, "business_id": "3uKdItCvGhcVoBJi6USfzA", "neutral": 0, "total": 3, "name": "Capital Hypnosis Center", "rating_positive": 4.616935483870967, "positive": 3, "negative": 0, "longitude": -89.490888, "rating_stars": 3.5203148365733816, "stars": 2.5, "latitude": 43.0573248}
{"rank_positive": 134, "rank_stars": 126, "business_id": "QXA3A98cch3Kf0jJT3QDDQ", "neutral": 0, "total": 3, "name": "Shopko Eyecare Center", "rating_positive": 4.109543010752688, "positive": 2, "negative": 1, "longitude": -89.510112, "rating_stars": 3.5203148365733816, "stars": 2.5, "latitude": 43.0598261}
{"rank_positive": 140, "rank_stars": 127, "business_id": "DgwjHs22Os7X3C2IFYmh0w", "neutral": 0, "total": 3, "name": "Midwest Dental Madison", "rating_positive": 4.109543010752688, "positive": 2, "negative": 1, "longitude": -89.5031151, "rating_stars": 3.5203148365733816, "stars": 2.5, "latitude": 43.0651891}
{"rank_positive": 149, "rank_stars": 128, "business_id": "EZWGYmCu9Ju2hCwdUgYtBQ", "neutral": 0, "total": 3, "name": "Advanced Image", "rating_positive": 3.6021505376344085, "positive": 1, "negative": 2, "longitude": -89.4533068, "rating_stars": 3.5203148365733816, "stars": 2.5, "latitude": 43.0147205}
{"rank_positive": 98, "rank_stars": 129, "business_id": "KhSwRL575cE4DP63io87lg", "neutral": 0, "total": 6, "name": "Center For Oral & Maxillofacial Surgery Sc", "rating_positive": 4.317362184441009, "positive": 5, "negative": 1, "longitude": -89.4014892, "rating_stars": 3.5155736614225614, "stars": 3.0, "latitude": 43.0672953}
{"rank_positive": 100, "rank_stars": 130, "business_id": "cT6Fjtzifxc9wUKBOsNGZw", "neutral": 0, "total": 6, "name": "Interstate Blood and Plasma", "rating_positive": 4.317362184441009, "positive": 5, "negative": 1, "longitude": -89.3266928, "rating_stars": 3.5155736614225614, "stars": 3.0, "latitude": 43.1195635}
{"rank_positive": 15, "rank_stars": 131, "business_id": "U9x7pHzxDk_gJF1pTecQNw", "neutral": 0, "total": 8, "name": "Stanton Optical", "rating_positive": 4.745876058849754, "positive": 8, "negative": 0, "longitude": -89.5021639177, "rating_stars": 3.4461562535983914, "stars": 3.0, "latitude": 43.0591100277}
{"rank_positive": 92, "rank_stars": 132, "business_id": "SRrLzl_1gKisaGy3c69uIA", "neutral": 0, "total": 8, "name": "Eyemart Express", "rating_positive": 4.409273294694605, "positive": 7, "negative": 1, "longitude": -89.4948591, "rating_stars": 3.4461562535983914, "stars": 3.0, "latitude": 43.0564694}
{"rank_positive": 89, "rank_stars": 133, "business_id": "9vSrDFT9S0Kv8qOB7BGBiw", "neutral": 0, "total": 9, "name": "Seventh Heaven Massage Studio", "rating_positive": 4.446532999164578, "positive": 8, "negative": 1, "longitude": -89.4889097, "rating_stars": 3.418015236767415, "stars": 3.0, "latitude": 43.0543722}
{"rank_positive": 136, "rank_stars": 134, "business_id": "HkbuJoSihh8cpszWq2vDKg", "neutral": 0, "total": 3, "name": "UW Health East Towne Clinic", "rating_positive": 4.109543010752688, "positive": 2, "negative": 1, "longitude": -89.3120302, "rating_stars": 3.368097094637898, "stars": 2.0, "latitude": 43.1244906}
{"rank_positive": 138, "rank_stars": 135, "business_id": "EM_D_kcnN2gB0mi0tCqETw", "neutral": 1, "total": 3, "name": "Psychology Center Sc", "rating_positive": 4.109543010752688, "positive": 2, "negative": 0, "longitude": -89.5148119, "rating_stars": 3.368097094637898, "stars": 2.0, "latitude": 43.0601413}
{"rank_positive": 117, "rank_stars": 136, "business_id": "T6KoF8J3tdNWKfSD9AmdrA", "neutral": 0, "total": 5, "name": "Dean Clinic", "rating_positive": 4.259776536312849, "positive": 4, "negative": 1, "longitude": -89.3983237, "rating_stars": 3.3481723334196603, "stars": 2.5, "latitude": 43.0526472}
{"rank_positive": 104, "rank_stars": 137, "business_id": "tBOrqJzf46ZdZKjRMTDskw", "neutral": 0, "total": 13, "name": "First Choice Dental", "rating_positive": 4.306204136090727, "positive": 11, "negative": 2, "longitude": -89.400414, "rating_stars": 3.3337986914013316, "stars": 3.0, "latitude": 43.0603421}
{"rank_positive": 150, "rank_stars": 138, "business_id": "ZiH14J7t8WnMPPHwHsfGOQ", "neutral": 1, "total": 13, "name": "UnityPoint Health - Meriter", "rating_positive": 3.550700466977985, "positive": 8, "negative": 4, "longitude": -89.4015049996, "rating_stars": 3.3337986914013316, "stars": 3.0, "latitude": 43.0652927209}
{"rank_positive": 129, "rank_stars": 139, "business_id": "FLs90tgegDnQISAudWgNGA", "neutral": 1, "total": 16, "name": "Massage Envy - East Washington", "rating_positive": 4.178498985801217, "positive": 13, "negative": 2, "longitude": -89.305864, "rating_stars": 3.2899821723619795, "stars": 3.0, "latitude": 43.130446}
{"rank_positive": 126, "rank_stars": 140, "business_id": "IQDOSTF0NpeHlku6woaWLw", "neutral": 0, "total": 4, "name": "Concentra Medical Centers", "rating_positive": 4.191580231848688, "positive": 3, "negative": 1, "longitude": -89.5254084, "rating_stars": 3.2420552024534426, "stars": 2.0, "latitude": 43.0673504}
{"rank_positive": 146, "rank_stars": 141, "business_id": "V9WQSMMYOVKlix4CrSLrwg", "neutral": 0, "total": 4, "name": "Serenity Wellness Spa", "rating_positive": 3.730933496034167, "positive": 2, "negative": 2, "longitude": -89.308465, "rating_stars": 3.2420552024534426, "stars": 2.0, "latitude": 43.058926}
{"rank_positive": 106, "rank_stars": 142, "business_id": "HRHaHCQ9UQWtHFAeXTo1WQ", "neutral": 0, "total": 5, "name": "Concentra", "rating_positive": 4.259776536312849, "positive": 4, "negative": 1, "longitude": -89.3241992, "rating_stars": 3.1372784786710572, "stars": 2.0, "latitude": 43.1201054}
{"rank_positive": 143, "rank_stars": 143, "business_id": "dQF7FtWoNbEFleJULRWt6w", "neutral": 1, "total": 5, "name": "Dean Health System", "rating_positive": 3.8379888268156424, "positive": 3, "negative": 1, "longitude": -89.5196271, "rating_stars": 3.1372784786710572, "stars": 2.0, "latitude": 43.0771169}
{"rank_positive": 144, "rank_stars": 144, "business_id": "zi-bfaUWysEvWNK26QwfTg", "neutral": 1, "total": 9, "name": "Shopko Stores", "rating_positive": 3.81578947368421, "positive": 6, "negative": 2, "longitude": -89.510112, "rating_stars": 3.13418065030125, "stars": 2.5, "latitude": 43.0598261}
{"rank_positive": 145, "rank_stars": 145, "business_id": "XRDM8DALeb031tCNnuhZJQ", "neutral": 1, "total": 9, "name": "Sears Optical", "rating_positive": 3.81578947368421, "positive": 6, "negative": 2, "longitude": -89.306357503, "rating_stars": 3.13418065030125, "stars": 2.5, "latitude": 43.123740666}
{"rank_positive": 142, "rank_stars": 146, "business_id": "R1hGtFDSTgNSQ4pbX6qSng", "neutral": 0, "total": 6, "name": "Dean West Clinic", "rating_positive": 3.9283874291602263, "positive": 4, "negative": 2, "longitude": -89.5196271, "rating_stars": 3.048803955085622, "stars": 2.0, "latitude": 43.0771169}
{"rank_positive": 148, "rank_stars": 147, "business_id": "9DBqnl5-0EH_hRa7-y4aiQ", "neutral": 0, "total": 7, "name": "Group Health Cooperative", "rating_positive": 3.6448374760994264, "positive": 4, "negative": 3, "longitude": -89.3941588, "rating_stars": 2.9731015663581224, "stars": 2.0, "latitude": 43.0671763}
{"rank_positive": 116, "rank_stars": 148, "business_id": "JCM-AIZAXkAcgeLdIiOjWA", "neutral": 0, "total": 5, "name": "America's Best Contacts & Eyeglasses", "rating_positive": 4.259776536312849, "positive": 4, "negative": 1, "longitude": -89.3089688, "rating_stars": 2.926384623922454, "stars": 1.5, "latitude": 43.1205802}
{"rank_positive": 147, "rank_stars": 149, "business_id": "mqnCX2fst5uQRH9IsM_ojw", "neutral": 0, "total": 4, "name": "Dean Clinic - East", "rating_positive": 3.730933496034167, "positive": 2, "negative": 2, "longitude": -89.3096516, "rating_stars": 2.8735378138018253, "stars": 1.0, "latitude": 43.0733981}
{"rank_positive": 105, "rank_stars": 150, "business_id": "RiIIYo6DRAVl6zwOsVpc3g", "neutral": 0, "total": 12, "name": "LensCrafters", "rating_positive": 4.269406392694064, "positive": 10, "negative": 2, "longitude": -89.504827, "rating_stars": 2.715043370853949, "stars": 2.0, "latitude": 43.057591}
{"rank_positive": 151, "rank_stars": 151, "business_id": "in7ne7A3fhah-gSA5UzuoQ", "neutral": 1, "total": 21, "name": "Stanton Optical", "rating_positive": 2.351402757964812, "positive": 7, "negative": 13, "longitude": -89.3107579753, "rating_stars": 2.1070443359061324, "stars": 1.5, "latitude": 43.1270494921}
