{"rank_positive": 18, "rank_stars": 1, "business_id": "qDBZgOyugt7RrWsZf-XfCw", "neutral": 3, "total": 22, "name": "Reiterstüble Gasthaus", "rating_positive": 4.100105374077977, "positive": 19, "negative": 0, "longitude": 9.13777, "rating_stars": 4.534483098452745, "stars": 5.0, "latitude": 48.78643}
{"rank_positive": 26, "rank_stars": 2, "business_id": "rRJHmzvrdxijMY_TtdGHmQ", "neutral": 2, "total": 20, "name": "U-Bahnhof Marienplatz", "rating_positive": 4.044101186478621, "positive": 17, "negative": 0, "longitude": 9.1678138993, "rating_stars": 4.505512044360483, "stars": 5.0, "latitude": 48.7643955668}
{"rank_positive": 126, "rank_stars": 3, "business_id": "dT6EbGwT7Rcg6AVGNFz9Bw", "neutral": 5, "total": 17, "name": "Seilbahn", "rating_positive": 3.259259259259259, "positive": 10, "negative": 0, "longitude": 9.142150493, "rating_stars": 4.45459809929834, "stars": 5.0, "latitude": 48.7559215605}
{"rank_positive": 105, "rank_stars": 4, "business_id": "OEzqttGONowKfFTv6r4Lxg", "neutral": 0, "total": 39, "name": "Mövenpick", "rating_positive": 3.5192740574001125, "positive": 27, "negative": 2, "longitude": 9.1939324, "rating_stars": 4.307909721744271, "stars": 4.5, "latitude": 48.6921575}
{"rank_positive": 42, "rank_stars": 5, "business_id": "iiP_R9ppkRnrVTaFabMqsw", "neutral": 3, "total": 32, "name": "Grabkapelle Württemberg", "rating_positive": 3.9641401792991036, "positive": 26, "negative": 1, "longitude": 9.26886, "rating_stars": 4.277444548029059, "stars": 4.5, "latitude": 48.78138}
{"rank_positive": 16, "rank_stars": 6, "business_id": "bOWxoiY4ePd8D3_-mW9seA", "neutral": 1, "total": 29, "name": "Schloss Solitude", "rating_positive": 4.131689401888773, "positive": 25, "negative": 0, "longitude": 9.0843, "rating_stars": 4.261214113703791, "stars": 4.5, "latitude": 48.786842}
{"rank_positive": 3, "rank_stars": 7, "business_id": "GzY8Rpgr1_XxFuqyagR9Bg", "neutral": 0, "total": 26, "name": "Killesberg", "rating_positive": 4.4567062818336165, "positive": 25, "negative": 0, "longitude": 9.1725335643, "rating_stars": 4.242430164527122, "stars": 4.5, "latitude": 48.8053201779}
{"rank_positive": 22, "rank_stars": 8, "business_id": "fChNXzryDR1n9QkXJw4I3A", "neutral": 1, "total": 21, "name": "Motel One Stuttgart-Hauptbahnhof", "rating_positive": 4.072948328267477, "positive": 18, "negative": 0, "longitude": 9.1785, "rating_stars": 4.203565415145088, "stars": 4.5, "latitude": 48.78225}
{"rank_positive": 53, "rank_stars": 9, "business_id": "o07Et1LOvqhVwIsclDhaXA", "neutral": 1, "total": 21, "name": "NH Stuttgart Airport", "rating_positive": 3.9220581849761182, "positive": 17, "negative": 0, "longitude": 9.22386, "rating_stars": 4.203565415145088, "stars": 4.5, "latitude": 48.66148}
{"rank_positive": 4, "rank_stars": 10, "business_id": "K49rGkhARrziyBjcBfxmbQ", "neutral": 0, "total": 17, "name": "Bahnhofsturm", "rating_positive": 4.288888888888889, "positive": 16, "negative": 1, "longitude": 9.1822, "rating_stars": 4.162869704236611, "stars": 4.5, "latitude": 48.7828}
{"rank_positive": 139, "rank_stars": 11, "business_id": "78dH5roNDBhdDvLa4KQ6OQ", "neutral": 0, "total": 16, "name": "Restaurant A.C. Hotel Hoferer", "rating_positive": 1.7757606750191768, "positive": 1, "negative": 0, "longitude": 9.1545426, "rating_stars": 4.15088782975154, "stars": 4.5, "latitude": 48.7244174}
{"rank_positive": 13, "rank_stars": 12, "business_id": "WW7R9IbHf3BaoH68Z41Xzw", "neutral": 0, "total": 6, "name": "WOICK Outdoor & Sportsware", "rating_positive": 4.133280444268148, "positive": 6, "negative": 0, "longitude": 9.17559, "rating_stars": 4.123808925885869, "stars": 5.0, "latitude": 48.775}
{"rank_positive": 99, "rank_stars": 13, "business_id": "cHRcof68g5nHHpSmobsxlA", "neutral": 0, "total": 6, "name": "El Camino", "rating_positive": 3.581911939706466, "positive": 4, "negative": 0, "longitude": 9.1761674, "rating_stars": 4.123808925885869, "stars": 5.0, "latitude": 48.8315832}
{"rank_positive": 21, "rank_stars": 14, "business_id": "cuKjySqQGcyA7I52poammg", "neutral": 0, "total": 5, "name": "Vaihinger Teeladen", "rating_positive": 4.082703610411419, "positive": 5, "negative": 0, "longitude": 9.10973, "rating_stars": 4.072679387975766, "stars": 5.0, "latitude": 48.7304}
{"rank_positive": 64, "rank_stars": 15, "business_id": "LM-_1Ye4Ufn9zxEuZkIvEw", "neutral": 0, "total": 5, "name": "Taverna Ouzeri Kolokotronis", "rating_positive": 3.790931989924433, "positive": 4, "negative": 0, "longitude": 9.2147, "rating_stars": 4.072679387975766, "stars": 5.0, "latitude": 48.80633}
{"rank_positive": 62, "rank_stars": 16, "business_id": "czvBbsA02qiCyF5JlZPzfA", "neutral": 0, "total": 10, "name": "SI-Suites", "rating_positive": 3.8381540461488464, "positive": 8, "negative": 0, "longitude": 9.16177, "rating_stars": 4.056263341617899, "stars": 4.5, "latitude": 48.7238}
{"rank_positive": 27, "rank_stars": 17, "business_id": "Anky2KtWYCbt94qW5hrXyA", "neutral": 0, "total": 4, "name": "Djh Jugendherberge Stuttgart International", "rating_positive": 4.025858225590727, "positive": 4, "negative": 0, "longitude": 9.19075, "rating_stars": 4.01521279632558, "stars": 5.0, "latitude": 48.7805}
{"rank_positive": 28, "rank_stars": 18, "business_id": "pQK6oQF0fGTlhQqvTKoutA", "neutral": 0, "total": 4, "name": "DER Deutsches Reisebüro", "rating_positive": 4.025858225590727, "positive": 4, "negative": 0, "longitude": 9.21745, "rating_stars": 4.01521279632558, "stars": 5.0, "latitude": 48.80304}
{"rank_positive": 31, "rank_stars": 19, "business_id": "rlDFH2mkis7irm76-BTMXg", "neutral": 0, "total": 4, "name": "DER Deutsches Reisebüro", "rating_positive": 4.025858225590727, "positive": 4, "negative": 0, "longitude": 9.1567394, "rating_stars": 4.01521279632558, "stars": 5.0, "latitude": 48.8470046}
{"rank_positive": 34, "rank_stars": 20, "business_id": "DSmRwf9YSO3mRTMpc-8a2g", "neutral": 0, "total": 4, "name": "Killesbergturm", "rating_positive": 4.025858225590727, "positive": 4, "negative": 0, "longitude": 9.1713160032, "rating_stars": 4.01521279632558, "stars": 5.0, "latitude": 48.8050729511}
{"rank_positive": 75, "rank_stars": 21, "business_id": "wiVGA6fEjegM_ja4Hnt2sw", "neutral": 0, "total": 4, "name": "Bergwerker", "rating_positive": 3.7160053499777086, "positive": 3, "negative": 0, "longitude": 9.1680943067, "rating_stars": 4.01521279632558, "stars": 5.0, "latitude": 48.7721639076}
{"rank_positive": 72, "rank_stars": 22, "business_id": "WifoBLCzjUN38wmApackxQ", "neutral": 0, "total": 8, "name": "Hetzel Hotel Löwen", "rating_positive": 3.7227581279028223, "positive": 6, "negative": 0, "longitude": 9.24228, "rating_stars": 4.012190890374518, "stars": 4.5, "latitude": 48.7733}
{"rank_positive": 107, "rank_stars": 23, "business_id": "bIrm3zw9GQO2C8oX9Neieg", "neutral": 0, "total": 8, "name": "Waldhotel Stuttgart", "rating_positive": 3.474455162558056, "positive": 5, "negative": 0, "longitude": 9.1924164, "rating_stars": 4.012190890374518, "stars": 4.5, "latitude": 48.7508417}
{"rank_positive": 129, "rank_stars": 24, "business_id": "TJKpPlQa3uC3Q8LpMljC0g", "neutral": 1, "total": 8, "name": "Tourist Information i-Punkt", "rating_positive": 3.2261521972132905, "positive": 4, "negative": 1, "longitude": 9.1820570651, "rating_stars": 4.012190890374518, "stars": 4.5, "latitude": 48.7822658414}
{"rank_positive": 133, "rank_stars": 25, "business_id": "R6XcHWDs9dbxOEja0mR5vA", "neutral": 19, "total": 155, "name": "Flughafen Stuttgart", "rating_positive": 3.2007575757575757, "positive": 98, "negative": 6, "longitude": 9.205705235, "rating_stars": 3.977536256119071, "stars": 4.0, "latitude": 48.6876012622}
{"rank_positive": 5, "rank_stars": 26, "business_id": "YYc4p6GjC4U_XhiP86yS4Q", "neutral": 0, "total": 70, "name": "Ambiente Africa", "rating_positive": 4.260751510904791, "positive": 61, "negative": 2, "longitude": 9.1882654, "rating_stars": 3.9542894194760687, "stars": 4.0, "latitude": 48.777764}
{"rank_positive": 49, "rank_stars": 27, "business_id": "L50t7uygLUtON1aa1QUwBA", "neutral": 0, "total": 3, "name": "Lasten-Taxi", "rating_positive": 3.9615019011406845, "positive": 3, "negative": 0, "longitude": 9.10083, "rating_stars": 3.9501531854364416, "stars": 5.0, "latitude": 48.823}
{"rank_positive": 51, "rank_stars": 28, "business_id": "420f5n7JrsFxDq4j_J2LkA", "neutral": 0, "total": 3, "name": "Internationales Studentenhotel", "rating_positive": 3.9615019011406845, "positive": 3, "negative": 0, "longitude": 9.198174, "rating_stars": 3.9501531854364416, "stars": 5.0, "latitude": 48.790524}
{"rank_positive": 108, "rank_stars": 29, "business_id": "hb_Bz3lL_-KhJOWqvkHgGA", "neutral": 4, "total": 50, "name": "Le Méridien", "rating_positive": 3.4595345606113233, "positive": 34, "negative": 1, "longitude": 9.188767, "rating_stars": 3.9395765082966627, "stars": 4.0, "latitude": 48.7838}
{"rank_positive": 1, "rank_stars": 30, "business_id": "x6bet3EbqPvtw4DSVNWIDw", "neutral": 0, "total": 41, "name": "Gaststätte Garbe", "rating_positive": 4.515976171134579, "positive": 39, "negative": 2, "longitude": 9.2035759, "rating_stars": 3.9293423100674625, "stars": 4.0, "latitude": 48.7108341}
{"rank_positive": 19, "rank_stars": 31, "business_id": "HomE9qQIusSGO4_127RWjQ", "neutral": 0, "total": 5, "name": "Haus der Geschichte Baden-Württemberg", "rating_positive": 4.082703610411419, "positive": 5, "negative": 0, "longitude": 9.1855257447, "rating_stars": 3.926793577732273, "stars": 4.5, "latitude": 48.7788960493}
{"rank_positive": 20, "rank_stars": 32, "business_id": "MH0oOCJ7DKnIJWwUQcohJw", "neutral": 0, "total": 5, "name": "Kronen-Hotel", "rating_positive": 4.082703610411419, "positive": 5, "negative": 0, "longitude": 9.17493, "rating_stars": 3.926793577732273, "stars": 4.5, "latitude": 48.785}
{"rank_positive": 2, "rank_stars": 33, "business_id": "z3iPLJ4KXfO9WqCErFMN6Q", "neutral": 0, "total": 29, "name": "Motel One Stuttgart", "rating_positive": 4.496327387198321, "positive": 28, "negative": 0, "longitude": 9.1765732, "rating_stars": 3.9087307279045604, "stars": 4.0, "latitude": 48.8164152}
{"rank_positive": 55, "rank_stars": 34, "business_id": "YfPHR6jEvjPzQw0JsbdeYg", "neutral": 0, "total": 28, "name": "Steigenberger Graf Zeppelin", "rating_positive": 3.8609069725757306, "positive": 22, "negative": 0, "longitude": 9.1795835, "rating_stars": 3.9064567668324566, "stars": 4.0, "latitude": 48.7837311}
{"rank_positive": 74, "rank_stars": 35, "business_id": "ditvYgumqN3I0stYSIGmyg", "neutral": 1, "total": 4, "name": "Gaststätte Schwanen", "rating_positive": 3.7160053499777086, "positive": 3, "negative": 0, "longitude": 9.13254, "rating_stars": 3.891271646080372, "stars": 4.5, "latitude": 48.7777}
{"rank_positive": 77, "rank_stars": 36, "business_id": "gNZGK5eoHGmYWa38P8W6lA", "neutral": 0, "total": 4, "name": "aussichtspunkt birkenwaldstr", "rating_positive": 3.7160053499777086, "positive": 3, "negative": 1, "longitude": 9.17564, "rating_stars": 3.891271646080372, "stars": 4.5, "latitude": 48.7945}
{"rank_positive": 130, "rank_stars": 37, "business_id": "OHN--OfyGkK52LB2v6zSOA", "neutral": 1, "total": 22, "name": "Hilton Garden Inn Stuttgart Neckarpark", "rating_positive": 3.221285563751317, "positive": 13, "negative": 2, "longitude": 9.2299806, "rating_stars": 3.8900152375465282, "stars": 4.0, "latitude": 48.7929989}
{"rank_positive": 7, "rank_stars": 38, "business_id": "fQIhD9rSVsfDlevDa87w0g", "neutral": 1, "total": 21, "name": "Zum Spätzleschwob", "rating_positive": 4.223838471558836, "positive": 19, "negative": 1, "longitude": 9.1523032951, "rating_stars": 3.886696114233234, "stars": 4.0, "latitude": 48.7740888661}
{"rank_positive": 112, "rank_stars": 39, "business_id": "5PLQltRcNFEe18ApJQgoSg", "neutral": 2, "total": 21, "name": "Arcotel Camino", "rating_positive": 3.3184976118106815, "positive": 13, "negative": 0, "longitude": 9.1804138, "rating_stars": 3.886696114233234, "stars": 4.0, "latitude": 48.7881124}
{"rank_positive": 69, "rank_stars": 40, "business_id": "GVWo4NbfMjams2VzUfQTkQ", "neutral": 2, "total": 16, "name": "Chinesischer Garten", "rating_positive": 3.7305037074916902, "positive": 12, "negative": 1, "longitude": 9.1759443283, "rating_stars": 3.866561570482811, "stars": 4.0, "latitude": 48.7871100903}
{"rank_positive": 24, "rank_stars": 41, "business_id": "mxNhsw3I0SK_AnJD8CeKmw", "neutral": 0, "total": 15, "name": "Holiday Inn Stuttgart", "rating_positive": 4.052226935312832, "positive": 13, "negative": 0, "longitude": 9.09409, "rating_stars": 3.8616443006782277, "stars": 4.0, "latitude": 48.8218}
{"rank_positive": 36, "rank_stars": 42, "business_id": "-WB69WHshN1CvOGaKR3V2g", "neutral": 0, "total": 14, "name": "Inselbad Untertürkheim", "rating_positive": 4.015964767409854, "positive": 12, "negative": 1, "longitude": 9.246340107, "rating_stars": 3.856350757544254, "stars": 4.0, "latitude": 48.7787024716}
{"rank_positive": 47, "rank_stars": 43, "business_id": "ed_oIwReVl7S19oazCGy9Q", "neutral": 0, "total": 3, "name": "Seybold garni", "rating_positive": 3.9615019011406845, "positive": 3, "negative": 0, "longitude": 9.18121, "rating_stars": 3.851056227261537, "stars": 4.5, "latitude": 48.7587}
{"rank_positive": 83, "rank_stars": 44, "business_id": "v9Ymu8Vwo-yDDXSM2uRrfg", "neutral": 1, "total": 3, "name": "Adac Württ. e.V.", "rating_positive": 3.6311787072243344, "positive": 2, "negative": 0, "longitude": 9.19041, "rating_stars": 3.851056227261537, "stars": 4.5, "latitude": 48.7869}
{"rank_positive": 86, "rank_stars": 45, "business_id": "0ElVqss41HMsuDFPTaYQKw", "neutral": 0, "total": 3, "name": "Apart-Business-Hotel", "rating_positive": 3.6311787072243344, "positive": 2, "negative": 0, "longitude": 9.21458, "rating_stars": 3.851056227261537, "stars": 4.5, "latitude": 48.70103}
{"rank_positive": 119, "rank_stars": 46, "business_id": "r3MDQ9NDcrI4M79-aIpD3Q", "neutral": 0, "total": 3, "name": "Aloft Stuttgart", "rating_positive": 3.300855513307985, "positive": 1, "negative": 0, "longitude": 9.1815466255, "rating_stars": 3.851056227261537, "stars": 4.5, "latitude": 48.7909579418}
{"rank_positive": 123, "rank_stars": 47, "business_id": "lbQzfLanliJi9tX6H49SRg", "neutral": 1, "total": 3, "name": "Sixt", "rating_positive": 3.300855513307985, "positive": 1, "negative": 0, "longitude": 9.1704458, "rating_stars": 3.851056227261537, "stars": 4.5, "latitude": 48.7098171}
{"rank_positive": 39, "rank_stars": 48, "business_id": "abt4OGzqkisFz2533Iqskw", "neutral": 2, "total": 13, "name": "Hotel Royal", "rating_positive": 3.976817401259302, "positive": 11, "negative": 0, "longitude": 9.17207, "rating_stars": 3.8506360338174797, "stars": 4.0, "latitude": 48.7733}
{"rank_positive": 52, "rank_stars": 49, "business_id": "n9_TozJk0XMDt7XnHQkMXA", "neutral": 1, "total": 12, "name": "Der Sonnenhof", "rating_positive": 3.9344262295081966, "positive": 10, "negative": 1, "longitude": 9.2353, "rating_stars": 3.844447780076982, "stars": 4.0, "latitude": 48.85479}
{"rank_positive": 70, "rank_stars": 50, "business_id": "DyD3VK7x7T8VgulRrI2lBg", "neutral": 2, "total": 12, "name": "Gasthaus Grünewald", "rating_positive": 3.727272727272727, "positive": 9, "negative": 1, "longitude": 9.15738, "rating_stars": 3.844447780076982, "stars": 4.0, "latitude": 48.7979}
{"rank_positive": 17, "rank_stars": 51, "business_id": "ZjzhRZQx-APHQal2aLa2fA", "neutral": 1, "total": 11, "name": "Gasthaus zum Hirsch", "rating_positive": 4.1044776119402995, "positive": 10, "negative": 0, "longitude": 9.17036, "rating_stars": 3.8377245964422495, "stars": 4.0, "latitude": 48.7468}
{"rank_positive": 109, "rank_stars": 52, "business_id": "yqkO3eKT4TucbRTG4rufOQ", "neutral": 1, "total": 11, "name": "Stuttgarter Frühlingsfest", "rating_positive": 3.4561567164179103, "positive": 7, "negative": 1, "longitude": 9.2193464588, "rating_stars": 3.8377245964422495, "stars": 4.0, "latitude": 48.7958841027}
{"rank_positive": 23, "rank_stars": 53, "business_id": "S5oSmFlRDaFS6Tq55wpqPw", "neutral": 1, "total": 10, "name": "Hotel Azenberg", "rating_positive": 4.064023399415015, "positive": 9, "negative": 0, "longitude": 9.16457, "rating_stars": 3.83039398835173, "stars": 4.0, "latitude": 48.78864}
{"rank_positive": 103, "rank_stars": 54, "business_id": "8Da3LrzARmuukF3GRcKqmg", "neutral": 2, "total": 9, "name": "1. Stock", "rating_positive": 3.5466303607896528, "positive": 6, "negative": 1, "longitude": 9.17672, "rating_stars": 3.822369742055233, "stars": 4.0, "latitude": 48.77358}
{"rank_positive": 8, "rank_stars": 55, "business_id": "L0qNkWj5aFvS3pJZ6r86cw", "neutral": 0, "total": 8, "name": "Landgasthof Wiesengrund", "rating_positive": 4.219364058592355, "positive": 8, "negative": 0, "longitude": 9.14738, "rating_stars": 3.8135485180987048, "stars": 4.0, "latitude": 48.7946}
{"rank_positive": 10, "rank_stars": 56, "business_id": "7SIUaYCojsHTn3PN404lFA", "neutral": 0, "total": 8, "name": "Zur Traube", "rating_positive": 4.219364058592355, "positive": 8, "negative": 0, "longitude": 9.20839, "rating_stars": 3.8135485180987048, "stars": 4.0, "latitude": 48.7961}
{"rank_positive": 40, "rank_stars": 57, "business_id": "3Sx5-RXJXDl_mHZvHxjiGA", "neutral": 0, "total": 8, "name": "ibis Stuttgart Airport Messe", "rating_positive": 3.9710610932475885, "positive": 7, "negative": 0, "longitude": 9.16841, "rating_stars": 3.8135485180987048, "stars": 4.0, "latitude": 48.6954}
{"rank_positive": 41, "rank_stars": 58, "business_id": "Frv77cDSDo78OzSDITZfGg", "neutral": 0, "total": 8, "name": "SSB", "rating_positive": 3.9710610932475885, "positive": 7, "negative": 1, "longitude": 9.129198, "rating_stars": 3.8135485180987048, "stars": 4.0, "latitude": 48.725074}
{"rank_positive": 15, "rank_stars": 59, "business_id": "AXvZApfh1TA9XsKkhsq_0g", "neutral": 0, "total": 6, "name": "Central-Classic", "rating_positive": 4.133280444268148, "positive": 6, "negative": 0, "longitude": 9.1599538, "rating_stars": 3.7929878231488594, "stars": 4.0, "latitude": 48.7732153}
{"rank_positive": 100, "rank_stars": 60, "business_id": "NUtN8oDDP10mC2MtWdfPlw", "neutral": 0, "total": 6, "name": "Finch", "rating_positive": 3.581911939706466, "positive": 4, "negative": 0, "longitude": 9.1924164, "rating_stars": 3.7929878231488594, "stars": 4.0, "latitude": 48.7508417}
{"rank_positive": 115, "rank_stars": 61, "business_id": "HR88sEmU3mTXVNjW2yC5aw", "neutral": 1, "total": 6, "name": "Gasthof Pension Franziska", "rating_positive": 3.306227687425625, "positive": 3, "negative": 1, "longitude": 9.20632, "rating_stars": 3.7929878231488594, "stars": 4.0, "latitude": 48.7156}
{"rank_positive": 117, "rank_stars": 62, "business_id": "JdSfUqjKHOyNE1Jtq2uiUw", "neutral": 0, "total": 6, "name": "Rega Hotel Stuttgart City-Center", "rating_positive": 3.306227687425625, "positive": 3, "negative": 0, "longitude": 9.16516, "rating_stars": 3.7929878231488594, "stars": 4.0, "latitude": 48.77535}
{"rank_positive": 65, "rank_stars": 63, "business_id": "MK9p_AJMDKYPgVDMzcwYaA", "neutral": 0, "total": 5, "name": "Restaurant Stadthotel Weinsberg", "rating_positive": 3.790931989924433, "positive": 4, "negative": 1, "longitude": 9.16013, "rating_stars": 3.78090776748878, "stars": 4.0, "latitude": 48.81}
{"rank_positive": 106, "rank_stars": 64, "business_id": "CWPfryRjRAScmjNR-3f85A", "neutral": 1, "total": 5, "name": "Hotel Feuerbacher Hof", "rating_positive": 3.499160369437448, "positive": 3, "negative": 0, "longitude": 9.15852, "rating_stars": 3.78090776748878, "stars": 4.0, "latitude": 48.8118}
{"rank_positive": 29, "rank_stars": 65, "business_id": "qKRdU3T42sN0odTBIGlM4Q", "neutral": 0, "total": 4, "name": "Wohnwagen Winkler", "rating_positive": 4.025858225590727, "positive": 4, "negative": 0, "longitude": 9.1044954, "rating_stars": 3.7673304958351648, "stars": 4.0, "latitude": 48.823092}
{"rank_positive": 30, "rank_stars": 66, "business_id": "awLVZl24KmNRlqYjRkLEXg", "neutral": 0, "total": 4, "name": "Restaurant Trollinger", "rating_positive": 4.025858225590727, "positive": 4, "negative": 0, "longitude": 9.19372, "rating_stars": 3.7673304958351648, "stars": 4.0, "latitude": 48.688}
{"rank_positive": 32, "rank_stars": 67, "business_id": "lKlIOjtoyQotse3pZGp_lA", "neutral": 0, "total": 4, "name": "Abalon Hotel Ideal", "rating_positive": 4.025858225590727, "positive": 4, "negative": 0, "longitude": 9.1819, "rating_stars": 3.7673304958351648, "stars": 4.0, "latitude": 48.77046}
{"rank_positive": 33, "rank_stars": 68, "business_id": "GuMrmGhF_yY7Y9JDHqlsVg", "neutral": 0, "total": 4, "name": "Schwabtunnel", "rating_positive": 4.025858225590727, "positive": 4, "negative": 0, "longitude": 9.16011, "rating_stars": 3.7673304958351648, "stars": 4.0, "latitude": 48.7676}
{"rank_positive": 78, "rank_stars": 69, "business_id": "VDbamGPPVifw-ch6QJc7KA", "neutral": 0, "total": 4, "name": "Straßenbahnwelt", "rating_positive": 3.7160053499777086, "positive": 3, "negative": 0, "longitude": 9.21746, "rating_stars": 3.7673304958351648, "stars": 4.0, "latitude": 48.7988}
{"rank_positive": 135, "rank_stars": 70, "business_id": "ysOpSjbIjjT_t3_ahPqBHw", "neutral": 0, "total": 4, "name": "ibis Styles Stuttgart", "rating_positive": 3.0962995987516724, "positive": 1, "negative": 2, "longitude": 9.2214748795, "rating_stars": 3.7673304958351648, "stars": 4.0, "latitude": 48.81022989}
{"rank_positive": 46, "rank_stars": 71, "business_id": "bQLDBqegdHGA8oGE54L9aA", "neutral": 0, "total": 3, "name": "Hotel Berg", "rating_positive": 3.9615019011406845, "positive": 3, "negative": 0, "longitude": 9.2086285, "rating_stars": 3.751959269086632, "stars": 4.0, "latitude": 48.7960323}
{"rank_positive": 50, "rank_stars": 72, "business_id": "KSysuW2_P9G3O5R7CkeEnw", "neutral": 0, "total": 3, "name": "Restaurant Filoxenia", "rating_positive": 3.9615019011406845, "positive": 3, "negative": 0, "longitude": 9.25352, "rating_stars": 3.751959269086632, "stars": 4.0, "latitude": 48.7801}
{"rank_positive": 84, "rank_stars": 73, "business_id": "u47WkWpdGQPnZROCvqZLhQ", "neutral": 1, "total": 3, "name": "Hotel Körschtal", "rating_positive": 3.6311787072243344, "positive": 2, "negative": 0, "longitude": 9.1496205, "rating_stars": 3.751959269086632, "stars": 4.0, "latitude": 48.7274107}
{"rank_positive": 87, "rank_stars": 74, "business_id": "vnj5wtqiFkqUzw-irALKAQ", "neutral": 0, "total": 3, "name": "Europcar", "rating_positive": 3.6311787072243344, "positive": 2, "negative": 0, "longitude": 9.1478089, "rating_stars": 3.751959269086632, "stars": 4.0, "latitude": 48.7666995}
{"rank_positive": 43, "rank_stars": 75, "business_id": "0V-I5TazN_FeeHg4oiXHDA", "neutral": 0, "total": 3, "name": "Larca Sportartikel", "rating_positive": 3.9615019011406845, "positive": 3, "negative": 0, "longitude": 9.1684, "rating_stars": 3.652862310911727, "stars": 3.5, "latitude": 48.7782}
{"rank_positive": 44, "rank_stars": 76, "business_id": "UpxATKdD6APBmoJm-zCd_Q", "neutral": 0, "total": 3, "name": "Stuttgart-Bad Cannstatt", "rating_positive": 3.9615019011406845, "positive": 3, "negative": 0, "longitude": 9.2175001724, "rating_stars": 3.652862310911727, "stars": 3.5, "latitude": 48.8015883978}
{"rank_positive": 48, "rank_stars": 77, "business_id": "DixRAT6rZwIgj0DquX7wuQ", "neutral": 0, "total": 3, "name": "Waldheim Raichberg", "rating_positive": 3.9615019011406845, "positive": 3, "negative": 0, "longitude": 9.21859, "rating_stars": 3.652862310911727, "stars": 3.5, "latitude": 48.77533}
{"rank_positive": 88, "rank_stars": 78, "business_id": "W4ldVyq3FSpsPGUxPAItTg", "neutral": 0, "total": 3, "name": "Hotel Neuwirtshaus", "rating_positive": 3.6311787072243344, "positive": 2, "negative": 1, "longitude": 9.1416, "rating_stars": 3.652862310911727, "stars": 3.5, "latitude": 48.8405}
{"rank_positive": 91, "rank_stars": 79, "business_id": "myTU9IsH2It-FJWFORRdYw", "neutral": 0, "total": 3, "name": "Am Heusteig", "rating_positive": 3.6311787072243344, "positive": 2, "negative": 0, "longitude": 9.1795621, "rating_stars": 3.652862310911727, "stars": 3.5, "latitude": 48.7702557}
{"rank_positive": 122, "rank_stars": 80, "business_id": "13Adad_D78h9n1WNyZ2wAg", "neutral": 0, "total": 3, "name": "Hotel Unger", "rating_positive": 3.300855513307985, "positive": 1, "negative": 0, "longitude": 9.1782703, "rating_stars": 3.652862310911727, "stars": 3.5, "latitude": 48.7824784}
{"rank_positive": 79, "rank_stars": 81, "business_id": "e5LSr-a8uLhXy6X0qvUGwg", "neutral": 0, "total": 4, "name": "Am Feuersee", "rating_positive": 3.7160053499777086, "positive": 3, "negative": 0, "longitude": 9.16449, "rating_stars": 3.6433893455899575, "stars": 3.5, "latitude": 48.7739}
{"rank_positive": 14, "rank_stars": 82, "business_id": "TbRpteREg6BjeM-iVP0Cgw", "neutral": 0, "total": 6, "name": "Hotel Traube", "rating_positive": 4.133280444268148, "positive": 6, "negative": 0, "longitude": 9.21338, "rating_stars": 3.6275772717803547, "stars": 3.5, "latitude": 48.7017}
{"rank_positive": 57, "rank_stars": 83, "business_id": "CFaalqB4eUJSA0wgJlEcrA", "neutral": 0, "total": 6, "name": "Hotel Gloria", "rating_positive": 3.8575961919873065, "positive": 5, "negative": 1, "longitude": 9.15168, "rating_stars": 3.6275772717803547, "stars": 3.5, "latitude": 48.7284}
{"rank_positive": 101, "rank_stars": 84, "business_id": "67jeCnMepcAkXC6CNzjgIQ", "neutral": 0, "total": 6, "name": "Espenlaub", "rating_positive": 3.581911939706466, "positive": 4, "negative": 0, "longitude": 9.1866478, "rating_stars": 3.6275772717803547, "stars": 3.5, "latitude": 48.7740673}
{"rank_positive": 102, "rank_stars": 85, "business_id": "nH1n-Wh-H3TdEA0oZxzPSg", "neutral": 0, "total": 6, "name": "Wyndham Stuttgart Airport Messe", "rating_positive": 3.581911939706466, "positive": 4, "negative": 1, "longitude": 9.19399, "rating_stars": 3.6275772717803547, "stars": 3.5, "latitude": 48.6922}
{"rank_positive": 118, "rank_stars": 86, "business_id": "M0TGnw9wL5Qupn3bmcZc2A", "neutral": 0, "total": 6, "name": "Althoff Hotel am Schlossgarten", "rating_positive": 3.306227687425625, "positive": 3, "negative": 0, "longitude": 9.18244, "rating_stars": 3.6275772717803547, "stars": 3.5, "latitude": 48.7819}
{"rank_positive": 134, "rank_stars": 87, "business_id": "KfKUJwoXITFERSrqhtwVxA", "neutral": 0, "total": 7, "name": "Alex 30 Hostel", "rating_positive": 3.1334586466165417, "positive": 3, "negative": 1, "longitude": 9.1879405, "rating_stars": 3.6209106399091255, "stars": 3.5, "latitude": 48.7741599}
{"rank_positive": 71, "rank_stars": 88, "business_id": "lMiOCphpRlxp1aa5-8lH6w", "neutral": 0, "total": 8, "name": "Hotel Neotel", "rating_positive": 3.7227581279028223, "positive": 6, "negative": 0, "longitude": 9.1348787, "rating_stars": 3.614906145822892, "stars": 3.5, "latitude": 48.7281204}
{"rank_positive": 73, "rank_stars": 89, "business_id": "ReaPlORbBQ6UFErA2RDmxA", "neutral": 0, "total": 8, "name": "Gasthof Riedsee", "rating_positive": 3.7227581279028223, "positive": 6, "negative": 1, "longitude": 9.1528, "rating_stars": 3.614906145822892, "stars": 3.5, "latitude": 48.7344}
{"rank_positive": 80, "rank_stars": 90, "business_id": "Qr-O9O_56tGZjeOJ6HpQhQ", "neutral": 1, "total": 11, "name": "relexa Waldhotel Schatten", "rating_positive": 3.6722636815920398, "positive": 8, "negative": 2, "longitude": 9.08766, "rating_stars": 3.600006934750707, "stars": 3.5, "latitude": 48.75481}
{"rank_positive": 37, "rank_stars": 91, "business_id": "VLRpSjcoXcqG3IKXrDEDxA", "neutral": 1, "total": 13, "name": "Ochsen Uhlbach", "rating_positive": 3.976817401259302, "positive": 11, "negative": 1, "longitude": 9.2778789, "rating_stars": 3.5920498861357397, "stars": 3.5, "latitude": 48.7764546}
{"rank_positive": 25, "rank_stars": 92, "business_id": "hpCzxncYTTYkAsum_Ht4nw", "neutral": 1, "total": 15, "name": "ibis Stuttgart City", "rating_positive": 4.052226935312832, "positive": 13, "negative": 1, "longitude": 9.18447, "rating_stars": 3.585265721675046, "stars": 3.5, "latitude": 48.801}
{"rank_positive": 54, "rank_stars": 93, "business_id": "Xm7kGgsCyJ7MaUyVdSQWgw", "neutral": 0, "total": 16, "name": "Harambe Afrika", "rating_positive": 3.908207619534646, "positive": 13, "negative": 3, "longitude": 9.15356, "rating_stars": 3.582235311214082, "stars": 3.5, "latitude": 48.7408}
{"rank_positive": 125, "rank_stars": 94, "business_id": "cnpyL8mCSEmjAC4QvRrApA", "neutral": 0, "total": 17, "name": "Dormero Hotel Stuttgart", "rating_positive": 3.259259259259259, "positive": 10, "negative": 1, "longitude": 9.1627371311, "rating_stars": 3.579412914113154, "stars": 3.5, "latitude": 48.7224243903}
{"rank_positive": 127, "rank_stars": 95, "business_id": "-Wm-SQIPPHYw230i53M7EQ", "neutral": 1, "total": 17, "name": "Park Inn Stuttgart", "rating_positive": 3.259259259259259, "positive": 10, "negative": 2, "longitude": 9.1698395318, "rating_stars": 3.579412914113154, "stars": 3.5, "latitude": 48.7648940883}
{"rank_positive": 60, "rank_stars": 96, "business_id": "h41Th7Z0Tc4_PyTSuOKG8Q", "neutral": 0, "total": 19, "name": "Restaurant Arche", "rating_positive": 3.852818853974122, "positive": 15, "negative": 3, "longitude": 9.17888, "rating_stars": 3.574311992180747, "stars": 3.5, "latitude": 48.7758}
{"rank_positive": 81, "rank_stars": 97, "business_id": "R9WsOs5IOqw2cQ4zXewmNg", "neutral": 1, "total": 26, "name": "Bella Italia Weine", "rating_positive": 3.6700622524052067, "positive": 19, "negative": 5, "longitude": 9.15723, "rating_stars": 3.560672005689167, "stars": 3.5, "latitude": 48.7731}
{"rank_positive": 85, "rank_stars": 98, "business_id": "Kmrd37-VYVdkpqfqntnA4w", "neutral": 0, "total": 3, "name": "Hotel der Geno - Akademie Stuttgart", "rating_positive": 3.6311787072243344, "positive": 2, "negative": 1, "longitude": 9.20516, "rating_stars": 3.553765352736822, "stars": 3.0, "latitude": 48.71466}
{"rank_positive": 92, "rank_stars": 99, "business_id": "ZCfFhmCpkMxVfnmKi1Nu9g", "neutral": 0, "total": 3, "name": "Hotel-Mack garni", "rating_positive": 3.6311787072243344, "positive": 2, "negative": 0, "longitude": 9.17956, "rating_stars": 3.553765352736822, "stars": 3.0, "latitude": 48.7868}
{"rank_positive": 94, "rank_stars": 100, "business_id": "9u4tXKeS0S6tl3Zy0su99w", "neutral": 0, "total": 3, "name": "Pizzeria Hirsch da Lupo", "rating_positive": 3.6311787072243344, "positive": 2, "negative": 0, "longitude": 9.15606, "rating_stars": 3.553765352736822, "stars": 3.0, "latitude": 48.8495}
{"rank_positive": 121, "rank_stars": 101, "business_id": "H4ZdcWunsi60UOw6a2axFQ", "neutral": 1, "total": 3, "name": "Gasthaus Rössle", "rating_positive": 3.300855513307985, "positive": 1, "negative": 1, "longitude": 9.22933, "rating_stars": 3.553765352736822, "stars": 3.0, "latitude": 48.8419}
{"rank_positive": 63, "rank_stars": 102, "business_id": "T4Zt2fVNGMyBMevAUOr3Wg", "neutral": 1, "total": 31, "name": "Maritim Hotel Stuttgart", "rating_positive": 3.824216144096064, "positive": 24, "negative": 2, "longitude": 9.1663966, "rating_stars": 3.553639476677498, "stars": 3.5, "latitude": 48.78075}
{"rank_positive": 104, "rank_stars": 103, "business_id": "mxuwZcFe7rUC7doPDoBPPQ", "neutral": 0, "total": 33, "name": "Pullman", "rating_positive": 3.5439910742747847, "positive": 23, "negative": 2, "longitude": 9.1112406, "rating_stars": 3.551262719502435, "stars": 3.5, "latitude": 48.7265054}
{"rank_positive": 76, "rank_stars": 104, "business_id": "tdsVbIHvwPWFO764eWArvw", "neutral": 0, "total": 4, "name": "Akzent Hotel Möhringer Hof", "rating_positive": 3.7160053499777086, "positive": 3, "negative": 0, "longitude": 9.1448174, "rating_stars": 3.51944819534475, "stars": 3.0, "latitude": 48.7213848}
{"rank_positive": 56, "rank_stars": 105, "business_id": "SQMzlVkF-DTCN0_I2HOEFQ", "neutral": 0, "total": 6, "name": "Hotel Flora", "rating_positive": 3.8575961919873065, "positive": 5, "negative": 0, "longitude": 9.1462403, "rating_stars": 3.46216672041185, "stars": 3.0, "latitude": 48.728698}
{"rank_positive": 58, "rank_stars": 106, "business_id": "lZw9xc4h88Q8zLcM4hzn9A", "neutral": 0, "total": 6, "name": "Hotel Sautter", "rating_positive": 3.8575961919873065, "positive": 5, "negative": 0, "longitude": 9.16196, "rating_stars": 3.46216672041185, "stars": 3.0, "latitude": 48.777}
{"rank_positive": 136, "rank_stars": 107, "business_id": "9gFhrvzRv3T5vZEcXsCp7A", "neutral": 1, "total": 6, "name": "Kongresshotel Europe", "rating_positive": 3.030543435144784, "positive": 2, "negative": 2, "longitude": 9.17886, "rating_stars": 3.46216672041185, "stars": 3.0, "latitude": 48.8112}
{"rank_positive": 89, "rank_stars": 108, "business_id": "4ZGvNujkaGR8sEQlt_VWVQ", "neutral": 0, "total": 3, "name": "Bergmeister", "rating_positive": 3.6311787072243344, "positive": 2, "negative": 1, "longitude": 9.20025, "rating_stars": 3.454668394561917, "stars": 2.5, "latitude": 48.7861}
{"rank_positive": 93, "rank_stars": 109, "business_id": "bUDr67jBv2GjhGhgGw-qqQ", "neutral": 1, "total": 3, "name": "Stadthotel Weinsberg", "rating_positive": 3.6311787072243344, "positive": 2, "negative": 0, "longitude": 9.160134, "rating_stars": 3.454668394561917, "stars": 2.5, "latitude": 48.8099628}
{"rank_positive": 95, "rank_stars": 110, "business_id": "DvUdNJ4FXs3pxmlIk6C3ng", "neutral": 0, "total": 3, "name": "Meinfernbus.de", "rating_positive": 3.6311787072243344, "positive": 2, "negative": 0, "longitude": 9.16829, "rating_stars": 3.454668394561917, "stars": 2.5, "latitude": 48.8295}
{"rank_positive": 120, "rank_stars": 111, "business_id": "PmM65ORsixMOOdtkW6kh6A", "neutral": 1, "total": 3, "name": "S/U-Bahnhof Stuttgart Hbf", "rating_positive": 3.300855513307985, "positive": 1, "negative": 1, "longitude": 9.1811603068, "rating_stars": 3.454668394561917, "stars": 2.5, "latitude": 48.7844599651}
{"rank_positive": 9, "rank_stars": 112, "business_id": "yZWzBQAr0SSOomjjSXtZYw", "neutral": 0, "total": 8, "name": "Hotel ibis Stuttgart Centrum", "rating_positive": 4.219364058592355, "positive": 8, "negative": 0, "longitude": 9.167735, "rating_stars": 3.416263773547079, "stars": 3.0, "latitude": 48.763637}
{"rank_positive": 35, "rank_stars": 113, "business_id": "wdFwvtVrHfEcy_Fgp0hM3Q", "neutral": 0, "total": 9, "name": "Mercure Hotel Stuttgart City Center", "rating_positive": 4.019741320626276, "positive": 8, "negative": 1, "longitude": 9.18203, "rating_stars": 3.3965698782022717, "stars": 3.0, "latitude": 48.7929}
{"rank_positive": 68, "rank_stars": 114, "business_id": "8sGu1_vZpJtMUpXy5wsgVw", "neutral": 1, "total": 9, "name": "TOP Messehotel Europe", "rating_positive": 3.7831858407079646, "positive": 7, "negative": 0, "longitude": 9.1764211, "rating_stars": 3.3965698782022717, "stars": 3.0, "latitude": 48.8108552}
{"rank_positive": 97, "rank_stars": 115, "business_id": "OqWDZETK4QFKUhDNceicow", "neutral": 0, "total": 10, "name": "Hansa Hotel", "rating_positive": 3.6122846928826777, "positive": 7, "negative": 0, "longitude": 9.1646371, "rating_stars": 3.378655281819394, "stars": 3.0, "latitude": 48.7765474}
{"rank_positive": 98, "rank_stars": 116, "business_id": "bXMATrPXSJNsJdu503_2rg", "neutral": 1, "total": 10, "name": "Best Western Hotel Stuttgart 21", "rating_positive": 3.6122846928826777, "positive": 7, "negative": 0, "longitude": 9.1867991, "rating_stars": 3.378655281819394, "stars": 3.0, "latitude": 48.7925616}
{"rank_positive": 45, "rank_stars": 117, "business_id": "yNTvc2MiAXQholk4XMPYOw", "neutral": 0, "total": 3, "name": "Aparthotel Astro", "rating_positive": 3.9615019011406845, "positive": 3, "negative": 0, "longitude": 9.24515, "rating_stars": 3.355571436387012, "stars": 2.0, "latitude": 48.7733}
{"rank_positive": 11, "rank_stars": 118, "business_id": "yLqIv5iwvGcIgMLv6sw5ig", "neutral": 0, "total": 12, "name": "Novum Hotel Boulevard Stuttgart City", "rating_positive": 4.141579731743666, "positive": 11, "negative": 0, "longitude": 9.17346, "rating_stars": 3.347279374711855, "stars": 3.0, "latitude": 48.7732}
{"rank_positive": 12, "rank_stars": 119, "business_id": "r_TLWdKad1TZn4EZScdzzg", "neutral": 0, "total": 12, "name": "Hotel Wartburg", "rating_positive": 4.141579731743666, "positive": 11, "negative": 1, "longitude": 9.1715, "rating_stars": 3.347279374711855, "stars": 3.0, "latitude": 48.7768}
{"rank_positive": 66, "rank_stars": 120, "business_id": "M06C3XJ4uTu6Wtvq3j_yvg", "neutral": 0, "total": 5, "name": "Verkehrs- und Tarifverbund Stuttgart", "rating_positive": 3.790931989924433, "positive": 4, "negative": 1, "longitude": 9.1817588, "rating_stars": 3.3432503367583015, "stars": 2.5, "latitude": 48.7754181}
{"rank_positive": 131, "rank_stars": 121, "business_id": "M1RCd0Xrcv8AD5gJmLYuqg", "neutral": 0, "total": 5, "name": "Executive Club Lounge", "rating_positive": 3.207388748950462, "positive": 2, "negative": 0, "longitude": 9.19359, "rating_stars": 3.3432503367583015, "stars": 2.5, "latitude": 48.6924}
{"rank_positive": 111, "rank_stars": 122, "business_id": "cwDpzcLnavasR7HNLgt6ng", "neutral": 1, "total": 16, "name": "arcona Mo Hotel", "rating_positive": 3.3750958834057787, "positive": 10, "negative": 3, "longitude": 9.1075089, "rating_stars": 3.2979090519453527, "stars": 3.0, "latitude": 48.7299794}
{"rank_positive": 59, "rank_stars": 123, "business_id": "hM6ivGeaFnF0U67B-0z07w", "neutral": 1, "total": 6, "name": "Hotel Wiesbadener Hof", "rating_positive": 3.8575961919873065, "positive": 5, "negative": 0, "longitude": 9.22215, "rating_stars": 3.296756169043346, "stars": 2.5, "latitude": 48.8058}
{"rank_positive": 116, "rank_stars": 124, "business_id": "EWZFtjg92_4X4iYQ9tfTog", "neutral": 0, "total": 6, "name": "Novum Hotel Rieker Stuttgart Hauptbahnhof", "rating_positive": 3.306227687425625, "positive": 3, "negative": 1, "longitude": 9.1784639, "rating_stars": 3.296756169043346, "stars": 2.5, "latitude": 48.7838396}
{"rank_positive": 90, "rank_stars": 125, "business_id": "HITaC0MW4phkZ60LyYxbJA", "neutral": 1, "total": 3, "name": "Hotel Hottmann", "rating_positive": 3.6311787072243344, "positive": 2, "negative": 0, "longitude": 9.15534, "rating_stars": 3.256474478212107, "stars": 1.5, "latitude": 48.7603}
{"rank_positive": 82, "rank_stars": 126, "business_id": "SB7aqYLcmkxH3bQg9asvSQ", "neutral": 1, "total": 7, "name": "Golden Leaf Hotel Stuttgart Zuffenhausen", "rating_positive": 3.656015037593985, "positive": 5, "negative": 0, "longitude": 9.16201, "rating_stars": 3.255121166224915, "stars": 2.5, "latitude": 48.83454}
{"rank_positive": 61, "rank_stars": 127, "business_id": "dmQfEeWuKxn-9RxaDIEbEw", "neutral": 2, "total": 23, "name": "Commundo Tagungshotels", "rating_positive": 3.8411138411138412, "positive": 18, "negative": 1, "longitude": 9.10875, "rating_stars": 3.2385590299259364, "stars": 3.0, "latitude": 48.74537}
{"rank_positive": 124, "rank_stars": 128, "business_id": "0ACRYFhtWjcLvLw7jrwmdQ", "neutral": 5, "total": 29, "name": "SI-Erlebnis-Centrum", "rating_positive": 3.2808674361664916, "positive": 18, "negative": 5, "longitude": 9.1624642366, "rating_stars": 3.2037639563060996, "stars": 3.0, "latitude": 48.7229062758}
{"rank_positive": 132, "rank_stars": 129, "business_id": "5_657xsbotTBYM1KpJpWkw", "neutral": 0, "total": 5, "name": "Franke Brasserie Bar & Lounge", "rating_positive": 3.207388748950462, "positive": 2, "negative": 2, "longitude": 9.19414, "rating_stars": 3.1973645265148085, "stars": 2.0, "latitude": 48.6927}
{"rank_positive": 6, "rank_stars": 130, "business_id": "PzeT1cLDomS89YNP-N8fng", "neutral": 0, "total": 9, "name": "Hotel Merit", "rating_positive": 4.256296800544588, "positive": 9, "negative": 0, "longitude": 9.17449, "rating_stars": 3.183669946275791, "stars": 2.5, "latitude": 48.77191}
{"rank_positive": 113, "rank_stars": 131, "business_id": "0cqpUbyTuMTWFWNRTFmySQ", "neutral": 2, "total": 9, "name": "Hotel Krehls Linde", "rating_positive": 3.310074880871341, "positive": 5, "negative": 1, "longitude": 9.23187, "rating_stars": 3.183669946275791, "stars": 2.5, "latitude": 48.8067}
{"rank_positive": 114, "rank_stars": 132, "business_id": "03RdFNkAXISiQ6sLndNRVg", "neutral": 1, "total": 9, "name": "Römerhof", "rating_positive": 3.310074880871341, "positive": 5, "negative": 3, "longitude": 9.10672, "rating_stars": 3.183669946275791, "stars": 2.5, "latitude": 48.73887}
{"rank_positive": 110, "rank_stars": 133, "business_id": "G9SKln6Wb_6rdVvRzA8QlA", "neutral": 0, "total": 10, "name": "Mercure Hotel Stuttgart Airport Messe", "rating_positive": 3.3864153396165095, "positive": 6, "negative": 2, "longitude": 9.16608, "rating_stars": 3.152785928553225, "stars": 2.5, "latitude": 48.7126}
{"rank_positive": 137, "rank_stars": 134, "business_id": "7M4wi8ipI128SvKexpLlpQ", "neutral": 4, "total": 67, "name": "Stuttgart Hauptbahnhof", "rating_positive": 2.59, "positive": 32, "negative": 17, "longitude": 9.182269, "rating_stars": 3.105920209287116, "stars": 3.0, "latitude": 48.783214}
{"rank_positive": 38, "rank_stars": 135, "business_id": "rxTnEQFpFzCtZpxZk2Tvqg", "neutral": 1, "total": 13, "name": "Etap Hotel", "rating_positive": 3.976817401259302, "positive": 11, "negative": 1, "longitude": 9.17886, "rating_stars": 3.0748775907722594, "stars": 2.5, "latitude": 48.81122}
{"rank_positive": 67, "rank_stars": 136, "business_id": "wsZ0k3Wtpyrq1cmbCdmVNQ", "neutral": 0, "total": 9, "name": "Golden Leaf Hotel", "rating_positive": 3.7831858407079646, "positive": 7, "negative": 1, "longitude": 9.1677788, "rating_stars": 2.9707700143493105, "stars": 2.0, "latitude": 48.7079273}
{"rank_positive": 138, "rank_stars": 137, "business_id": "d0etrWM4OCLhTAEB2bZzmg", "neutral": 0, "total": 6, "name": "Hertz", "rating_positive": 2.479174930583102, "positive": 0, "negative": 0, "longitude": 9.18035, "rating_stars": 2.9659350663063364, "stars": 1.5, "latitude": 48.7838}
{"rank_positive": 96, "rank_stars": 138, "business_id": "4bQMTOhr6EZ9YsJUiScF5A", "neutral": 0, "total": 10, "name": "InterCityHotel Stuttgart", "rating_positive": 3.6122846928826777, "positive": 7, "negative": 3, "longitude": 9.18035, "rating_stars": 2.926916575287057, "stars": 2.0, "latitude": 48.7838}
{"rank_positive": 128, "rank_stars": 139, "business_id": "ycr6oWKwFTmfiI83cyUEtA", "neutral": 0, "total": 11, "name": "Hotel Astoria Stuttgart", "rating_positive": 3.240049751243781, "positive": 6, "negative": 3, "longitude": 9.17178, "rating_stars": 2.8868539496760803, "stars": 2.0, "latitude": 48.77643}
