{"address":"Filderhauptstr. 136","attributes":{"Alcohol":"beer_and_wine","Ambience":{"casual":false,"classy":false,"hipster":false,"intimate":false,"romantic":false,"touristy":false,"trendy":false,"upscale":false},"BikeParking":true,"BusinessAcceptsCreditCards":true,"BusinessParking":{"garage":false,"lot":false,"street":false,"valet":false,"validated":false},"Caters":false,"DietaryRestrictions":{"dairy-free":false,"gluten-free":false,"halal":false,"kosher":false,"soy-free":false,"vegan":true,"vegetarian":false},"DogsAllowed":false,"GoodForDancing":false,"GoodForKids":true,"GoodForMeal":{"breakfast":false,"brunch":false,"dessert":false,"dinner":false,"latenight":false,"lunch":false},"HasTV":false,"OutdoorSeating":true,"RestaurantsAttire":"casual","RestaurantsDelivery":false,"RestaurantsGoodForGroups":true,"RestaurantsPriceRange2":2,"RestaurantsReservations":true,"RestaurantsTableService":true,"RestaurantsTakeOut":true,"Smoking":"outdoor","WheelchairAccessible":false,"WiFi":"free"},"business_id":"x6bet3EbqPvtw4DSVNWIDw","categories":["Restaurants","Event Planning & Services","Nightlife","Hotels & Travel","German","Beer Gardens","Hotels"],"city":"Stuttgart","hours":{"Friday":"12:00-14:30","Saturday":"12:00-23:00","Sunday":"12:00-23:00","Thursday":"12:00-14:30","Tuesday":"12:00-14:30","Wednesday":"12:00-14:30"},"is_open":1,"latitude":48.7108341,"longitude":9.2035759,"name":"Gaststätte Garbe","neighborhood":"","postal_code":"70599","review_count":41,"stars":4.0,"state":"BW"}
{"address":"Heilbronner Str. 21","attributes":{"BusinessAcceptsCreditCards":true,"DogsAllowed":true,"RestaurantsPriceRange2":3,"WiFi":"free"},"business_id":"5PLQltRcNFEe18ApJQgoSg","categories":["Event Planning & Services","Restaurants","Hotels","Swabian","Austrian","Hotels & Travel"],"city":"Stuttgart","hours":{"Friday":"0:00-0:00","Monday":"0:00-0:00","Saturday":"0:00-0:00","Sunday":"0:00-0:00","Thursday":"0:00-0:00","Tuesday":"0:00-0:00","Wednesday":"0:00-0:00"},"is_open":1,"latitude":48.7881124,"longitude":9.1804138,"name":"Arcotel Camino","neighborhood":"","postal_code":"70191","review_count":21,"stars":4.0,"state":"BW"}
{"address":"Brunnenstr. 27","attributes":{"Caters":false,"GoodForMeal":{"breakfast":false,"brunch":false,"dessert":false,"dinner":false,"latenight":false,"lunch":false},"RestaurantsAttire":"casual","RestaurantsGoodForGroups":true,"RestaurantsPriceRange2":2},"business_id":"LM-_1Ye4Ufn9zxEuZkIvEw","categories":["Hotels","Restaurants","Event Planning & Services","Greek","Hotels & Travel"],"city":"Stuttgart","hours":{"Friday":"16:00-23:30","Monday":"17:00-23:30","Saturday":"14:00-23:30","Sunday":"14:00-23:30","Thursday":"16:00-23:30","Tuesday":"16:00-23:30"},"is_open":1,"latitude":48.80633,"longitude":9.2147,"name":"Taverna Ouzeri Kolokotronis","neighborhood":"","postal_code":"70372","review_count":5,"stars":5.0,"state":"BW"}
{"address":"Schloßstr. 49","attributes":{"RestaurantsPriceRange2":3},"business_id":"0V-I5TazN_FeeHg4oiXHDA","categories":["Hotels & Travel","Active Life","Sporting Goods","Campgrounds","Shopping"],"city":"Stuttgart","hours":{},"is_open":1,"latitude":48.7782,"longitude":9.1684,"name":"Larca Sportartikel","neighborhood":"","postal_code":"70174","review_count":3,"stars":3.5,"state":"BW"}
{"address":"Heilbronner Str. 70","attributes":{"BusinessAcceptsCreditCards":true,"DogsAllowed":true,"RestaurantsPriceRange2":2,"WheelchairAccessible":true,"WiFi":"free"},"business_id":"r3MDQ9NDcrI4M79-aIpD3Q","categories":["Shopping","Event Planning & Services","Hotels","Hotels & Travel"],"city":"Stuttgart","hours":{"Friday":"0:00-0:00","Monday":"0:00-0:00","Saturday":"0:00-0:00","Sunday":"0:00-0:00","Thursday":"0:00-0:00","Tuesday":"0:00-0:00","Wednesday":"0:00-0:00"},"is_open":1,"latitude":48.7909579418,"longitude":9.1815466255,"name":"Aloft Stuttgart","neighborhood":"","postal_code":"70191","review_count":3,"stars":4.5,"state":"BW"}
{"address":"Hospitalstr. 29","attributes":{"BusinessAcceptsCreditCards":true,"RestaurantsPriceRange2":3,"WiFi":"no"},"business_id":"ycr6oWKwFTmfiI83cyUEtA","categories":["Event Planning & Services","Hotels & Travel","Hotels"],"city":"Stuttgart","hours":{},"is_open":1,"latitude":48.77643,"longitude":9.17178,"name":"Hotel Astoria Stuttgart","neighborhood":"","postal_code":"70174","review_count":11,"stars":2.0,"state":"BW"}
{"address":"Schmale Str. 9","attributes":{"BusinessAcceptsCreditCards":true,"BusinessParking":{"garage":false,"lot":false,"street":false,"valet":false,"validated":false},"RestaurantsPriceRange2":2,"WheelchairAccessible":true},"business_id":"WW7R9IbHf3BaoH68Z41Xzw","categories":["Shopping","Hotels & Travel","Campgrounds","Outdoor Gear","Fashion","Sports Wear","Sporting Goods"],"city":"Stuttgart","hours":{"Friday":"9:00-20:00","Monday":"9:00-20:00","Saturday":"9:00-20:00","Thursday":"9:00-20:00","Tuesday":"9:00-20:00","Wednesday":"9:00-20:00"},"is_open":0,"latitude":48.775,"longitude":9.17559,"name":"WOICK Outdoor & Sportsware","neighborhood":"","postal_code":"70173","review_count":6,"stars":5.0,"state":"BW"}
{"address":"Plieningerstr. 50","attributes":{"Alcohol":"beer_and_wine","Ambience":{"casual":false,"classy":false,"hipster":false,"intimate":false,"romantic":false,"touristy":false,"trendy":false,"upscale":false},"BusinessAcceptsCreditCards":true,"BusinessParking":{"garage":false,"lot":false,"street":false,"valet":false,"validated":false},"DietaryRestrictions":{"dairy-free":false,"gluten-free":false,"halal":false,"kosher":false,"soy-free":false,"vegan":false,"vegetarian":false},"GoodForMeal":{"breakfast":false,"brunch":false,"dessert":false,"dinner":false,"latenight":false,"lunch":false},"OutdoorSeating":true,"RestaurantsAttire":"casual","RestaurantsDelivery":false,"RestaurantsPriceRange2":2,"RestaurantsReservations":true,"RestaurantsTakeOut":true,"WheelchairAccessible":false,"WiFi":"no"},"business_id":"78dH5roNDBhdDvLa4KQ6OQ","categories":["Restaurants","Event Planning & Services","German","Hotels","Hotels & Travel"],"city":"Stuttgart","hours":{"Friday":"16:30-21:30","Monday":"16:30-21:30","Saturday":"15:00-21:30","Thursday":"16:30-21:30","Tuesday":"16:30-21:30","Wednesday":"16:30-21:30"},"is_open":1,"latitude":48.7244174,"longitude":9.1545426,"name":"Restaurant A.C. Hotel Hoferer","neighborhood":"","postal_code":"70567","review_count":16,"stars":4.5,"state":"BW"}
{"address":"Haußmannstr. 27","attributes":{},"business_id":"Anky2KtWYCbt94qW5hrXyA","categories":["Hotels & Travel","Hostels"],"city":"Stuttgart","hours":{},"is_open":1,"latitude":48.7805,"longitude":9.19075,"name":"Djh Jugendherberge Stuttgart International","neighborhood":"","postal_code":"70188","review_count":4,"stars":5.0,"state":"BW"}
{"address":"Vogelsangstr. 18","attributes":{"Alcohol":"beer_and_wine","Ambience":{"casual":false,"classy":false,"hipster":false,"intimate":false,"romantic":false,"touristy":false,"trendy":false,"upscale":false},"BikeParking":false,"BusinessAcceptsCreditCards":true,"BusinessParking":{"garage":false,"lot":false,"street":true,"valet":false,"validated":false},"Caters":true,"DogsAllowed":false,"GoodForKids":false,"GoodForMeal":{"breakfast":false,"brunch":false,"dessert":false,"dinner":false,"latenight":false,"lunch":false},"HasTV":false,"OutdoorSeating":true,"RestaurantsAttire":"dressy","RestaurantsDelivery":false,"RestaurantsGoodForGroups":true,"RestaurantsPriceRange2":4,"RestaurantsReservations":true,"RestaurantsTableService":true,"RestaurantsTakeOut":false,"WheelchairAccessible":true,"WiFi":"no"},"business_id":"R9WsOs5IOqw2cQ4zXewmNg","categories":["Restaurants","Grocery","Caterers","Hotels & Travel","Italian","Event Planning & Services","Food","Travel Services"],"city":"Stuttgart","hours":{"Friday":"18:00-23:30","Monday":"18:00-23:30","Saturday":"18:00-23:30","Thursday":"18:00-23:30","Tuesday":"18:00-23:30","Wednesday":"18:00-23:30"},"is_open":1,"latitude":48.7731,"longitude":9.15723,"name":"Bella Italia Weine","neighborhood":"","postal_code":"70176","review_count":26,"stars":3.5,"state":"BW"}
{"address":"Am Neckartor 2","attributes":{},"business_id":"v9Ymu8Vwo-yDDXSM2uRrfg","categories":["Hotels & Travel","Travel Services","Automotive"],"city":"Stuttgart","hours":{},"is_open":1,"latitude":48.7869,"longitude":9.19041,"name":"Adac Württ. e.V.","neighborhood":"","postal_code":"70190","review_count":3,"stars":4.5,"state":"BW"}
{"address":"Bahnhofstr. 30","attributes":{},"business_id":"UpxATKdD6APBmoJm-zCd_Q","categories":["Public Transportation","Hotels & Travel","Metro Stations","Transportation","Train Stations"],"city":"Stuttgart","hours":{},"is_open":1,"latitude":48.8015883978,"longitude":9.2175001724,"name":"Stuttgart-Bad Cannstatt","neighborhood":"","postal_code":"70372","review_count":3,"stars":3.5,"state":"BW"}
{"address":"Wilhelm-Geiger-Platz 8","attributes":{"BusinessAcceptsCreditCards":true,"RestaurantsPriceRange2":1,"WiFi":"free"},"business_id":"CWPfryRjRAScmjNR-3f85A","categories":["Event Planning & Services","Hotels","Hotels & Travel"],"city":"Stuttgart","hours":{},"is_open":1,"latitude":48.8118,"longitude":9.15852,"name":"Hotel Feuerbacher Hof","neighborhood":"","postal_code":"70469","review_count":5,"stars":4.0,"state":"BW"}
{"address":"Seestr. 114 - 116","attributes":{"BusinessAcceptsCreditCards":true,"DogsAllowed":true,"RestaurantsPriceRange2":3,"WiFi":"free"},"business_id":"S5oSmFlRDaFS6Tq55wpqPw","categories":["Hotels","Hotels & Travel","Event Planning & Services"],"city":"Stuttgart","hours":{"Friday":"0:00-0:00","Monday":"0:00-0:00","Saturday":"0:00-0:00","Sunday":"0:00-0:00","Thursday":"0:00-0:00","Tuesday":"0:00-0:00","Wednesday":"0:00-0:00"},"is_open":1,"latitude":48.78864,"longitude":9.16457,"name":"Hotel Azenberg","neighborhood":"","postal_code":"70174","review_count":10,"stars":4.0,"state":"BW"}
{"address":"Plieninger Str. 100","attributes":{"BusinessAcceptsCreditCards":true,"DogsAllowed":true,"RestaurantsPriceRange2":3,"WiFi":"free"},"business_id":"cnpyL8mCSEmjAC4QvRrApA","categories":["Hotels","Event Planning & Services","Arts & Entertainment","Casinos","Performing Arts","Hotels & Travel"],"city":"Stuttgart","hours":{"Friday":"0:00-0:00","Monday":"0:00-0:00","Saturday":"0:00-0:00","Sunday":"0:00-0:00","Thursday":"0:00-0:00","Tuesday":"0:00-0:00","Wednesday":"0:00-0:00"},"is_open":1,"latitude":48.7224243903,"longitude":9.1627371311,"name":"Dormero Hotel Stuttgart","neighborhood":"","postal_code":"70567","review_count":17,"stars":3.5,"state":"BW"}
{"address":"Richterstr. 23","attributes":{"BusinessAcceptsCreditCards":true,"RestaurantsPriceRange2":1,"WiFi":"free"},"business_id":"u47WkWpdGQPnZROCvqZLhQ","categories":["Hotels & Travel","Bed & Breakfast","Hotels","Event Planning & Services"],"city":"Stuttgart","hours":{},"is_open":1,"latitude":48.7274107,"longitude":9.1496205,"name":"Hotel Körschtal","neighborhood":"","postal_code":"70567","review_count":3,"stars":4.0,"state":"BW"}
{"address":"Vaihinger Str. 151","attributes":{"BusinessAcceptsCreditCards":true,"RestaurantsPriceRange2":2,"WiFi":"free"},"business_id":"lMiOCphpRlxp1aa5-8lH6w","categories":["Hotels","Bed & Breakfast","Event Planning & Services","Hotels & Travel"],"city":"Stuttgart","hours":{},"is_open":1,"latitude":48.7281204,"longitude":9.1348787,"name":"Hotel Neotel","neighborhood":"","postal_code":"70567","review_count":7,"stars":3.5,"state":"BW"}
{"address":"Theodor-Heuss-Straße","attributes":{},"business_id":"PmM65ORsixMOOdtkW6kh6A","categories":["Train Stations","Transportation","Metro Stations","Public Transportation","Hotels & Travel"],"city":"Stuttgart","hours":{},"is_open":1,"latitude":48.7844599651,"longitude":9.1811603068,"name":"S/U-Bahnhof Stuttgart Hbf","neighborhood":"","postal_code":"70173","review_count":3,"stars":2.5,"state":"BW"}
{"address":"Wasenstr. 15","attributes":{"BusinessAcceptsCreditCards":true,"DogsAllowed":false,"RestaurantsPriceRange2":2,"WiFi":"no"},"business_id":"yNTvc2MiAXQholk4XMPYOw","categories":["Hotels","Event Planning & Services","Hotels & Travel"],"city":"Stuttgart","hours":{},"is_open":1,"latitude":48.7733,"longitude":9.24515,"name":"Aparthotel Astro","neighborhood":"","postal_code":"70327","review_count":3,"stars":2.0,"state":"BW"}
{"address":"Alte Stuttgarter Str. 114","attributes":{"BusinessAcceptsCreditCards":false,"BusinessParking":{"garage":false,"lot":false,"street":false,"valet":false,"validated":false},"DogsAllowed":false,"OutdoorSeating":false,"RestaurantsDelivery":false,"RestaurantsPriceRange2":1,"RestaurantsTakeOut":false},"business_id":"ditvYgumqN3I0stYSIGmyg","categories":["Travel Services","Hotels & Travel","German","Italian","Restaurants","International"],"city":"Stuttgart","hours":{"Friday":"16:30-22:00","Saturday":"16:30-22:00","Sunday":"16:30-22:00","Thursday":"16:30-22:00","Tuesday":"16:30-22:00","Wednesday":"16:30-22:00"},"is_open":1,"latitude":48.7777,"longitude":9.13254,"name":"Gaststätte Schwanen","neighborhood":"","postal_code":"70195","review_count":4,"stars":4.5,"state":"BW"}
{"address":"Silberburgstr. 163","attributes":{"BikeParking":true,"BusinessAcceptsBitcoin":false,"BusinessAcceptsCreditCards":true,"BusinessParking":{"garage":true,"lot":true,"street":false,"valet":false,"validated":false},"DogsAllowed":true,"RestaurantsPriceRange2":4,"WheelchairAccessible":false},"business_id":"wiVGA6fEjegM_ja4Hnt2sw","categories":["Outdoor Gear","Shopping","Campgrounds","Hotels & Travel","Sporting Goods","Sports Wear","Active Life","Fashion","Skiing"],"city":"Stuttgart","hours":{"Friday":"10:00-19:00","Monday":"10:00-19:00","Saturday":"10:00-17:00","Thursday":"10:00-19:00","Tuesday":"10:00-19:00","Wednesday":"10:00-19:00"},"is_open":1,"latitude":48.7721639076,"longitude":9.1680943067,"name":"Bergwerker","neighborhood":"","postal_code":"70178","review_count":4,"stars":5.0,"state":"BW"}
{"address":"Flughafenstr. 51","attributes":{"Alcohol":"full_bar","Ambience":{"casual":false,"classy":false,"hipster":false,"intimate":false,"romantic":false,"touristy":false,"trendy":false,"upscale":false},"BestNights":{"friday":false,"monday":false,"saturday":false,"sunday":false,"thursday":false,"tuesday":false,"wednesday":false},"BikeParking":false,"BusinessAcceptsCreditCards":false,"BusinessParking":{"garage":false,"lot":false,"street":false,"valet":false,"validated":false},"CoatCheck":true,"GoodForDancing":false,"HappyHour":false,"HasTV":true,"Music":{"background_music":false,"dj":false,"jukebox":false,"karaoke":false,"live":false,"no_music":false,"video":false},"NoiseLevel":"quiet","OutdoorSeating":false,"RestaurantsGoodForGroups":false,"RestaurantsPriceRange2":1,"RestaurantsReservations":false,"WiFi":"free"},"business_id":"M1RCd0Xrcv8AD5gJmLYuqg","categories":["Hotels & Travel","Nightlife","Travel Services","Airports","Lounges","Bars"],"city":"Stuttgart","hours":{},"is_open":1,"latitude":48.6924,"longitude":9.19359,"name":"Executive Club Lounge","neighborhood":"","postal_code":"70629","review_count":5,"stars":2.5,"state":"BW"}
{"address":"Marbacher Str. 18","attributes":{"Alcohol":"full_bar","Ambience":{"casual":false,"classy":false,"hipster":false,"intimate":false,"romantic":false,"touristy":false,"trendy":false,"upscale":false},"BikeParking":false,"BusinessAcceptsBitcoin":false,"BusinessAcceptsCreditCards":true,"BusinessParking":{"garage":false,"lot":true,"street":false,"valet":false,"validated":false},"CoatCheck":true,"DogsAllowed":true,"GoodForDancing":false,"HappyHour":false,"HasTV":true,"Music":{"background_music":false,"dj":false,"jukebox":false,"karaoke":false,"live":false,"no_music":false,"video":false},"NoiseLevel":"average","OutdoorSeating":true,"RestaurantsAttire":"casual","RestaurantsDelivery":false,"RestaurantsGoodForGroups":true,"RestaurantsPriceRange2":2,"RestaurantsReservations":true,"RestaurantsTableService":true,"RestaurantsTakeOut":true,"Smoking":"yes","WheelchairAccessible":false,"WiFi":"free"},"business_id":"cHRcof68g5nHHpSmobsxlA","categories":["Restaurants","Italian","Hotels","Hotels & Travel","Event Planning & Services","Sports Bars","Steakhouses","Bars","Nightlife","Tapas Bars"],"city":"Stuttgart","hours":{"Friday":"17:30-0:00","Saturday":"17:30-0:00","Sunday":"17:30-22:00","Thursday":"17:30-23:00","Tuesday":"17:30-23:00","Wednesday":"17:30-23:00"},"is_open":1,"latitude":48.8315832,"longitude":9.1761674,"name":"El Camino","neighborhood":"","postal_code":"70435","review_count":6,"stars":5.0,"state":"BW"}
{"address":"Steckfeldstr. 2","attributes":{"BusinessAcceptsCreditCards":true,"RestaurantsPriceRange2":3,"WiFi":"free"},"business_id":"Kmrd37-VYVdkpqfqntnA4w","categories":["Hotels & Travel","Hotels","Event Planning & Services"],"city":"Stuttgart","hours":{},"is_open":1,"latitude":48.71466,"longitude":9.20516,"name":"Hotel der Geno - Akademie Stuttgart","neighborhood":"","postal_code":"70599","review_count":3,"stars":3.0,"state":"BW"}
{"address":"Filderbahnstr. 43","attributes":{"BusinessAcceptsCreditCards":true,"RestaurantsPriceRange2":2,"WiFi":"free"},"business_id":"SQMzlVkF-DTCN0_I2HOEFQ","categories":["Bed & Breakfast","Hotels & Travel","Event Planning & Services","Hotels"],"city":"Stuttgart","hours":{},"is_open":1,"latitude":48.728698,"longitude":9.1462403,"name":"Hotel Flora","neighborhood":"","postal_code":"70567","review_count":6,"stars":3.0,"state":"BW"}
{"address":"Schoellstr. 4-6","attributes":{"RestaurantsPriceRange2":2,"WiFi":"free"},"business_id":"0ElVqss41HMsuDFPTaYQKw","categories":["Bed & Breakfast","Hotels & Travel","Event Planning & Services","Hotels"],"city":"Stuttgart","hours":{},"is_open":1,"latitude":48.70103,"longitude":9.21458,"name":"Apart-Business-Hotel","neighborhood":"","postal_code":"70599","review_count":3,"stars":4.5,"state":"BW"}
{"address":"Südheimer Platz","attributes":{},"business_id":"dT6EbGwT7Rcg6AVGNFz9Bw","categories":["Hotels & Travel","Transportation","Cable Cars"],"city":"Stuttgart","hours":{"Friday":"9:00-18:00","Monday":"9:00-18:00","Saturday":"9:00-18:00","Sunday":"9:00-18:00","Thursday":"9:00-18:00","Tuesday":"9:00-18:00","Wednesday":"9:00-18:00"},"is_open":1,"latitude":48.7559215605,"longitude":9.142150493,"name":"Seilbahn","neighborhood":"","postal_code":"70199","review_count":17,"stars":5.0,"state":"BW"}
{"address":"Arnulf-Klett-Platz 7","attributes":{"BusinessAcceptsCreditCards":true,"RestaurantsPriceRange2":3,"WiFi":"free"},"business_id":"YfPHR6jEvjPzQw0JsbdeYg","categories":["Hotels","Restaurants","Hotels & Travel","Event Planning & Services"],"city":"Stuttgart","hours":{"Friday":"0:00-0:00","Monday":"0:00-0:00","Saturday":"0:00-0:00","Sunday":"0:00-0:00","Thursday":"0:00-0:00","Tuesday":"0:00-0:00","Wednesday":"0:00-0:00"},"is_open":1,"latitude":48.7837311,"longitude":9.1795835,"name":"Steigenberger Graf Zeppelin","neighborhood":"","postal_code":"70173","review_count":28,"stars":4.0,"state":"BW"}
{"address":"Hechinger Str. 64-68","attributes":{"BusinessAcceptsCreditCards":true,"RestaurantsPriceRange2":3,"WiFi":"free"},"business_id":"tdsVbIHvwPWFO764eWArvw","categories":["Event Planning & Services","Hotels","Hotels & Travel"],"city":"Stuttgart","hours":{},"is_open":1,"latitude":48.7213848,"longitude":9.1448174,"name":"Akzent Hotel Möhringer Hof","neighborhood":"","postal_code":"70567","review_count":4,"stars":3.0,"state":"BW"}
{"address":"Eichwiesenring 1","attributes":{"BusinessAcceptsCreditCards":true,"RestaurantsPriceRange2":3,"WiFi":"free"},"business_id":"G9SKln6Wb_6rdVvRzA8QlA","categories":["Event Planning & Services","Hotels","Hotels & Travel"],"city":"Stuttgart","hours":{},"is_open":1,"latitude":48.7126,"longitude":9.16608,"name":"Mercure Hotel Stuttgart Airport Messe","neighborhood":"","postal_code":"70567","review_count":10,"stars":2.5,"state":"BW"}
{"address":"Vor dem Lauch 20","attributes":{"BusinessAcceptsCreditCards":true,"RestaurantsPriceRange2":2,"WiFi":"free"},"business_id":"wsZ0k3Wtpyrq1cmbCdmVNQ","categories":["Event Planning & Services","Hotels","Hotels & Travel"],"city":"Stuttgart","hours":{"Friday":"0:00-0:00","Monday":"0:00-0:00","Saturday":"0:00-0:00","Sunday":"0:00-0:00","Thursday":"0:00-0:00","Tuesday":"0:00-0:00","Wednesday":"0:00-0:00"},"is_open":1,"latitude":48.7079273,"longitude":9.1677788,"name":"Golden Leaf Hotel","neighborhood":"","postal_code":"70567","review_count":9,"stars":2.0,"state":"BW"}
{"address":"Flughafenstr. 50","attributes":{"BusinessAcceptsCreditCards":true,"RestaurantsPriceRange2":3,"WiFi":"free"},"business_id":"OEzqttGONowKfFTv6r4Lxg","categories":["Hotels","International","Airports","Event Planning & Services","Hotels & Travel","Restaurants"],"city":"Stuttgart","hours":{},"is_open":1,"latitude":48.6921575,"longitude":9.1939324,"name":"Mövenpick","neighborhood":"","postal_code":"70629","review_count":39,"stars":4.5,"state":"BW"}
{"address":"Arnulf-Klett-Platz 2","attributes":{"BusinessAcceptsBitcoin":false,"BusinessAcceptsCreditCards":true,"RestaurantsPriceRange2":2,"WiFi":"free"},"business_id":"4bQMTOhr6EZ9YsJUiScF5A","categories":["Hotels","Event Planning & Services","Hotels & Travel"],"city":"Stuttgart","hours":{"Friday":"0:00-0:00","Monday":"0:00-0:00","Saturday":"0:00-0:00","Sunday":"0:00-0:00","Thursday":"0:00-0:00","Tuesday":"0:00-0:00","Wednesday":"0:00-0:00"},"is_open":1,"latitude":48.7838,"longitude":9.18035,"name":"InterCityHotel Stuttgart","neighborhood":"","postal_code":"70173","review_count":10,"stars":2.0,"state":"BW"}
{"address":"Karl-Schurz-Str. 16","attributes":{"DogsAllowed":false,"RestaurantsPriceRange2":2,"WiFi":"no"},"business_id":"bQLDBqegdHGA8oGE54L9aA","categories":["Bed & Breakfast","Hotels","Event Planning & Services","Hotels & Travel"],"city":"Stuttgart","hours":{},"is_open":1,"latitude":48.7960323,"longitude":9.2086285,"name":"Hotel Berg","neighborhood":"","postal_code":"70190","review_count":3,"stars":4.0,"state":"BW"}
{"address":"Rotenwaldstr. 154","attributes":{},"business_id":"vnj5wtqiFkqUzw-irALKAQ","categories":["Hotels & Travel","Car Rental","Truck Rental","Transportation","Automotive"],"city":"Stuttgart","hours":{"Friday":"7:30-18:00","Monday":"7:30-18:00","Saturday":"8:00-12:00","Thursday":"7:30-18:00","Tuesday":"7:30-18:00","Wednesday":"7:30-18:00"},"is_open":1,"latitude":48.7666995,"longitude":9.1478089,"name":"Europcar","neighborhood":"","postal_code":"70197","review_count":3,"stars":4.0,"state":"BW"}
{"address":"Arnoldstr. 3","attributes":{},"business_id":"H4ZdcWunsi60UOw6a2axFQ","categories":["Restaurants","Hotels & Travel","Hotels","Event Planning & Services","Swabian","Guest Houses"],"city":"Stuttgart","hours":{},"is_open":1,"latitude":48.8419,"longitude":9.22933,"name":"Gasthaus Rössle","neighborhood":"","postal_code":"70378","review_count":3,"stars":3.0,"state":"BW"}
{"address":"Hauptstätter Str. 147, am Marienplatz","attributes":{"RestaurantsPriceRange2":2,"WiFi":"free"},"business_id":"-Wm-SQIPPHYw230i53M7EQ","categories":["Event Planning & Services","Hotels","Hotels & Travel"],"city":"Stuttgart","hours":{},"is_open":1,"latitude":48.7648940883,"longitude":9.1698395318,"name":"Park Inn Stuttgart","neighborhood":"","postal_code":"70178","review_count":17,"stars":3.5,"state":"BW"}
{"address":"Bonländer Hauptstr. 145","attributes":{"BusinessAcceptsCreditCards":true,"RestaurantsPriceRange2":3,"WiFi":"free"},"business_id":"o07Et1LOvqhVwIsclDhaXA","categories":["Hotels & Travel","Hotels","Event Planning & Services"],"city":"Stuttgart","hours":{},"is_open":1,"latitude":48.66148,"longitude":9.22386,"name":"NH Stuttgart Airport","neighborhood":"","postal_code":"70794","review_count":21,"stars":4.5,"state":"BW"}
{"address":"Obere Waiblinger Str. 113","attributes":{"BusinessAcceptsCreditCards":true,"BusinessParking":{"garage":false,"lot":false,"street":false,"valet":false,"validated":false},"DogsAllowed":false,"OutdoorSeating":true,"RestaurantsDelivery":false,"RestaurantsPriceRange2":4,"RestaurantsReservations":true,"RestaurantsTakeOut":false,"WheelchairAccessible":false,"WiFi":"paid"},"business_id":"0cqpUbyTuMTWFWNRTFmySQ","categories":["Event Planning & Services","Hotels","Restaurants","Hotels & Travel"],"city":"Stuttgart","hours":{},"is_open":1,"latitude":48.8067,"longitude":9.23187,"name":"Hotel Krehls Linde","neighborhood":"","postal_code":"70374","review_count":9,"stars":2.5,"state":"BW"}
{"address":"Hauptstr. 26","attributes":{"BusinessAcceptsCreditCards":true,"DogsAllowed":true,"RestaurantsPriceRange2":2,"WiFi":"free"},"business_id":"cwDpzcLnavasR7HNLgt6ng","categories":["Hotels","Hotels & Travel","Event Planning & Services"],"city":"Stuttgart","hours":{"Friday":"0:00-0:00","Monday":"0:00-0:00","Saturday":"0:00-0:00","Sunday":"0:00-0:00","Thursday":"0:00-0:00","Tuesday":"0:00-0:00","Wednesday":"0:00-0:00"},"is_open":1,"latitude":48.7299794,"longitude":9.1075089,"name":"arcona Mo Hotel","neighborhood":"","postal_code":"70563","review_count":16,"stars":3.0,"state":"BW"}
{"address":"Markgräflerstr. 6","attributes":{"Alcohol":"full_bar","Ambience":{"casual":false,"classy":false,"hipster":false,"intimate":false,"romantic":false,"touristy":false,"trendy":false,"upscale":false},"BikeParking":true,"BusinessAcceptsCreditCards":true,"BusinessParking":{"garage":false,"lot":false,"street":false,"valet":false,"validated":false},"Caters":true,"CoatCheck":true,"DogsAllowed":false,"GoodForDancing":false,"GoodForKids":true,"GoodForMeal":{"breakfast":false,"brunch":false,"dessert":false,"dinner":false,"latenight":false,"lunch":false},"HappyHour":false,"HasTV":false,"Music":{"background_music":false,"dj":false,"jukebox":false,"karaoke":false,"live":false,"no_music":false,"video":false},"NoiseLevel":"very_loud","OutdoorSeating":true,"RestaurantsAttire":"casual","RestaurantsDelivery":false,"RestaurantsGoodForGroups":true,"RestaurantsPriceRange2":2,"RestaurantsReservations":true,"RestaurantsTableService":true,"RestaurantsTakeOut":false,"Smoking":"no","WiFi":"no"},"business_id":"VLRpSjcoXcqG3IKXrDEDxA","categories":["Bars","Nightlife","German","Event Planning & Services","Hotels","Hotels & Travel","Restaurants","Wine Bars"],"city":"Stuttgart","hours":{"Friday":"17:00-21:00","Saturday":"17:00-21:00","Sunday":"17:00-20:00","Thursday":"17:00-21:00","Wednesday":"17:00-21:00"},"is_open":1,"latitude":48.7764546,"longitude":9.2778789,"name":"Ochsen Uhlbach","neighborhood":"","postal_code":"70329","review_count":13,"stars":3.5,"state":"BW"}
{"address":"Guts-Muths-Weg 18","attributes":{"BusinessAcceptsCreditCards":true,"DogsAllowed":true,"RestaurantsPriceRange2":3,"WheelchairAccessible":true,"WiFi":"free"},"business_id":"bIrm3zw9GQO2C8oX9Neieg","categories":["Restaurants","Hotels & Travel","Venues & Event Spaces","Event Planning & Services","Soccer","Hotels","Amateur Sports Teams","Swabian","Active Life"],"city":"Stuttgart","hours":{},"is_open":1,"latitude":48.7508417,"longitude":9.1924164,"name":"Waldhotel Stuttgart","neighborhood":"","postal_code":"70597","review_count":8,"stars":4.5,"state":"BW"}
{"address":"Werastr. 1","attributes":{"Alcohol":"full_bar","Ambience":{"casual":false,"classy":false,"hipster":false,"intimate":false,"romantic":false,"touristy":false,"trendy":false,"upscale":false},"BusinessAcceptsCreditCards":false,"BusinessParking":{"garage":false,"lot":false,"street":true,"valet":false,"validated":false},"CoatCheck":true,"DogsAllowed":false,"GoodForDancing":false,"GoodForKids":true,"GoodForMeal":{"breakfast":false,"brunch":false,"dessert":false,"dinner":true,"latenight":false,"lunch":false},"HasTV":false,"Music":{"background_music":true,"dj":false,"jukebox":false,"karaoke":false,"live":false,"no_music":false,"video":false},"NoiseLevel":"average","OutdoorSeating":true,"RestaurantsAttire":"casual","RestaurantsDelivery":false,"RestaurantsGoodForGroups":true,"RestaurantsPriceRange2":2,"RestaurantsReservations":true,"RestaurantsTableService":true,"RestaurantsTakeOut":false,"Smoking":"outdoor","WheelchairAccessible":false},"business_id":"YYc4p6GjC4U_XhiP86yS4Q","categories":["Hotels & Travel","Restaurants","Cocktail Bars","Bars","Nightlife","African"],"city":"Stuttgart","hours":{"Friday":"17:00-1:00","Saturday":"17:00-1:00","Sunday":"15:00-1:00","Thursday":"17:00-1:00","Tuesday":"17:00-1:00","Wednesday":"17:00-1:00"},"is_open":1,"latitude":48.777764,"longitude":9.1882654,"name":"Ambiente Africa","neighborhood":"","postal_code":"70182","review_count":70,"stars":4.0,"state":"BW"}
{"address":"Schwieberdinger Str. 198","attributes":{"BusinessAcceptsCreditCards":true,"RestaurantsPriceRange2":2,"WiFi":"free"},"business_id":"W4ldVyq3FSpsPGUxPAItTg","categories":["Hotels","Hotels & Travel","Event Planning & Services"],"city":"Stuttgart","hours":{},"is_open":1,"latitude":48.8405,"longitude":9.1416,"name":"Hotel Neuwirtshaus","neighborhood":"","postal_code":"70435","review_count":3,"stars":3.5,"state":"BW"}
{"address":"Seidenstr. 34","attributes":{"BusinessAcceptsBitcoin":false,"BusinessAcceptsCreditCards":true,"DogsAllowed":true,"RestaurantsPriceRange2":3,"WheelchairAccessible":true,"WiFi":"free"},"business_id":"T4Zt2fVNGMyBMevAUOr3Wg","categories":["Venues & Event Spaces","Event Planning & Services","Hotels","Hotels & Travel"],"city":"Stuttgart","hours":{"Friday":"0:00-0:00","Monday":"0:00-0:00","Saturday":"0:00-0:00","Sunday":"0:00-0:00","Thursday":"0:00-0:00","Tuesday":"0:00-0:00","Wednesday":"0:00-0:00"},"is_open":1,"latitude":48.78075,"longitude":9.1663966,"name":"Maritim Hotel Stuttgart","neighborhood":"","postal_code":"70174","review_count":31,"stars":3.5,"state":"BW"}
{"address":"Welfenstr. 75","attributes":{"Alcohol":"full_bar","Ambience":{"casual":false,"classy":false,"hipster":false,"intimate":false,"romantic":false,"touristy":false,"trendy":false,"upscale":false},"BusinessAcceptsCreditCards":true,"BusinessParking":{"garage":false,"lot":false,"street":false,"valet":false,"validated":false},"DogsAllowed":false,"GoodForKids":true,"GoodForMeal":{"breakfast":false,"brunch":false,"dessert":false,"dinner":false,"latenight":false,"lunch":false},"NoiseLevel":"average","OutdoorSeating":true,"RestaurantsAttire":"casual","RestaurantsDelivery":false,"RestaurantsGoodForGroups":true,"RestaurantsPriceRange2":2,"RestaurantsReservations":true,"RestaurantsTableService":true,"RestaurantsTakeOut":false},"business_id":"HR88sEmU3mTXVNjW2yC5aw","categories":["Hotels & Travel","German","Beer Garden","Pensions","Event Planning & Services","Hotels","Restaurants"],"city":"Stuttgart","hours":{"Friday":"17:00-23:00","Monday":"17:00-23:00","Saturday":"15:00-23:00","Sunday":"11:30-22:00","Thursday":"17:00-23:00","Tuesday":"17:00-23:00","Wednesday":"17:00-23:00"},"is_open":1,"latitude":48.7156,"longitude":9.20632,"name":"Gasthof Pension Franziska","neighborhood":"","postal_code":"70599","review_count":6,"stars":4.0,"state":"BW"}
{"address":"Friedrichstr. 3","attributes":{"BusinessAcceptsCreditCards":true,"DogsAllowed":false,"RestaurantsPriceRange2":4,"WiFi":"free"},"business_id":"EWZFtjg92_4X4iYQ9tfTog","categories":["Hotels & Travel","Hotels","Event Planning & Services"],"city":"Stuttgart","hours":{"Friday":"0:00-0:00","Monday":"0:00-0:00","Saturday":"0:00-0:00","Sunday":"0:00-0:00","Thursday":"0:00-0:00","Tuesday":"0:00-0:00","Wednesday":"0:00-0:00"},"is_open":1,"latitude":48.7838396,"longitude":9.1784639,"name":"Novum Hotel Rieker Stuttgart Hauptbahnhof","neighborhood":"","postal_code":"70174","review_count":6,"stars":2.5,"state":"BW"}
{"address":"birkenwaldstr","attributes":{},"business_id":"gNZGK5eoHGmYWa38P8W6lA","categories":["Landmarks & Historical Buildings","Public Services & Government","Hotels & Travel"],"city":"Stuttgart","hours":{},"is_open":1,"latitude":48.7945,"longitude":9.17564,"name":"aussichtspunkt birkenwaldstr","neighborhood":"","postal_code":"70191","review_count":4,"stars":4.5,"state":"BW"}
{"address":"Steinstr. 13","attributes":{"Alcohol":"beer_and_wine","BusinessAcceptsCreditCards":false,"BusinessParking":{"garage":false,"lot":false,"street":false,"valet":false,"validated":false},"HasTV":false,"Music":{"background_music":false,"dj":true,"jukebox":false,"karaoke":false,"live":false,"no_music":false,"video":false},"NoiseLevel":"loud","OutdoorSeating":false,"RestaurantsGoodForGroups":true,"RestaurantsPriceRange2":3,"Smoking":"yes","WheelchairAccessible":false},"business_id":"8Da3LrzARmuukF3GRcKqmg","categories":["Bars","Nightlife","Hostels","Hotels & Travel","Dive Bars"],"city":"Stuttgart","hours":{"Friday":"21:00-4:00","Saturday":"21:00-4:00","Thursday":"20:00-2:00","Wednesday":"20:00-2:00"},"is_open":1,"latitude":48.77358,"longitude":9.17672,"name":"1. Stock","neighborhood":"","postal_code":"70173","review_count":9,"stars":4.0,"state":"BW"}
{"address":"Kronenstr. 17","attributes":{"BusinessAcceptsCreditCards":true,"RestaurantsPriceRange2":3,"WiFi":"paid"},"business_id":"13Adad_D78h9n1WNyZ2wAg","categories":["Hotels & Travel","Hotels","Bed & Breakfast","Event Planning & Services"],"city":"Stuttgart","hours":{},"is_open":1,"latitude":48.7824784,"longitude":9.1782703,"name":"Hotel Unger","neighborhood":"","postal_code":"70173","review_count":3,"stars":3.5,"state":"BW"}
{"address":"Rotenbergstr. 16","attributes":{"RestaurantsPriceRange2":1},"business_id":"4ZGvNujkaGR8sEQlt_VWVQ","categories":["Hotels & Travel","Bed & Breakfast","Event Planning & Services","Hotels"],"city":"Stuttgart","hours":{},"is_open":1,"latitude":48.7861,"longitude":9.20025,"name":"Bergmeister","neighborhood":"","postal_code":"70190","review_count":3,"stars":2.5,"state":"BW"}
{"address":"Königstr. 1 A","attributes":{},"business_id":"TJKpPlQa3uC3Q8LpMljC0g","categories":["Travel Services","Hotels & Travel"],"city":"Stuttgart","hours":{"Friday":"9:00-20:00","Monday":"9:00-20:00","Saturday":"9:00-18:00","Sunday":"10:00-18:00","Thursday":"9:00-20:00","Tuesday":"9:00-20:00","Wednesday":"9:00-20:00"},"is_open":1,"latitude":48.7822658414,"longitude":9.1820570651,"name":"Tourist Information i-Punkt","neighborhood":"","postal_code":"70173","review_count":8,"stars":4.5,"state":"BW"}
{"address":"Grünewaldstr. 100","attributes":{"Alcohol":"full_bar","BusinessAcceptsCreditCards":false,"BusinessParking":{"garage":false,"lot":false,"street":false,"valet":false,"validated":false},"DogsAllowed":true,"OutdoorSeating":true,"RestaurantsAttire":"casual","RestaurantsDelivery":false,"RestaurantsGoodForGroups":true,"RestaurantsPriceRange2":2,"RestaurantsTakeOut":false},"business_id":"DyD3VK7x7T8VgulRrI2lBg","categories":["Event Planning & Services","Hotels","Food","German","Restaurants","Cafes","Hotels & Travel","Coffee & Tea"],"city":"Stuttgart","hours":{"Friday":"11:30-14:30","Saturday":"11:30-22:00","Sunday":"11:30-22:00","Thursday":"11:30-14:30","Tuesday":"11:30-14:30","Wednesday":"11:30-14:30"},"is_open":1,"latitude":48.7979,"longitude":9.15738,"name":"Gasthaus Grünewald","neighborhood":"","postal_code":"70469","review_count":12,"stars":4.0,"state":"BW"}
{"address":"Zettachring 2","attributes":{},"business_id":"lbQzfLanliJi9tX6H49SRg","categories":["Hotels & Travel","Car Rental"],"city":"Stuttgart","hours":{"Friday":"6:00-20:00","Monday":"6:00-20:00","Saturday":"8:00-12:00","Sunday":"8:00-12:00","Thursday":"6:00-20:00","Tuesday":"6:00-20:00","Wednesday":"6:00-20:00"},"is_open":1,"latitude":48.7098171,"longitude":9.1704458,"name":"Sixt","neighborhood":"","postal_code":"70567","review_count":3,"stars":4.5,"state":"BW"}
{"address":"Siemensstr. 33","attributes":{"BusinessAcceptsCreditCards":true,"RestaurantsPriceRange2":3,"WiFi":"free"},"business_id":"8sGu1_vZpJtMUpXy5wsgVw","categories":["Hotels & Travel","Event Planning & Services","Hotels"],"city":"Stuttgart","hours":{},"is_open":1,"latitude":48.8108552,"longitude":9.1764211,"name":"TOP Messehotel Europe","neighborhood":"","postal_code":"70469","review_count":9,"stars":3.0,"state":"BW"}
{"address":"Sigmaringer Str. 59","attributes":{"BusinessAcceptsCreditCards":true,"RestaurantsPriceRange2":2,"WiFi":"paid"},"business_id":"CFaalqB4eUJSA0wgJlEcrA","categories":["Event Planning & Services","Hotels & Travel","Hotels"],"city":"Stuttgart","hours":{},"is_open":1,"latitude":48.7284,"longitude":9.15168,"name":"Hotel Gloria","neighborhood":"","postal_code":"70567","review_count":6,"stars":3.5,"state":"BW"}
{"address":"Lautenschlagerstr. 14","attributes":{"BusinessAcceptsCreditCards":true,"DogsAllowed":true,"RestaurantsPriceRange2":2,"WiFi":"free"},"business_id":"fChNXzryDR1n9QkXJw4I3A","categories":["Hotels","Hotels & Travel","Event Planning & Services"],"city":"Stuttgart","hours":{},"is_open":1,"latitude":48.78225,"longitude":9.1785,"name":"Motel One Stuttgart-Hauptbahnhof","neighborhood":"","postal_code":"70173","review_count":21,"stars":4.5,"state":"BW"}
{"address":"Silberburgstr. 114 - 116","attributes":{"BusinessAcceptsCreditCards":true,"RestaurantsPriceRange2":1,"WiFi":"free"},"business_id":"OqWDZETK4QFKUhDNceicow","categories":["Hotels & Travel","Event Planning & Services","Hotels"],"city":"Stuttgart","hours":{"Friday":"0:00-0:00","Monday":"0:00-0:00","Saturday":"0:00-0:00","Sunday":"0:00-0:00","Thursday":"0:00-0:00","Tuesday":"0:00-0:00","Wednesday":"0:00-0:00"},"is_open":1,"latitude":48.7765474,"longitude":9.1646371,"name":"Hansa Hotel","neighborhood":"","postal_code":"70176","review_count":10,"stars":3.0,"state":"BW"}
{"address":"Siemensstr. 26","attributes":{"Alcohol":"full_bar","Ambience":{"casual":false,"classy":false,"hipster":false,"intimate":false,"romantic":false,"touristy":false,"trendy":false,"upscale":false},"BikeParking":true,"BusinessAcceptsCreditCards":true,"BusinessParking":{"garage":false,"lot":false,"street":false,"valet":false,"validated":false},"Caters":true,"GoodForKids":true,"GoodForMeal":{"breakfast":false,"brunch":false,"dessert":false,"dinner":false,"latenight":false,"lunch":false},"HasTV":false,"NoiseLevel":"quiet","OutdoorSeating":true,"RestaurantsAttire":"casual","RestaurantsGoodForGroups":true,"RestaurantsPriceRange2":2,"RestaurantsReservations":true,"RestaurantsTableService":true,"RestaurantsTakeOut":false,"WiFi":"free"},"business_id":"9gFhrvzRv3T5vZEcXsCp7A","categories":["Restaurants","Arts & Entertainment","Hotels","Hotels & Travel","Event Planning & Services"],"city":"Stuttgart","hours":{},"is_open":1,"latitude":48.8112,"longitude":9.17886,"name":"Kongresshotel Europe","neighborhood":"","postal_code":"70469","review_count":6,"stars":3.0,"state":"BW"}
{"address":"Konrad-Adenauer-Str. 16","attributes":{"GoodForKids":true},"business_id":"HomE9qQIusSGO4_127RWjQ","categories":["Hotels & Travel","Museums","Arts & Entertainment"],"city":"Stuttgart","hours":{"Friday":"10:00-18:00","Saturday":"10:00-18:00","Sunday":"10:00-18:00","Thursday":"10:00-21:00","Tuesday":"10:00-18:00","Wednesday":"10:00-18:00"},"is_open":1,"latitude":48.7788960493,"longitude":9.1855257447,"name":"Haus der Geschichte Baden-Württemberg","neighborhood":"","postal_code":"70173","review_count":5,"stars":4.5,"state":"BW"}
{"address":"Mittlerer Pfad 25 - 27","attributes":{"BusinessAcceptsCreditCards":true,"DogsAllowed":true,"RestaurantsPriceRange2":2,"WiFi":"free"},"business_id":"mxNhsw3I0SK_AnJD8CeKmw","categories":["Venues & Event Spaces","Hotels & Travel","Hotels","Event Planning & Services"],"city":"Stuttgart","hours":{"Friday":"0:00-0:00","Monday":"0:00-0:00","Saturday":"0:00-0:00","Sunday":"0:00-0:00","Thursday":"0:00-0:00","Tuesday":"0:00-0:00","Wednesday":"0:00-0:00"},"is_open":1,"latitude":48.8218,"longitude":9.09409,"name":"Holiday Inn Stuttgart","neighborhood":"","postal_code":"70499","review_count":15,"stars":4.0,"state":"BW"}
{"address":"Möhringer Str. 99","attributes":{"HappyHour":false,"OutdoorSeating":false,"RestaurantsGoodForGroups":true,"RestaurantsPriceRange2":2,"RestaurantsReservations":true},"business_id":"HITaC0MW4phkZ60LyYxbJA","categories":["Bars","Nightlife","Event Planning & Services","Hotels & Travel","Hotels","Wine Bars"],"city":"Stuttgart","hours":{"Friday":"9:00-23:00","Monday":"9:00-23:00","Saturday":"9:00-23:00","Sunday":"9:00-23:00","Thursday":"9:00-23:00","Tuesday":"9:00-23:00","Wednesday":"9:00-23:00"},"is_open":1,"latitude":48.7603,"longitude":9.15534,"name":"Hotel Hottmann","neighborhood":"","postal_code":"70199","review_count":3,"stars":1.5,"state":"BW"}
{"address":"Arnulf-Klett-Platz 2","attributes":{},"business_id":"K49rGkhARrziyBjcBfxmbQ","categories":["Landmarks & Historical Buildings","Public Services & Government","Hotels & Travel"],"city":"Stuttgart","hours":{},"is_open":1,"latitude":48.7828,"longitude":9.1822,"name":"Bahnhofsturm","neighborhood":"","postal_code":"70173","review_count":17,"stars":4.5,"state":"BW"}
{"address":"Magstadter Str. 2-4","attributes":{"BusinessAcceptsCreditCards":true,"DogsAllowed":true,"RestaurantsPriceRange2":2,"WiFi":"paid"},"business_id":"Qr-O9O_56tGZjeOJ6HpQhQ","categories":["Hotels","Event Planning & Services","Hotels & Travel"],"city":"Stuttgart","hours":{"Friday":"0:00-0:00","Monday":"0:00-0:00","Saturday":"0:00-0:00","Sunday":"0:00-0:00","Thursday":"0:00-0:00","Tuesday":"0:00-0:00","Wednesday":"0:00-0:00"},"is_open":1,"latitude":48.75481,"longitude":9.08766,"name":"relexa Waldhotel Schatten","neighborhood":"","postal_code":"70569","review_count":11,"stars":3.5,"state":"BW"}
{"address":"Heusteigstr. 30","attributes":{"BusinessAcceptsCreditCards":true,"RestaurantsPriceRange2":2,"WiFi":"free"},"business_id":"myTU9IsH2It-FJWFORRdYw","categories":["Hotels","Hotels & Travel","Event Planning & Services","Pensions"],"city":"Stuttgart","hours":{},"is_open":1,"latitude":48.7702557,"longitude":9.1795621,"name":"Am Heusteig","neighborhood":"","postal_code":"70180","review_count":3,"stars":3.5,"state":"BW"}
{"address":"Marienplatz","attributes":{},"business_id":"rRJHmzvrdxijMY_TtdGHmQ","categories":["Transportation","Cable Cars","Train Stations","Public Transportation","Metro Stations","Hotels & Travel"],"city":"Stuttgart","hours":{},"is_open":1,"latitude":48.7643955668,"longitude":9.1678138993,"name":"U-Bahnhof Marienplatz","neighborhood":"","postal_code":"70178","review_count":20,"stars":5.0,"state":"BW"}
{"address":"Tübinger Str. 17b","attributes":{"RestaurantsPriceRange2":2,"WiFi":"free"},"business_id":"PzeT1cLDomS89YNP-N8fng","categories":["Hotels","Hotels & Travel","Event Planning & Services"],"city":"Stuttgart","hours":{},"is_open":1,"latitude":48.77191,"longitude":9.17449,"name":"Hotel Merit","neighborhood":"","postal_code":"70178","review_count":9,"stars":2.5,"state":"BW"}
{"address":"Arnulf-Klettplatz 2, inside hauptbahnhof","attributes":{},"business_id":"d0etrWM4OCLhTAEB2bZzmg","categories":["Hotels & Travel","Car Rental"],"city":"Stuttgart","hours":{},"is_open":1,"latitude":48.7838,"longitude":9.18035,"name":"Hertz","neighborhood":"","postal_code":"70173","review_count":6,"stars":1.5,"state":"BW"}
{"address":"Neue Weinsteige 114","attributes":{"RestaurantsPriceRange2":2,"WiFi":"free"},"business_id":"ed_oIwReVl7S19oazCGy9Q","categories":["Hotels","Event Planning & Services","Hotels & Travel"],"city":"Stuttgart","hours":{},"is_open":1,"latitude":48.7587,"longitude":9.18121,"name":"Seybold garni","neighborhood":"","postal_code":"70180","review_count":3,"stars":4.5,"state":"BW"}
{"address":"Epplestr. 27","attributes":{"Alcohol":"full_bar","Ambience":{"casual":false,"classy":false,"hipster":false,"intimate":false,"romantic":false,"touristy":false,"trendy":false,"upscale":false},"BikeParking":true,"BusinessAcceptsCreditCards":true,"BusinessParking":{"garage":false,"lot":false,"street":true,"valet":false,"validated":false},"DietaryRestrictions":{"dairy-free":false,"gluten-free":false,"halal":false,"kosher":false,"soy-free":false,"vegan":false,"vegetarian":false},"DogsAllowed":true,"GoodForKids":true,"GoodForMeal":{"breakfast":false,"brunch":false,"dessert":false,"dinner":false,"latenight":false,"lunch":false},"HasTV":false,"NoiseLevel":"loud","OutdoorSeating":true,"RestaurantsAttire":"casual","RestaurantsDelivery":false,"RestaurantsGoodForGroups":true,"RestaurantsPriceRange2":2,"RestaurantsReservations":true,"RestaurantsTableService":true,"RestaurantsTakeOut":true,"WheelchairAccessible":true,"WiFi":"no"},"business_id":"ZjzhRZQx-APHQal2aLa2fA","categories":["Hotels","Event Planning & Services","German","Restaurants","Swabian","Hotels & Travel"],"city":"Stuttgart","hours":{"Friday":"18:00-23:00","Saturday":"18:00-23:00","Sunday":"18:00-21:00","Thursday":"18:00-23:00","Tuesday":"18:00-23:00","Wednesday":"18:00-23:00"},"is_open":1,"latitude":48.7468,"longitude":9.17036,"name":"Gasthaus zum Hirsch","neighborhood":"","postal_code":"70597","review_count":11,"stars":4.0,"state":"BW"}
{"address":"Ludwigstr. 18 - 20","attributes":{"BusinessAcceptsCreditCards":true,"RestaurantsPriceRange2":2},"business_id":"JdSfUqjKHOyNE1Jtq2uiUw","categories":["Hotels & Travel","Hotels","Event Planning & Services"],"city":"Stuttgart","hours":{},"is_open":1,"latitude":48.77535,"longitude":9.16516,"name":"Rega Hotel Stuttgart City-Center","neighborhood":"","postal_code":"70176","review_count":6,"stars":4.0,"state":"BW"}
{"address":"Gewann Raichberg 1","attributes":{"BusinessAcceptsCreditCards":false,"BusinessParking":{"garage":false,"lot":false,"street":false,"valet":false,"validated":false},"DogsAllowed":false,"GoodForMeal":{"breakfast":false,"brunch":false,"dessert":false,"dinner":false,"latenight":false,"lunch":false},"OutdoorSeating":true,"RestaurantsAttire":"casual","RestaurantsDelivery":false,"RestaurantsPriceRange2":2,"RestaurantsTakeOut":false,"WheelchairAccessible":false},"business_id":"DixRAT6rZwIgj0DquX7wuQ","categories":["German","Hotels & Travel","Event Planning & Services","Restaurants","Hotels"],"city":"Stuttgart","hours":{},"is_open":1,"latitude":48.77533,"longitude":9.21859,"name":"Waldheim Raichberg","neighborhood":"","postal_code":"70186","review_count":3,"stars":3.5,"state":"BW"}
{"address":"Bahnhofstr. 1","attributes":{},"business_id":"pQK6oQF0fGTlhQqvTKoutA","categories":["Transportation","Travel Services","Hotels & Travel"],"city":"Stuttgart","hours":{"Friday":"9:30-18:30","Monday":"9:30-18:30","Saturday":"10:00-13:30","Thursday":"9:30-18:30","Tuesday":"9:30-18:30","Wednesday":"9:30-18:30"},"is_open":1,"latitude":48.80304,"longitude":9.21745,"name":"DER Deutsches Reisebüro","neighborhood":"","postal_code":"70372","review_count":4,"stars":5.0,"state":"BW"}
{"address":"Ulmer Str. 331 - 337","attributes":{"BusinessAcceptsCreditCards":true,"DogsAllowed":true,"RestaurantsPriceRange2":2,"WiFi":"free"},"business_id":"WifoBLCzjUN38wmApackxQ","categories":["Hotels","Event Planning & Services","Hotels & Travel"],"city":"Stuttgart","hours":{"Friday":"6:00-23:00","Monday":"6:00-23:00","Saturday":"6:00-19:00","Sunday":"6:00-22:00","Thursday":"6:00-23:00","Tuesday":"6:00-23:00","Wednesday":"6:00-23:00"},"is_open":1,"latitude":48.7733,"longitude":9.24228,"name":"Hetzel Hotel Löwen","neighborhood":"","postal_code":"70327","review_count":8,"stars":4.5,"state":"BW"}
{"address":"Rembrandtstr. 190","attributes":{"Alcohol":"full_bar","BusinessAcceptsCreditCards":true,"BusinessParking":{"garage":false,"lot":false,"street":false,"valet":false,"validated":false},"DogsAllowed":false,"GoodForKids":true,"GoodForMeal":{"breakfast":false,"brunch":false,"dessert":false,"dinner":false,"latenight":false,"lunch":false},"OutdoorSeating":true,"RestaurantsAttire":"casual","RestaurantsDelivery":false,"RestaurantsGoodForGroups":true,"RestaurantsPriceRange2":2,"RestaurantsReservations":true,"RestaurantsTakeOut":false},"business_id":"Xm7kGgsCyJ7MaUyVdSQWgw","categories":["Hotels","Event Planning & Services","Restaurants","African","Hotels & Travel"],"city":"Stuttgart","hours":{"Friday":"16:00-2:00","Monday":"16:00-1:00","Saturday":"16:00-2:00","Sunday":"16:00-1:00","Thursday":"16:00-1:00","Tuesday":"16:00-1:00","Wednesday":"16:00-1:00"},"is_open":1,"latitude":48.7408,"longitude":9.15356,"name":"Harambe Afrika","neighborhood":"","postal_code":"70597","review_count":16,"stars":3.5,"state":"BW"}
{"address":"Marienstr. 3","attributes":{"BusinessAcceptsCreditCards":true,"DogsAllowed":false,"RestaurantsPriceRange2":3,"WiFi":"free"},"business_id":"yLqIv5iwvGcIgMLv6sw5ig","categories":["Hotels","Hotels & Travel","Event Planning & Services"],"city":"Stuttgart","hours":{"Friday":"0:00-0:00","Monday":"0:00-0:00","Saturday":"0:00-0:00","Sunday":"0:00-0:00","Thursday":"0:00-0:00","Tuesday":"0:00-0:00","Wednesday":"0:00-0:00"},"is_open":1,"latitude":48.7732,"longitude":9.17346,"name":"Novum Hotel Boulevard Stuttgart City","neighborhood":"","postal_code":"70178","review_count":12,"stars":3.0,"state":"BW"}
{"address":"Kriegerstr. 7","attributes":{},"business_id":"ZCfFhmCpkMxVfnmKi1Nu9g","categories":["Hotels & Travel","Hotels","Wine Bars","Bars","Bed & Breakfast","Nightlife","Event Planning & Services"],"city":"Stuttgart","hours":{},"is_open":1,"latitude":48.7868,"longitude":9.17956,"name":"Hotel-Mack garni","neighborhood":"","postal_code":"70191","review_count":3,"stars":3.0,"state":"BW"}
{"address":"Turbinenstr. 2","attributes":{},"business_id":"qKRdU3T42sN0odTBIGlM4Q","categories":["RV Rental","Car Rental","Hotels & Travel","Car Dealers","Automotive"],"city":"Stuttgart","hours":{},"is_open":1,"latitude":48.823092,"longitude":9.1044954,"name":"Wohnwagen Winkler","neighborhood":"","postal_code":"70499","review_count":4,"stars":4.0,"state":"BW"}
{"address":"Schillerstr. 23","attributes":{"BusinessAcceptsCreditCards":true,"DogsAllowed":true,"RestaurantsPriceRange2":3,"WiFi":"free"},"business_id":"M0TGnw9wL5Qupn3bmcZc2A","categories":["Event Planning & Services","Wine Bars","Bars","Nightlife","Hotels & Travel","Hotels"],"city":"Stuttgart","hours":{"Friday":"0:00-0:00","Monday":"0:00-0:00","Saturday":"0:00-0:00","Sunday":"0:00-0:00","Thursday":"0:00-0:00","Tuesday":"0:00-0:00","Wednesday":"0:00-0:00"},"is_open":1,"latitude":48.7819,"longitude":9.18244,"name":"Althoff Hotel am Schlossgarten","neighborhood":"","postal_code":"70173","review_count":6,"stars":3.5,"state":"BW"}
{"address":"Grazer Str. 32","attributes":{"RestaurantsPriceRange2":2,"WiFi":"free"},"business_id":"bUDr67jBv2GjhGhgGw-qqQ","categories":["Hotels & Travel","Hotels","Restaurants","Event Planning & Services"],"city":"Stuttgart","hours":{},"is_open":1,"latitude":48.8099628,"longitude":9.160134,"name":"Stadthotel Weinsberg","neighborhood":"","postal_code":"70469","review_count":3,"stars":2.5,"state":"BW"}
{"address":"Flughafenstr. 43","attributes":{"WiFi":"free"},"business_id":"R6XcHWDs9dbxOEja0mR5vA","categories":["Hotels & Travel","Airports"],"city":"Stuttgart","hours":{},"is_open":1,"latitude":48.6876012622,"longitude":9.205705235,"name":"Flughafen Stuttgart","neighborhood":"","postal_code":"70629","review_count":155,"stars":4.0,"state":"BW"}
{"address":"Flughafenstr. 50","attributes":{"Alcohol":"full_bar","BusinessAcceptsCreditCards":true,"BusinessParking":{"garage":false,"lot":false,"street":false,"valet":false,"validated":false},"GoodForKids":true,"NoiseLevel":"average","RestaurantsAttire":"dressy","RestaurantsDelivery":false,"RestaurantsGoodForGroups":true,"RestaurantsPriceRange2":3,"RestaurantsReservations":true,"RestaurantsTakeOut":false},"business_id":"awLVZl24KmNRlqYjRkLEXg","categories":["Restaurants","Hotels & Travel"],"city":"Stuttgart","hours":{},"is_open":1,"latitude":48.688,"longitude":9.19372,"name":"Restaurant Trollinger","neighborhood":"","postal_code":"70629","review_count":4,"stars":4.0,"state":"BW"}
{"address":"Holderäckerstr. 19","attributes":{},"business_id":"L50t7uygLUtON1aa1QUwBA","categories":["Taxis","Couriers & Delivery Services","Hotels & Travel","Transportation","Local Services"],"city":"Stuttgart","hours":{},"is_open":1,"latitude":48.823,"longitude":9.10083,"name":"Lasten-Taxi","neighborhood":"","postal_code":"70499","review_count":3,"stars":5.0,"state":"BW"}
{"address":"Guts-Muths-Weg 18","attributes":{"Alcohol":"full_bar","Ambience":{"casual":false,"classy":true,"hipster":false,"intimate":false,"romantic":false,"touristy":false,"trendy":false,"upscale":false},"BikeParking":false,"BusinessAcceptsBitcoin":false,"BusinessAcceptsCreditCards":true,"BusinessParking":{"garage":false,"lot":true,"street":true,"valet":false,"validated":false},"Caters":false,"DietaryRestrictions":{"dairy-free":false,"gluten-free":false,"halal":false,"kosher":false,"soy-free":false,"vegan":true,"vegetarian":false},"DogsAllowed":false,"GoodForKids":false,"GoodForMeal":{"breakfast":false,"brunch":false,"dessert":false,"dinner":false,"latenight":false,"lunch":false},"HasTV":false,"NoiseLevel":"quiet","OutdoorSeating":true,"RestaurantsAttire":"dressy","RestaurantsDelivery":false,"RestaurantsGoodForGroups":true,"RestaurantsPriceRange2":3,"RestaurantsReservations":true,"RestaurantsTableService":true,"RestaurantsTakeOut":false,"WheelchairAccessible":true,"WiFi":"free"},"business_id":"NUtN8oDDP10mC2MtWdfPlw","categories":["German","Restaurants","Hotels","Hotels & Travel","Event Planning & Services"],"city":"Stuttgart","hours":{"Friday":"18:00-21:30","Monday":"18:00-21:30","Saturday":"18:00-21:30","Sunday":"18:00-21:30","Thursday":"18:00-21:30","Tuesday":"18:00-21:30","Wednesday":"18:00-21:30"},"is_open":1,"latitude":48.7508417,"longitude":9.1924164,"name":"Finch","neighborhood":"","postal_code":"70597","review_count":6,"stars":4.0,"state":"BW"}
{"address":"Universitätsstr. 34","attributes":{"BusinessAcceptsCreditCards":true,"DogsAllowed":false,"RestaurantsPriceRange2":2,"WiFi":"free"},"business_id":"dmQfEeWuKxn-9RxaDIEbEw","categories":["Hotels & Travel","Event Planning & Services","Hotels"],"city":"Stuttgart","hours":{"Friday":"9:00-18:00","Monday":"9:00-18:00","Saturday":"9:00-18:00","Thursday":"9:00-18:00","Tuesday":"9:00-18:00","Wednesday":"9:00-18:00"},"is_open":1,"latitude":48.74537,"longitude":9.10875,"name":"Commundo Tagungshotels","neighborhood":"","postal_code":"70569","review_count":23,"stars":3.0,"state":"BW"}
{"address":"Mercedesstr. 50","attributes":{"GoodForKids":true},"business_id":"yqkO3eKT4TucbRTG4rufOQ","categories":["Festivals","Music Venues","Arts & Entertainment","Hotels & Travel","Nightlife","Local Flavor","Tours"],"city":"Stuttgart","hours":{},"is_open":1,"latitude":48.7958841027,"longitude":9.2193464588,"name":"Stuttgarter Frühlingsfest","neighborhood":"","postal_code":"70372","review_count":11,"stars":4.0,"state":"BW"}
{"address":"Plieninger Str. 100","attributes":{"GoodForKids":true},"business_id":"0ACRYFhtWjcLvLw7jrwmdQ","categories":["Hotels & Travel","Arts & Entertainment"],"city":"Stuttgart","hours":{},"is_open":1,"latitude":48.7229062758,"longitude":9.1624642366,"name":"SI-Erlebnis-Centrum","neighborhood":"","postal_code":"70567","review_count":29,"stars":3.0,"state":"BW"}
{"address":"Sonnenhof 1","attributes":{"BusinessAcceptsCreditCards":false},"business_id":"n9_TozJk0XMDt7XnHQkMXA","categories":["Party & Event Planning","Event Planning & Services","Hotels","Agriturismi","Hotels & Travel","Caterers"],"city":"Stuttgart","hours":{"Friday":"9:00-19:00","Monday":"9:00-19:00","Saturday":"9:00-18:00","Sunday":"12:00-18:00","Thursday":"9:00-19:00","Tuesday":"9:00-19:00","Wednesday":"9:00-19:00"},"is_open":1,"latitude":48.85479,"longitude":9.2353,"name":"Der Sonnenhof","neighborhood":"","postal_code":"70378","review_count":12,"stars":4.0,"state":"BW"}
{"address":"Heilbronner Str. 325","attributes":{"BusinessAcceptsCreditCards":true,"RestaurantsPriceRange2":2,"WiFi":"free"},"business_id":"z3iPLJ4KXfO9WqCErFMN6Q","categories":["Event Planning & Services","Hotels & Travel","Hotels"],"city":"Stuttgart","hours":{},"is_open":1,"latitude":48.8164152,"longitude":9.1765732,"name":"Motel One Stuttgart","neighborhood":"","postal_code":"70469","review_count":29,"stars":4.0,"state":"BW"}
{"address":"Kronenstr. 48","attributes":{"BusinessAcceptsCreditCards":true,"RestaurantsPriceRange2":3,"WiFi":"free"},"business_id":"MH0oOCJ7DKnIJWwUQcohJw","categories":["Hotels","Hotels & Travel","Event Planning & Services"],"city":"Stuttgart","hours":{},"is_open":1,"latitude":48.785,"longitude":9.17493,"name":"Kronen-Hotel","neighborhood":"","postal_code":"70174","review_count":5,"stars":4.5,"state":"BW"}
{"address":"Siemensstr. 28","attributes":{"BusinessAcceptsCreditCards":true,"DogsAllowed":true,"RestaurantsPriceRange2":1,"WiFi":"free"},"business_id":"rxTnEQFpFzCtZpxZk2Tvqg","categories":["Event Planning & Services","Hotels & Travel","Hotels"],"city":"Stuttgart","hours":{},"is_open":0,"latitude":48.81122,"longitude":9.17886,"name":"Etap Hotel","neighborhood":"","postal_code":"70469","review_count":13,"stars":2.5,"state":"BW"}
{"address":"Heilbronner Str. 88","attributes":{"BusinessAcceptsCreditCards":true,"RestaurantsPriceRange2":2,"WiFi":"free"},"business_id":"wdFwvtVrHfEcy_Fgp0hM3Q","categories":["Hotels","Event Planning & Services","Hotels & Travel"],"city":"Stuttgart","hours":{},"is_open":1,"latitude":48.7929,"longitude":9.18203,"name":"Mercure Hotel Stuttgart City Center","neighborhood":"","postal_code":"70191","review_count":9,"stars":3.0,"state":"BW"}
{"address":"Elfenstr. 120","attributes":{"Alcohol":"beer_and_wine","BusinessParking":{"garage":false,"lot":false,"street":false,"valet":false,"validated":false},"OutdoorSeating":true},"business_id":"ReaPlORbBQ6UFErA2RDmxA","categories":["German","Hotels","Swabian","Event Planning & Services","Hotels & Travel","Restaurants"],"city":"Stuttgart","hours":{"Friday":"18:00-21:30","Monday":"18:00-21:30","Saturday":"18:00-21:30","Sunday":"12:00-15:00","Thursday":"18:00-21:30","Tuesday":"18:00-21:30","Wednesday":"18:00-21:30"},"is_open":1,"latitude":48.7344,"longitude":9.1528,"name":"Gasthof Riedsee","neighborhood":"","postal_code":"70567","review_count":8,"stars":3.5,"state":"BW"}
{"address":"Stadthotel Weinsberg, Grazer Str. 32","attributes":{"BusinessAcceptsCreditCards":false,"BusinessParking":{"garage":false,"lot":false,"street":false,"valet":false,"validated":false},"DogsAllowed":false,"OutdoorSeating":false,"RestaurantsAttire":"casual","RestaurantsDelivery":false,"RestaurantsGoodForGroups":true,"RestaurantsPriceRange2":2,"RestaurantsReservations":true,"RestaurantsTakeOut":true},"business_id":"MK9p_AJMDKYPgVDMzcwYaA","categories":["Event Planning & Services","Hotels","Hotels & Travel","Restaurants","Swabian","German"],"city":"Stuttgart","hours":{"Friday":"17:00-23:00","Monday":"17:00-23:00","Thursday":"17:00-23:00","Tuesday":"17:00-23:00","Wednesday":"17:00-23:00"},"is_open":1,"latitude":48.81,"longitude":9.16013,"name":"Restaurant Stadthotel Weinsberg","neighborhood":"","postal_code":"70469","review_count":5,"stars":4.0,"state":"BW"}
{"address":"Feuerbacher-Tal-Str. 200","attributes":{"Alcohol":"beer_and_wine","BusinessAcceptsCreditCards":true,"BusinessParking":{"garage":false,"lot":false,"street":false,"valet":false,"validated":false},"DogsAllowed":false,"GoodForMeal":{"breakfast":false,"brunch":false,"dessert":false,"dinner":false,"latenight":false,"lunch":false},"OutdoorSeating":true,"RestaurantsDelivery":false,"RestaurantsGoodForGroups":true,"RestaurantsPriceRange2":3,"RestaurantsReservations":true,"RestaurantsTakeOut":true,"WheelchairAccessible":true,"WiFi":"free"},"business_id":"L0qNkWj5aFvS3pJZ6r86cw","categories":["Swabian","Restaurants","Event Planning & Services","Hotels","Hotels & Travel"],"city":"Stuttgart","hours":{},"is_open":0,"latitude":48.7946,"longitude":9.14738,"name":"Landgasthof Wiesengrund","neighborhood":"","postal_code":"70469","review_count":8,"stars":4.0,"state":"BW"}
{"address":"Charlottenstr. 27","attributes":{"RestaurantsPriceRange2":1,"WiFi":"paid"},"business_id":"67jeCnMepcAkXC6CNzjgIQ","categories":["Event Planning & Services","Bed & Breakfast","Hotels & Travel","Hotels"],"city":"Stuttgart","hours":{},"is_open":1,"latitude":48.7740673,"longitude":9.1866478,"name":"Espenlaub","neighborhood":"","postal_code":"70182","review_count":6,"stars":3.5,"state":"BW"}
{"address":"Teinacher Str. 20","attributes":{"BusinessAcceptsCreditCards":true,"RestaurantsPriceRange2":2,"WiFi":"free"},"business_id":"ysOpSjbIjjT_t3_ahPqBHw","categories":["Event Planning & Services","Hotels","Hotels & Travel"],"city":"Stuttgart","hours":{},"is_open":1,"latitude":48.81022989,"longitude":9.2214748795,"name":"ibis Styles Stuttgart","neighborhood":"","postal_code":"70372","review_count":4,"stars":4.0,"state":"BW"}
{"address":"Veielbrunnenweg  3, Bad Cannstatt","attributes":{"GoodForKids":true},"business_id":"VDbamGPPVifw-ch6QJc7KA","categories":["Hotels & Travel","Public Transportation","Arts & Entertainment","Museums","Transportation"],"city":"Stuttgart","hours":{},"is_open":1,"latitude":48.7988,"longitude":9.21746,"name":"Straßenbahnwelt","neighborhood":"","postal_code":"70372","review_count":4,"stars":4.0,"state":"BW"}
{"address":"Großglocknerstr. 20","attributes":{"Ambience":{"casual":false,"classy":false,"hipster":false,"intimate":false,"romantic":false,"touristy":false,"trendy":false,"upscale":false},"BusinessAcceptsCreditCards":false,"BusinessParking":{"garage":false,"lot":false,"street":false,"valet":false,"validated":false},"DogsAllowed":false,"GoodForKids":true,"GoodForMeal":{"breakfast":false,"brunch":false,"dessert":false,"dinner":false,"latenight":false,"lunch":false},"HasTV":true,"OutdoorSeating":true,"RestaurantsAttire":"casual","RestaurantsDelivery":false,"RestaurantsGoodForGroups":true,"RestaurantsPriceRange2":2,"RestaurantsReservations":true,"RestaurantsTableService":true,"RestaurantsTakeOut":false,"WiFi":"no"},"business_id":"KSysuW2_P9G3O5R7CkeEnw","categories":["Greek","Restaurants","Hotels","Event Planning & Services","Hotels & Travel","German"],"city":"Stuttgart","hours":{"Friday":"17:00-22:00","Monday":"17:00-22:00","Saturday":"17:00-22:00","Sunday":"17:00-22:00","Thursday":"17:00-22:00","Tuesday":"17:00-22:00","Wednesday":"17:00-22:00"},"is_open":1,"latitude":48.7801,"longitude":9.25352,"name":"Restaurant Filoxenia","neighborhood":"","postal_code":"70327","review_count":3,"stars":4.0,"state":"BW"}
{"address":"Schwabenplatz 1","attributes":{"BusinessAcceptsCreditCards":true,"BusinessParking":{"garage":false,"lot":false,"street":false,"valet":false,"validated":false},"RestaurantsPriceRange2":2,"WheelchairAccessible":true},"business_id":"cuKjySqQGcyA7I52poammg","categories":["Food","Chocolatiers & Shops","Tea Rooms","Hotels & Travel","Coffee & Tea","Coffee & Tea Supplies","Delicatessen","Specialty Food"],"city":"Stuttgart","hours":{"Friday":"9:30-20:00","Monday":"9:30-20:00","Saturday":"9:30-20:00","Thursday":"9:30-20:00","Tuesday":"9:30-20:00","Wednesday":"9:30-20:00"},"is_open":1,"latitude":48.7304,"longitude":9.10973,"name":"Vaihinger Teeladen","neighborhood":"","postal_code":"70563","review_count":5,"stars":5.0,"state":"BW"}
{"address":"Marienplatz 8 - 10","attributes":{"BusinessAcceptsCreditCards":true,"DogsAllowed":false,"RestaurantsPriceRange2":2,"WiFi":"free"},"business_id":"yZWzBQAr0SSOomjjSXtZYw","categories":["Event Planning & Services","Hotels","Hotels & Travel"],"city":"Stuttgart","hours":{},"is_open":1,"latitude":48.763637,"longitude":9.167735,"name":"Hotel ibis Stuttgart Centrum","neighborhood":"","postal_code":"70178","review_count":8,"stars":3.0,"state":"BW"}
{"address":"Heilbronner Str. 4","attributes":{"BusinessAcceptsCreditCards":true,"DogsAllowed":true,"RestaurantsPriceRange2":2,"WiFi":"free"},"business_id":"3Sx5-RXJXDl_mHZvHxjiGA","categories":["Hotels & Travel","Event Planning & Services","Hotels"],"city":"Stuttgart","hours":{"Friday":"0:00-0:00","Monday":"0:00-0:00","Saturday":"0:00-0:00","Sunday":"0:00-0:00","Thursday":"0:00-0:00","Tuesday":"0:00-0:00","Wednesday":"0:00-0:00"},"is_open":1,"latitude":48.6954,"longitude":9.16841,"name":"ibis Stuttgart Airport Messe","neighborhood":"","postal_code":"70771","review_count":8,"stars":4.0,"state":"BW"}
{"address":"Brabandtgasse 2","attributes":{"BusinessAcceptsCreditCards":true,"RestaurantsPriceRange2":2,"WiFi":"free"},"business_id":"TbRpteREg6BjeM-iVP0Cgw","categories":["Hotels & Travel","Event Planning & Services","Hotels"],"city":"Stuttgart","hours":{},"is_open":1,"latitude":48.7017,"longitude":9.21338,"name":"Hotel Traube","neighborhood":"","postal_code":"70599","review_count":6,"stars":3.5,"state":"BW"}
{"address":"Willy-Brandt-Str. 30","attributes":{"BusinessAcceptsCreditCards":true,"DogsAllowed":true,"RestaurantsPriceRange2":3,"WiFi":"paid"},"business_id":"hb_Bz3lL_-KhJOWqvkHgGA","categories":["Hotels","Event Planning & Services","Hotels & Travel"],"city":"Stuttgart","hours":{"Friday":"12:00-0:00","Monday":"12:00-0:00","Saturday":"12:00-0:00","Sunday":"12:00-0:00","Thursday":"12:00-0:00","Tuesday":"12:00-0:00","Wednesday":"12:00-0:00"},"is_open":1,"latitude":48.7838,"longitude":9.188767,"name":"Le Méridien","neighborhood":"","postal_code":"70173","review_count":50,"stars":4.0,"state":"BW"}
{"address":"Solitude 1","attributes":{"GoodForKids":false},"business_id":"bOWxoiY4ePd8D3_-mW9seA","categories":["Landmarks & Historical Buildings","Castles","Hotels & Travel","Books","Mags","Music & Video","Arts & Entertainment","Shopping","Music & DVDs","Tours","Public Services & Government"],"city":"Stuttgart","hours":{"Friday":"10:00-12:00","Saturday":"10:00-12:00","Sunday":"10:00-16:00","Thursday":"10:00-12:00","Tuesday":"10:00-12:00","Wednesday":"10:00-12:00"},"is_open":1,"latitude":48.786842,"longitude":9.0843,"name":"Schloss Solitude","neighborhood":"","postal_code":"70195","review_count":29,"stars":4.5,"state":"BW"}
{"address":"Asperger Str. 3","attributes":{"Alcohol":"full_bar","Ambience":{"casual":false,"classy":false,"hipster":false,"intimate":false,"romantic":false,"touristy":false,"trendy":false,"upscale":false},"BusinessAcceptsCreditCards":true,"BusinessParking":{"garage":false,"lot":false,"street":false,"valet":false,"validated":false},"DogsAllowed":false,"GoodForMeal":{"breakfast":false,"brunch":false,"dessert":false,"dinner":false,"latenight":false,"lunch":false},"HasTV":true,"NoiseLevel":"average","OutdoorSeating":true,"RestaurantsAttire":"casual","RestaurantsDelivery":false,"RestaurantsPriceRange2":2,"RestaurantsReservations":true,"RestaurantsTakeOut":true},"business_id":"9u4tXKeS0S6tl3Zy0su99w","categories":["Restaurants","Pizza","Hotels","Hotels & Travel","Event Planning & Services","Italian","German"],"city":"Stuttgart","hours":{"Friday":"17:00-23:00","Monday":"17:00-23:00","Saturday":"17:00-23:00","Sunday":"17:00-23:00","Thursday":"17:00-23:00","Wednesday":"17:00-23:00"},"is_open":1,"latitude":48.8495,"longitude":9.15606,"name":"Pizzeria Hirsch da Lupo","neighborhood":"","postal_code":"70439","review_count":3,"stars":3.0,"state":"BW"}
{"address":"Freihofstr. 33","attributes":{},"business_id":"rlDFH2mkis7irm76-BTMXg","categories":["Travel Services","Hotels & Travel","Transportation"],"city":"Stuttgart","hours":{"Friday":"14:00-18:00","Monday":"14:00-18:00","Saturday":"10:00-13:00","Thursday":"14:00-18:00","Tuesday":"14:00-18:00","Wednesday":"9:00-13:00"},"is_open":1,"latitude":48.8470046,"longitude":9.1567394,"name":"DER Deutsches Reisebüro","neighborhood":"","postal_code":"70439","review_count":4,"stars":5.0,"state":"BW"}
{"address":"Zimmermannstr. 7 - 9","attributes":{"BusinessAcceptsCreditCards":true,"RestaurantsPriceRange2":2,"WiFi":"free"},"business_id":"lKlIOjtoyQotse3pZGp_lA","categories":["Hotels & Travel","Event Planning & Services","Hotels"],"city":"Stuttgart","hours":{"Friday":"0:00-0:00","Monday":"0:00-0:00","Saturday":"0:00-0:00","Sunday":"0:00-0:00","Thursday":"0:00-0:00","Tuesday":"0:00-0:00","Wednesday":"0:00-0:00"},"is_open":1,"latitude":48.77046,"longitude":9.1819,"name":"Abalon Hotel Ideal","neighborhood":"","postal_code":"70182","review_count":4,"stars":4.0,"state":"BW"}
{"address":"","attributes":{},"business_id":"GuMrmGhF_yY7Y9JDHqlsVg","categories":["Hotels & Travel"],"city":"Stuttgart","hours":{},"is_open":1,"latitude":48.7676,"longitude":9.16011,"name":"Schwabtunnel","neighborhood":"","postal_code":"70197","review_count":4,"stars":4.0,"state":"BW"}
{"address":"Plieninger Str. 101-107","attributes":{"BusinessAcceptsCreditCards":true,"DogsAllowed":true,"RestaurantsPriceRange2":3,"WiFi":"free"},"business_id":"czvBbsA02qiCyF5JlZPzfA","categories":["Hotels","Event Planning & Services","Hotels & Travel"],"city":"Stuttgart","hours":{},"is_open":1,"latitude":48.7238,"longitude":9.16177,"name":"SI-Suites","neighborhood":"","postal_code":"70567","review_count":10,"stars":4.5,"state":"BW"}
{"address":"Johannesstr. 28","attributes":{"RestaurantsPriceRange2":3,"WiFi":"free"},"business_id":"lZw9xc4h88Q8zLcM4hzn9A","categories":["Hotels & Travel","Event Planning & Services","Hotels"],"city":"Stuttgart","hours":{},"is_open":1,"latitude":48.777,"longitude":9.16196,"name":"Hotel Sautter","neighborhood":"","postal_code":"70176","review_count":6,"stars":3.0,"state":"BW"}
{"address":"Friedhofstr. 21","attributes":{"BusinessAcceptsCreditCards":true,"DogsAllowed":true,"RestaurantsPriceRange2":2,"WiFi":"free"},"business_id":"bXMATrPXSJNsJdu503_2rg","categories":["Hotels & Travel","Hotels","Event Planning & Services"],"city":"Stuttgart","hours":{"Friday":"0:00-0:00","Monday":"0:00-0:00","Saturday":"0:00-0:00","Sunday":"0:00-0:00","Thursday":"0:00-0:00","Tuesday":"0:00-0:00","Wednesday":"0:00-0:00"},"is_open":1,"latitude":48.7925616,"longitude":9.1867991,"name":"Best Western Hotel Stuttgart 21","neighborhood":"","postal_code":"70191","review_count":10,"stars":3.0,"state":"BW"}
{"address":"Inselbad 4","attributes":{"GoodForKids":true},"business_id":"-WB69WHshN1CvOGaKR3V2g","categories":["Active Life","Hotels & Travel","Swimming Pools"],"city":"Stuttgart","hours":{"Friday":"10:30-19:30","Monday":"10:30-19:30","Saturday":"10:30-19:30","Sunday":"10:30-19:30","Thursday":"10:30-19:30","Tuesday":"10:30-19:30","Wednesday":"10:30-19:30"},"is_open":1,"latitude":48.7787024716,"longitude":9.246340107,"name":"Inselbad Untertürkheim","neighborhood":"","postal_code":"70327","review_count":14,"stars":4.0,"state":"BW"}
{"address":"Vollmoellerstr. 5","attributes":{"BusinessAcceptsCreditCards":true,"RestaurantsPriceRange2":3,"WiFi":"free"},"business_id":"mxuwZcFe7rUC7doPDoBPPQ","categories":["Hotels","Hotels & Travel","Event Planning & Services"],"city":"Stuttgart","hours":{},"is_open":1,"latitude":48.7265054,"longitude":9.1112406,"name":"Pullman","neighborhood":"","postal_code":"70563","review_count":33,"stars":3.5,"state":"BW"}
{"address":"Steubenstr. 1","attributes":{"BusinessAcceptsCreditCards":false,"BusinessParking":{"garage":false,"lot":false,"street":false,"valet":false,"validated":false},"DogsAllowed":false,"OutdoorSeating":true,"RestaurantsDelivery":false,"RestaurantsPriceRange2":1,"RestaurantsTakeOut":false},"business_id":"7SIUaYCojsHTn3PN404lFA","categories":["Event Planning & Services","Hotels","Swabian","Restaurants","Hotels & Travel"],"city":"Stuttgart","hours":{"Friday":"17:00-21:30","Monday":"17:00-21:30","Thursday":"17:00-21:30","Tuesday":"17:00-21:30","Wednesday":"17:00-21:30"},"is_open":1,"latitude":48.7961,"longitude":9.20839,"name":"Zur Traube","neighborhood":"","postal_code":"70190","review_count":8,"stars":4.0,"state":"BW"}
{"address":"Schützenbühlstr. 16","attributes":{"DogsAllowed":true,"RestaurantsPriceRange2":1,"WiFi":"paid"},"business_id":"SB7aqYLcmkxH3bQg9asvSQ","categories":["Hotels & Travel","Hotels","Event Planning & Services"],"city":"Stuttgart","hours":{},"is_open":0,"latitude":48.83454,"longitude":9.16201,"name":"Golden Leaf Hotel Stuttgart Zuffenhausen","neighborhood":"","postal_code":"70435","review_count":7,"stars":2.5,"state":"BW"}
{"address":"Alexanderstr. 30","attributes":{},"business_id":"KfKUJwoXITFERSrqhtwVxA","categories":["Hostels","Hotels & Travel","Event Planning & Services","Hotels"],"city":"Stuttgart","hours":{},"is_open":1,"latitude":48.7741599,"longitude":9.1879405,"name":"Alex 30 Hostel","neighborhood":"","postal_code":"70184","review_count":7,"stars":3.5,"state":"BW"}
{"address":"Schockenriedstr. 50","attributes":{},"business_id":"Frv77cDSDo78OzSDITZfGg","categories":["Hotels & Travel","Train Stations","Transportation","Public Transportation"],"city":"Stuttgart","hours":{},"is_open":1,"latitude":48.725074,"longitude":9.129198,"name":"SSB","neighborhood":"","postal_code":"70565","review_count":8,"stars":4.0,"state":"BW"}
{"address":"Furtwänglerstr. 190","attributes":{"Alcohol":"beer_and_wine","Ambience":{"casual":false,"classy":false,"hipster":false,"intimate":false,"romantic":false,"touristy":false,"trendy":false,"upscale":false},"BusinessAcceptsCreditCards":false,"BusinessParking":{"garage":false,"lot":false,"street":false,"valet":false,"validated":false},"GoodForKids":true,"GoodForMeal":{"breakfast":false,"brunch":false,"dessert":false,"dinner":false,"latenight":false,"lunch":false},"NoiseLevel":"average","OutdoorSeating":true,"RestaurantsAttire":"casual","RestaurantsDelivery":false,"RestaurantsGoodForGroups":true,"RestaurantsPriceRange2":2,"RestaurantsReservations":true,"RestaurantsTakeOut":true,"WheelchairAccessible":false,"WiFi":"no"},"business_id":"qDBZgOyugt7RrWsZf-XfCw","categories":["Restaurants","Hotels & Travel","Hotels","Swabian","Event Planning & Services","Beer Garden"],"city":"Stuttgart","hours":{"Friday":"17:00-22:00","Monday":"17:00-22:00","Saturday":"17:00-22:00","Sunday":"12:00-22:00","Thursday":"17:00-22:00","Tuesday":"17:00-22:00"},"is_open":1,"latitude":48.78643,"longitude":9.13777,"name":"Reiterstüble Gasthaus","neighborhood":"","postal_code":"70195","review_count":22,"stars":5.0,"state":"BW"}
{"address":"Birkenwaldstr.","attributes":{},"business_id":"GVWo4NbfMjams2VzUfQTkQ","categories":["Landmarks & Historical Buildings","Hotels & Travel","Arts & Entertainment","Public Services & Government","Tours","Botanical Gardens"],"city":"Stuttgart","hours":{},"is_open":1,"latitude":48.7871100903,"longitude":9.1759443283,"name":"Chinesischer Garten","neighborhood":"","postal_code":"70174","review_count":16,"stars":4.0,"state":"BW"}
{"address":"Hasenbergstr. 49","attributes":{"RestaurantsPriceRange2":2,"WiFi":"free"},"business_id":"AXvZApfh1TA9XsKkhsq_0g","categories":["Event Planning & Services","Hotels","Hotels & Travel"],"city":"Stuttgart","hours":{},"is_open":1,"latitude":48.7732153,"longitude":9.1599538,"name":"Central-Classic","neighborhood":"","postal_code":"70176","review_count":6,"stars":4.0,"state":"BW"}
{"address":"Robert-Leicht-Str. 93","attributes":{"BusinessAcceptsCreditCards":true,"DogsAllowed":true,"RestaurantsPriceRange2":2,"WiFi":"free"},"business_id":"03RdFNkAXISiQ6sLndNRVg","categories":["German","Hotels & Travel","Hotels","Event Planning & Services","Restaurants"],"city":"Stuttgart","hours":{"Friday":"12:00-22:00","Monday":"12:00-22:00","Saturday":"12:00-22:00","Sunday":"12:00-22:00","Thursday":"12:00-22:00","Tuesday":"12:00-22:00","Wednesday":"12:00-22:00"},"is_open":1,"latitude":48.73887,"longitude":9.10672,"name":"Römerhof","neighborhood":"","postal_code":"70563","review_count":9,"stars":2.5,"state":"BW"}
{"address":"Mercedesstr. 75","attributes":{"BusinessAcceptsCreditCards":true,"RestaurantsPriceRange2":2,"WiFi":"free"},"business_id":"OHN--OfyGkK52LB2v6zSOA","categories":["Hotels","Hotels & Travel","Event Planning & Services"],"city":"Stuttgart","hours":{"Friday":"0:00-0:00","Monday":"0:00-0:00","Saturday":"0:00-0:00","Sunday":"0:00-0:00","Thursday":"0:00-0:00","Tuesday":"0:00-0:00","Wednesday":"0:00-0:00"},"is_open":1,"latitude":48.7929989,"longitude":9.2299806,"name":"Hilton Garden Inn Stuttgart Neckarpark","neighborhood":"","postal_code":"70372","review_count":22,"stars":4.0,"state":"BW"}
{"address":"Weberstr. 2","attributes":{},"business_id":"DSmRwf9YSO3mRTMpc-8a2g","categories":["Landmarks & Historical Buildings","Public Services & Government","Hotels & Travel","Parks","Active Life","Tours"],"city":"Stuttgart","hours":{},"is_open":1,"latitude":48.8050729511,"longitude":9.1713160032,"name":"Killesbergturm","neighborhood":"","postal_code":"70182","review_count":4,"stars":5.0,"state":"BW"}
{"address":"Neckarstr. 172","attributes":{"WiFi":"free"},"business_id":"420f5n7JrsFxDq4j_J2LkA","categories":["Hotels","Hotels & Travel","Event Planning & Services"],"city":"Stuttgart","hours":{},"is_open":1,"latitude":48.790524,"longitude":9.198174,"name":"Internationales Studentenhotel","neighborhood":"","postal_code":"70190","review_count":3,"stars":5.0,"state":"BW"}
{"address":"Vogelsangstr. 50","attributes":{"Alcohol":"full_bar","Ambience":{"casual":false,"classy":false,"hipster":false,"intimate":false,"romantic":false,"touristy":false,"trendy":false,"upscale":false},"BikeParking":false,"BusinessAcceptsBitcoin":false,"BusinessAcceptsCreditCards":true,"BusinessParking":{"garage":false,"lot":false,"street":false,"valet":false,"validated":false},"Caters":false,"DogsAllowed":false,"GoodForKids":false,"GoodForMeal":{"breakfast":false,"brunch":false,"dessert":false,"dinner":false,"latenight":false,"lunch":false},"HasTV":false,"NoiseLevel":"quiet","OutdoorSeating":true,"RestaurantsAttire":"casual","RestaurantsDelivery":false,"RestaurantsGoodForGroups":true,"RestaurantsPriceRange2":2,"RestaurantsReservations":true,"RestaurantsTableService":true,"RestaurantsTakeOut":true,"WheelchairAccessible":false,"WiFi":"no"},"business_id":"fQIhD9rSVsfDlevDa87w0g","categories":["Street Vendors","Restaurants","Hotels & Travel","Cafes","Swabian","Food"],"city":"Stuttgart","hours":{"Friday":"17:30-22:00","Monday":"17:30-22:00","Sunday":"17:30-22:00","Thursday":"17:30-22:00","Tuesday":"17:30-22:00","Wednesday":"17:30-22:00"},"is_open":1,"latitude":48.7740888661,"longitude":9.1523032951,"name":"Zum Spätzleschwob","neighborhood":"","postal_code":"70197","review_count":21,"stars":4.0,"state":"BW"}
{"address":"Lange Str. 49","attributes":{"BusinessAcceptsCreditCards":true,"DogsAllowed":true,"RestaurantsPriceRange2":2,"WiFi":"free"},"business_id":"r_TLWdKad1TZn4EZScdzzg","categories":["Event Planning & Services","Hotels & Travel","Hotels"],"city":"Stuttgart","hours":{"Friday":"0:00-0:00","Monday":"0:00-0:00","Saturday":"0:00-0:00","Sunday":"0:00-0:00","Thursday":"0:00-0:00","Tuesday":"0:00-0:00","Wednesday":"0:00-0:00"},"is_open":1,"latitude":48.7768,"longitude":9.1715,"name":"Hotel Wartburg","neighborhood":"","postal_code":"70174","review_count":12,"stars":3.0,"state":"BW"}
{"address":"Wiesbadener Str. 23","attributes":{"RestaurantsPriceRange2":2},"business_id":"hM6ivGeaFnF0U67B-0z07w","categories":["Event Planning & Services","Hotels","Hotels & Travel"],"city":"Stuttgart","hours":{"Friday":"9:00-19:00","Monday":"9:00-19:00","Saturday":"9:00-19:00","Thursday":"9:00-19:00","Tuesday":"9:00-19:00","Wednesday":"9:00-19:00"},"is_open":1,"latitude":48.8058,"longitude":9.22215,"name":"Hotel Wiesbadener Hof","neighborhood":"","postal_code":"70372","review_count":6,"stars":2.5,"state":"BW"}
{"address":"Sophienstr. 35","attributes":{"BusinessAcceptsCreditCards":true,"RestaurantsPriceRange2":3,"WiFi":"free"},"business_id":"abt4OGzqkisFz2533Iqskw","categories":["Event Planning & Services","Hotels","Hotels & Travel"],"city":"Stuttgart","hours":{"Friday":"0:00-0:00","Monday":"0:00-0:00","Saturday":"0:00-0:00","Sunday":"0:00-0:00","Thursday":"0:00-0:00","Tuesday":"0:00-0:00","Wednesday":"0:00-0:00"},"is_open":1,"latitude":48.7733,"longitude":9.17207,"name":"Hotel Royal","neighborhood":"","postal_code":"70178","review_count":13,"stars":4.0,"state":"BW"}
{"address":"Presselstr. 15","attributes":{"BusinessAcceptsCreditCards":true,"DogsAllowed":true,"RestaurantsPriceRange2":2,"WiFi":"free"},"business_id":"hpCzxncYTTYkAsum_Ht4nw","categories":["Hotels & Travel","Event Planning & Services","Hotels"],"city":"Stuttgart","hours":{},"is_open":1,"latitude":48.801,"longitude":9.18447,"name":"ibis Stuttgart City","neighborhood":"","postal_code":"70191","review_count":15,"stars":3.5,"state":"BW"}
{"address":"Arnulf-Klett-Platz 2","attributes":{},"business_id":"7M4wi8ipI128SvKexpLlpQ","categories":["Buses","Train Stations","Hotels & Travel","Public Transportation","Transportation"],"city":"Stuttgart","hours":{"Friday":"0:00-0:00","Monday":"0:00-0:00","Saturday":"0:00-0:00","Sunday":"0:00-0:00","Thursday":"0:00-0:00","Tuesday":"0:00-0:00","Wednesday":"0:00-0:00"},"is_open":1,"latitude":48.783214,"longitude":9.182269,"name":"Stuttgart Hauptbahnhof","neighborhood":"","postal_code":"70173","review_count":67,"stars":3.0,"state":"BW"}
{"address":"Bärenstr. 2","attributes":{"Alcohol":"beer_and_wine","Ambience":{"casual":false,"classy":false,"hipster":false,"intimate":false,"romantic":false,"touristy":false,"trendy":false,"upscale":false},"BusinessAcceptsCreditCards":true,"BusinessParking":{"garage":false,"lot":false,"street":false,"valet":false,"validated":false},"DogsAllowed":false,"GoodForKids":true,"GoodForMeal":{"breakfast":false,"brunch":false,"dessert":false,"dinner":false,"latenight":false,"lunch":false},"HasTV":false,"NoiseLevel":"average","OutdoorSeating":true,"RestaurantsAttire":"casual","RestaurantsDelivery":false,"RestaurantsGoodForGroups":true,"RestaurantsPriceRange2":2,"RestaurantsTableService":true,"RestaurantsTakeOut":false,"WiFi":"no"},"business_id":"h41Th7Z0Tc4_PyTSuOKG8Q","categories":["Mediterranean","German","Hotels","Event Planning & Services","Nightlife","Hotels & Travel","Bars","Restaurants","Steakhouses","Wine Bars"],"city":"Stuttgart","hours":{"Friday":"11:00-0:00","Monday":"11:00-0:00","Saturday":"11:00-0:00","Thursday":"11:00-0:00","Tuesday":"11:00-0:00","Wednesday":"11:00-0:00"},"is_open":1,"latitude":48.7758,"longitude":9.17888,"name":"Restaurant Arche","neighborhood":"","postal_code":"70173","review_count":19,"stars":3.5,"state":"BW"}
{"address":"Flughafenstr. 51","attributes":{"BusinessAcceptsBitcoin":false,"BusinessAcceptsCreditCards":true,"DogsAllowed":true,"RestaurantsPriceRange2":3,"WiFi":"free"},"business_id":"nH1n-Wh-H3TdEA0oZxzPSg","categories":["Hotels & Travel","Event Planning & Services","Hotels"],"city":"Stuttgart","hours":{},"is_open":1,"latitude":48.6922,"longitude":9.19399,"name":"Wyndham Stuttgart Airport Messe","neighborhood":"","postal_code":"70629","review_count":6,"stars":3.5,"state":"BW"}
{"address":"Wyndham Stuttgart Airport Messe, Flughafenstr. 51","attributes":{"BusinessAcceptsCreditCards":true,"BusinessParking":{"garage":false,"lot":false,"street":false,"valet":false,"validated":false},"DogsAllowed":true,"RestaurantsGoodForGroups":true,"RestaurantsPriceRange2":3,"WheelchairAccessible":true,"WiFi":"paid"},"business_id":"5_657xsbotTBYM1KpJpWkw","categories":["Hotels","Restaurants","Food","Event Planning & Services","Hotels & Travel","Brasseries"],"city":"Stuttgart","hours":{},"is_open":1,"latitude":48.6927,"longitude":9.19414,"name":"Franke Brasserie Bar & Lounge","neighborhood":"","postal_code":"70629","review_count":5,"stars":2.0,"state":"BW"}
{"address":"","attributes":{},"business_id":"M06C3XJ4uTu6Wtvq3j_yvg","categories":["Transportation","Public Transportation","Hotels & Travel"],"city":"Stuttgart","hours":{},"is_open":1,"latitude":48.7754181,"longitude":9.1817588,"name":"Verkehrs- und Tarifverbund Stuttgart","neighborhood":"","postal_code":"","review_count":5,"stars":2.5,"state":"BW"}
{"address":"Am Kochenhof 16","attributes":{"BusinessParking":{"garage":false,"lot":false,"street":true,"valet":false,"validated":false},"GoodForKids":true,"WheelchairAccessible":true},"business_id":"GzY8Rpgr1_XxFuqyagR9Bg","categories":["Active Life","Parks","Hotels & Travel"],"city":"Stuttgart","hours":{},"is_open":1,"latitude":48.8053201779,"longitude":9.1725335643,"name":"Killesberg","neighborhood":"","postal_code":"70192","review_count":26,"stars":4.5,"state":"BW"}
{"address":"Johannesstr. 2","attributes":{"RestaurantsPriceRange2":2,"WiFi":"free"},"business_id":"e5LSr-a8uLhXy6X0qvUGwg","categories":["Hotels","Hotels & Travel","Event Planning & Services"],"city":"Stuttgart","hours":{},"is_open":1,"latitude":48.7739,"longitude":9.16449,"name":"Am Feuersee","neighborhood":"","postal_code":"70176","review_count":4,"stars":3.5,"state":"BW"}
{"address":"Württembergstr. 340","attributes":{"GoodForKids":true},"business_id":"iiP_R9ppkRnrVTaFabMqsw","categories":["Hotels & Travel","Tours","Public Services & Government","Arts & Entertainment","Castles","Landmarks & Historical Buildings"],"city":"Stuttgart","hours":{},"is_open":1,"latitude":48.78138,"longitude":9.26886,"name":"Grabkapelle Württemberg","neighborhood":"","postal_code":"70327","review_count":32,"stars":4.5,"state":"BW"}
{"address":"Burgunderstr. 39","attributes":{},"business_id":"DvUdNJ4FXs3pxmlIk6C3ng","categories":["Hotels & Travel","Transportation"],"city":"Stuttgart","hours":{},"is_open":1,"latitude":48.8295,"longitude":9.16829,"name":"Meinfernbus.de","neighborhood":"","postal_code":"70435","review_count":3,"stars":2.5,"state":"BW"}
