{"business_id":"-5OGnkKlP5nECa5rp6E1gg","cool":1,"date":"2011-08-17","funny":0,"review_id":"0ZvlDhORLDokMOgWVfP0dQ","stars":5,"text":"We moved to the Madison area a little over a year ago. I had very frightening dental experiences as a child, and therefor  have not taken the best care of my teeth as an adult, avoiding dentists at all costs. When I met Dr. Ducommun at a women's expo in Madison, I liked his demeanor, and his assistant seemed very nice as well. They were offering a free whitening service if I signed up for an exam, so I did. I surprised myself and actually went to the exam! The difference between this Dentist and others who claim to be \"no fear\" is that Dr. Ducommun actually takes the time and LISTENS to what your unique fear is, and comes up with possible solutions, letting YOU be in control. I went in for a filling and a crown. I am so surprised at myself but happy that I tooK the leap of faith and trusted him and his assistant. My husband lost his job soon after that and we had to move to Fort Wayne because that is where my husband found work. But as soon as were are finished paying for the crown that I have, I am taking the trip back to WI to have the rest of my work done. It may sound crazy but yes, they are THAT good.","useful":2,"user_id":"mtVmCgxYM9DKL7y7nESB_A"}
{"business_id":"-5OGnkKlP5nECa5rp6E1gg","cool":3,"date":"2013-04-21","funny":5,"review_id":"1VN6EZYZz0Rq7jpf3h7duA","stars":5,"text":"The dentist I had before going to Madison No Fear was like Orin Scrivello from Little Shop of Horrors, so I was just terrified when went in for my first visit. I expressed my irrational concerns to the staff and they were more than accommodating during my procedure. I had plenty of ibuprofen, novocaine, and nitrous. They also offered me a fuzzy blanket (lol) and headphones...and a television to distract me while they drilled into my teeth. Going to the dentist reduces me to a pathetic, whimpering, stressed-out...thing, but their efforts to help me get through it were above and beyond anything I expected. For my inevitable next few visits, they've offered me full sedation, which I think is fantastic. Obviously it's a bit steeper in price, but I think it's worth it--especially if you're like me and you have an irrational fear of the dentist.\n\nOh yeah and they have cookies.","useful":8,"user_id":"GrQzEG9PlNx9DkgBvgWfaw"}
{"business_id":"-5OGnkKlP5nECa5rp6E1gg","cool":2,"date":"2014-12-08","funny":1,"review_id":"c2ODMybBIoPMmn2w672p3A","stars":3,"text":"I didn't really care for my dentist (mostly the hygienist) that I had been seeing at another clinic, so I decided to try out Madison No Fear Dentistry. The staff there are very nice - took the time to get to know you, and discussed your fears or why you don't like going to the dentist.  I got my teeth cleaned and had some X-rays done and had them check out a tooth that had been bothering me. \nThey have a lot of new high tech equipment there, which is cool - BUT most insurances don't cover the imaging and special things that they can do.  The tooth that I had them look at was an infected root canal which they wanted to take this special imaging of, it was going to cost several hundred dollars.  They said that they couldn't do anything further until I had this special X-ray. I went to another specialist who was able to look at a basic X-ray that was taken and was able to provide treatment.\nAlso when I was at Madison No Fear Dentistry they told me I really needed to replace my silver fillings with white ones.  I'm sorry - but I'm not fixing what isn't broken!  They were wanting me to do all this dental work, and have these high tech things done, which I felt were not highly necessary.","useful":8,"user_id":"QEkgYrrUEPJJbiUCLqf0fg"}
{"business_id":"-5OGnkKlP5nECa5rp6E1gg","cool":0,"date":"2014-11-06","funny":1,"review_id":"Y9BYOqtDvVFCzUL1poNbCg","stars":1,"text":"I've never had tooth sensitivity until Dr. Caitlin Kudlata incompetently worked on a filling. Afterwords, not only do I have serious cold/hot sensitivity, Dr. Kudlata has the nerve to blame me for my tooth's continued sensitivity! She now asserts that I grind my teeth, and that supposedly is the reason for the sensitivity. WRONG. Dr. Kudlata-YOU are the reason. You did a poor job on the filling the first time, which is why you had to fix it a few months later. Now, a month or so after the second go-around, there is still no improvement in the tooth's sensitivity. (Probably because you did a piss-poor job again) Now, after another visit, Dr. Kudlata recommends a $1300 crown for my tooth that isn't covered by my State benefits.  Seriously?!  You ruined my tooth/filing, now you want to charge me $1300 to fix your mistake??!  Not. Gonna. Happen. I'm finding a new dentist. RUN from this dental practice if you can!  At the very least, RUN from Dr. Caitlin Kudlata.  She's incompetent and deceitful.","useful":4,"user_id":"QvFcgIDFxSJG-_8eQzmB0g"}
{"business_id":"-5OGnkKlP5nECa5rp6E1gg","cool":0,"date":"2016-12-28","funny":0,"review_id":"iiI5N84fvFESP9G2dq6xIg","stars":5,"text":"Best. Dental. Experience. EVER! I had sort of an emergency and these wonderful people got me in the same day, made me feel comfortable and as relaxed as possible. They gained a new patient with me!","useful":0,"user_id":"PzPBLujKVtrFW2byHqS7xw"}
{"business_id":"-5OGnkKlP5nECa5rp6E1gg","cool":0,"date":"2014-08-04","funny":0,"review_id":"DkZ_skhZZGBZhVTAyqkLKA","stars":5,"text":"After visiting a different dentist and basically giving up all hope of being able to afford quality care I remembered previously meeting Doctor Dave.  I remembered him to be a really good guy so I figured why not see what he had to offer.  From the moment I walked in I felt valued, not only as a potential client, but as a person.  \nI explained my needs to Doctor Dave and he was very understanding. I never felt judged for my (mostly self-imposed) dental dilemma or my tight finances.  He took the time to explain all of my options and even suggested that I break up some of the treatments in order to allow my insurance to better meet my needs.  I left that day with tears of hope in my eyes.  They have been my dentist ever since and I am pleased beyond words with the care they have given.  I went back today and they seemed genuinely glad to see me.  And again, the care was exceptional.","useful":1,"user_id":"q1FV33_FTVFaGDkZBCFXYw"}
