{"business_id":"-s0hj4sFpC6HEdtiMjVAIA","cool":1,"date":"2017-06-05","funny":0,"review_id":"UJlbwiPZQIDg5qbBH32Y0A","stars":5,"text":"I can't express how ecstatic I am after being treated by Dr. Mark Emmerich for a ruptured disc that occurred after some heavy landscape work.  Dr. Mark was able to use his flexion distraction table as well as other techniques to literally make my back pain free.  It took about five months and was worth every visit.  Over six months later, I am still free of pain which at the time of the injury was excruciating and I was set to have a surgical consult but I am so grateful that this worked for me instead!  Dr. Mark is very calm and gentle which I very much appreciate.  I never felt rushed and rarely had to wait long.  I highly recommend him!","useful":0,"user_id":"0gHZ4BZqXjjZh6eVOR07dA"}
{"business_id":"-s0hj4sFpC6HEdtiMjVAIA","cool":0,"date":"2016-09-27","funny":0,"review_id":"cHlIp2u2_q6h2AdF8B5tog","stars":1,"text":"Past due review as this happened 5 years ago. I scheduled my first appointment to Emmerich Chiropratic ahead of time and showed up 5-10 min before my scheduled appointment. I walked in with a fellow new client, but she was a walk-in and without an appointment. She did speak to the receptionist first and they agreed that they had time to see her and then they subsequently checked me in. We both sat in the waiting area as they were still seeing the earlier appointment. All was well, but it became an aggravating experience when they saw the walk-in next and before me. I spoke to the receptionist as I continued to wait and questioned why the walk-in client was seen first and she clarified that she was a new client. I reminded her that I was a new client, too, but with a scheduled appointment.\n\nI did continue to wait and eventually saw Dr. Emmerich. At this point he was running too far behind schedule and didn't have time to deliver my full appointment. I had x-rays done and answered his preliminary questions, but received no adjustments or any of his personal analysis. I had seen a chiropractor in a previous city, so when the Dr. was ending the appointment I inquired if this was a typical first appointment and he confirmed it was not, but what he had the time for with the over scheduling and that we could resume on my next appointment. I asked if I was going to be charged for a second appointment if it was only going to be the 2nd half of this appointment. Dr. Emmerich did allow me to explain my frustration further and agreed I was due a refund, which was promptly issued. Needless to say, I did not return and found chiropractic services elsewhere.","useful":0,"user_id":"1zK6xNRe57roxDzdQ4BiUQ"}
{"business_id":"-s0hj4sFpC6HEdtiMjVAIA","cool":0,"date":"2017-07-08","funny":0,"review_id":"2Lm8SUinD-KVerUG73YiUQ","stars":5,"text":"I've seen Dr. Amanda on multiple occasions and am never disappointed! She is super friendly and knowledgeable, listening well to what hurts and where. I have a lot of aches and pains from being a full-time graduate student, who spends much of her time stressing and slouching over a desk. Dr. Amanda's adjustments have been so beneficial in decreasing the amount of tension-headaches I experience and I always feel like a weight has been lifted off of my entire body when I leave her office. Highly recommend!","useful":0,"user_id":"4Xyc8txRj-vejwcPY6rooQ"}
