{"business_id":"-8lx51-dbVuf0gXWSUqvdA","cool":1,"date":"2013-05-31","funny":0,"review_id":"JO7vP6Wdl4xnF9nqVhor3A","stars":5,"text":"I could have stayed here all day.  I agree with another reviewer ... homeopathic heaven!","useful":0,"user_id":"on-VMgwaSmhha09Kcxxkdw"}
{"business_id":"-8lx51-dbVuf0gXWSUqvdA","cool":0,"date":"2008-04-28","funny":0,"review_id":"LKlEGjbmduo2Z3m_pmv5HQ","stars":4,"text":"Why give a review to a pharmacy? Well, it's both a pharmacy (good and vital in and of itself) and also a store providing a great variety of health goods, sodas, candles, and plenty of other gifts. It may not be the top attraction for people exploring the State Street area, but it's still neat, and for those who live in Madison, you'll definitely want to make it a point to come here.","useful":0,"user_id":"JrfE-SjEW0R2f2YkeSGo7g"}
{"business_id":"-8lx51-dbVuf0gXWSUqvdA","cool":1,"date":"2015-07-07","funny":0,"review_id":"ZxAGjcXZWDla_tU6KcGKTQ","stars":5,"text":"I need to take a moment right now and give a shout out to the wonderful men and women who work at the Community Pharmacy. You guys rule!!!!!!!!!!!!!!! I have lived in Madison since 1991 and I've been a customer at the Comm Pharm since 1996. To say I'm a huge fan would be an understatement. Please allow me to explain why.\n\nThe basics: the store setup is great, very intuitive. I never have to wander around wondering where things might be. It's clearly organized/labeled plus any one of their extremely friendly, knowledgeable and helpful staff would be there in a heartbeat if they saw you doing any kind of confused wandering.\n\nProducts: They carry an incredible stock of pretty much all things you could ever need. Supplements? Yeah! Chinese herbs? Yep! Natural soaps for sensitive skin? Sure thing! Lube? Mmm hmm! Yummy chocolates? You bet! And the list goes on. And be sure not to miss out on Thrifty Thursday!\n\nEnvironment & Staff:  The atmosphere is very laid back and comfortable all the while being very professional. I have such the utmost confidence in the staff at Comm Pharm. They are so passionate & informed and they truly care about their customers well being. And they are employee owned so they are like a big family which I believe serves them well.\n\nI've gone to Comm Pharm for many needs over the years - my own personal needs, pet needs, kid needs - you name it. And I have never left unhappy or confused as to what to do. They find a solution and if they can't find it right away, they will research it for you and get back to you. Incredible! So thank you, Community Pharmacy - to Jackie & Laura & Day & Julie & Scott & Lobo & Flormarie and so many more! Thank you for all that you do!!!","useful":3,"user_id":"I56E92RKWGt8ECdpGVcURA"}
{"business_id":"-8lx51-dbVuf0gXWSUqvdA","cool":1,"date":"2011-09-02","funny":3,"review_id":"8BpzSzL7r2WRifEULgSNjw","stars":4,"text":"I went here yesterday for the first time looking for a specific product that only they carry in the Madison area.  It's definitely a fun little shop to look around in.  They have just about anything and everything you could be looking for naturopathic.   Basically I was like a gigantic child sneaking around touching and smelling everything.  They probably didn't appreciate that.  However,  I didn't break stuff and run up and down the aisles screeching.","useful":0,"user_id":"L-IwJ7QPpg381tOfl61x7A"}
{"business_id":"-8lx51-dbVuf0gXWSUqvdA","cool":1,"date":"2011-08-03","funny":0,"review_id":"UCrfoouA1G7l6GXcc6zrjQ","stars":5,"text":"Best. Pharmacy. Ever. I missed it so when I have lived elsewhere in the state and country - there is nothing else like it!\n\nHere's what you can get there:\nbulk herbs, bulk tea, bulk lotion & shampoo, bug spray, bandages, natural dried plants to wash your clothes with, cloth menstrual pads, AMAZING chocolate selection, healthy snacks and drinks, soap! (hundreds of 'em and many are locally made!), candles, vitamins, brilliant books and magazines, prescriptions, the regular drug store over-the-counter stuff, wonderful body care products. And on and on... \n\nOoh, don't forget this place if you need a unique non-Hallmark card for any occasion.\n\nThe staff is stunning and smart and really wants to help you - genuinely!\n\nI heart Community Pharmacy!","useful":1,"user_id":"UB12Ui0zvfdhatyis45Gkg"}
{"business_id":"-8lx51-dbVuf0gXWSUqvdA","cool":0,"date":"2012-11-26","funny":0,"review_id":"VrsHdTvQfN6we7KONFH6KQ","stars":4,"text":"Great selection of alternative health and beauty products. I especially like that they stock earth-friendly menstrual products. I was also able to buy henna hair dye by the ounce, which kept the price very low and allowed me to get the exact amount I needed!","useful":0,"user_id":"PeL8LtaCVsyvSi9129-4OA"}
{"business_id":"-8lx51-dbVuf0gXWSUqvdA","cool":0,"date":"2012-11-08","funny":0,"review_id":"4pKoAMfkzGwKhtZsEDF-rw","stars":4,"text":"My biggest problem with Community Pharmacy is that it is not open Sundays -  I think this i just ridiculous and a very stupid business move.  Sometimes the only day I am not working is a Sunday. I am sure many people feel this way and are equally frustrated by it.  Also parking can be absolutely impossible sometimes.  The other day I was there and the whole area was blocked off, no parking anywhere.  Be prepared to pay for parking - bring change!  \n\nOtherwise best selection of supplements, vitamins, loose herbs/teas in town, super prices and they give a senior discount plus the 15% day the last Thursday of the month.  Also you can order just about anything and there is no shipping charge and they will let you return it  for a full refund if it doesn't work out!!!\n\nVery well staffed, staff very knowledgeable and helpful.  They will return anything with a  receipt and sometimes without but for a merchandise credit, which is very helpful for me because I am allergic to just about everything so many times will buy a lotion or cosmetic and have to return it.","useful":0,"user_id":"waFwOd9hUHYYM5eaFkhK2A"}
{"business_id":"-8lx51-dbVuf0gXWSUqvdA","cool":0,"date":"2010-05-04","funny":0,"review_id":"rT6dQ3WlL6fwB0KF-gXN7w","stars":5,"text":"i am embarrassed to say that i've lived here for 2 years now and have not given this place a shot until yesterday. don't worry, i'm a believer now.\n\ni've been getting frustrated with the tiny selection of natural/cruely free products at woodman's and target... i mean, at least they're trying (and that's good), but they could do better. yesterday target was out of the conditioner i wanted, so i decided to stop into the community pharmacy. \n\nwow, the selection is great! the prices are really fair and the staff are super nice. i will definitely be returning.","useful":1,"user_id":"vO1a12SLh9EgKLnEw9vkcg"}
{"business_id":"-8lx51-dbVuf0gXWSUqvdA","cool":0,"date":"2009-08-19","funny":0,"review_id":"RgBXdrjGWyfJ8-F-a2lLwQ","stars":5,"text":"The best pharmacy I have ever been to hands down. Perfect blend of allopathic and alternative, with plenty of helpful expert advice to go around.","useful":0,"user_id":"oP3C0lGqL3CljOIcB9kVOA"}
{"business_id":"-8lx51-dbVuf0gXWSUqvdA","cool":3,"date":"2012-10-08","funny":0,"review_id":"uMbEtOP3tnhZ1xTEV6aQbQ","stars":5,"text":"The staff is very helpful at suggesting things that might help. If western medicine isn't doing enough for you  give this place a try. \n\nBest place to buy greeting cards ( especially postcards)  in Madison !","useful":2,"user_id":"tG5s3vgVpHun0unatapjMg"}
{"business_id":"-8lx51-dbVuf0gXWSUqvdA","cool":4,"date":"2013-05-30","funny":2,"review_id":"e-fW4o0PCm8adJoPE1qpyg","stars":5,"text":"In your hour of snot-filled need save some time; skip the medicine dances and trips to the drug store for more Kleenex because Community Pharmacy has every antidote you need. The staff is kickass and has solved every headache, flu, weird rash (I won't go into those), and inexplicable itch I've encountered in 4+ years in Madison. If you want a natural cure to what ails you, this is the absolute best place to go.","useful":4,"user_id":"RTWsMisf73pGnbagf1vmvg"}
{"business_id":"-8lx51-dbVuf0gXWSUqvdA","cool":1,"date":"2015-09-30","funny":0,"review_id":"YlBlMoT_59xwIt8qC_jFzw","stars":5,"text":"LOVE, LOVE, LOVE this place.  I started coming here after my other independent pharmacy closed due to a chain moving into the area.  Well worth the drive and parking.  When I walk in, there is always a friendly staff member with a beaming smile to welcome me.  Pharmacists and techs are very helpful, knowledgable, and seem to care about their customers' health.  They check each prescription and take time out to thoroughly respond to questions.  They call in my refills so one less step for me.  They let me know if pills will appear differently, and check if any prescriptions are new for me.  There are also separate staff members who are devoted to answering questions about vitamins and herbal supplements.  Nice selection of various natural hygiene products.  Great selection of teas, including bulk.  This is a co-op and workers seem to be happy there.  Since this is a small pharmacy, it's important to call in prescriptions ahead of time to ensure there is stock on hand.  Traditional Western medicine has not worked well for my chronic health issues, and at least some natural approaches with less chemicals do.  Community Pharmacy has helped me learn more about different grades of vitamins so I know which are best to invest my money on.","useful":0,"user_id":"miHaLnLanDKfZqZHet0uWw"}
{"business_id":"-8lx51-dbVuf0gXWSUqvdA","cool":0,"date":"2009-04-20","funny":0,"review_id":"yEFRWuGeB1Qj_gdvBvVO1Q","stars":5,"text":"Not sure what more to add than the staff is extremely knowledgeable and helpful.  I have been using the pharmacy services for almost 2 decades.  They will go above and beyond for their customers if it's needed.  I can't imagine going to a chain Rx after having had this kind of nice personal service.  Oh and they are the first place I look for uncommon brands of health supplies.  They can't be found at wa_-__rt.","useful":0,"user_id":"m9XWmZuBnTP99o3VrRFS4A"}
{"business_id":"-8lx51-dbVuf0gXWSUqvdA","cool":0,"date":"2017-01-04","funny":0,"review_id":"MxXuhEJ2At_sU2KXTulYbw","stars":5,"text":"If you love alternative medicine and want to talk to true professionals in the field, this is the place for you. \n\nThey have herbalists and pharmacists working together to create healthy choices for maintaining your health.\n\nLoads of essential oils, pressed herbs, literature and all your organic health needs.","useful":0,"user_id":"YZ7_ROsMiNy_RLokJpwKfg"}
{"business_id":"-8lx51-dbVuf0gXWSUqvdA","cool":1,"date":"2014-01-04","funny":0,"review_id":"2RpscmmsnQSxry-J14xG1A","stars":5,"text":"I've been in Portland, OR for a couple years but when I was a UW student, this was my pharmacy. I still think about it from time to time because I wish we had something like this here in Portland. They have a fantastic selection of alternative products, very friendly and helpful staff, a relatively convenient location, and they're a co-op! It's a pretty unique establishment as far as I can tell. If you live in the area, don't miss the chance to make this place your pharmacy.","useful":0,"user_id":"1IJsKjFbByWzqC94cMN-oQ"}
{"business_id":"-8lx51-dbVuf0gXWSUqvdA","cool":0,"date":"2016-08-05","funny":0,"review_id":"yNkbpTbPt31WAmQe327LYg","stars":5,"text":"Can I give 6 stars..?\n\nI love this store. It's always a stop when I visit Madison and hit up State St. The aura and aroma the moment you walk in is immediately welcoming and lovely. \n\nIt's totally a hidden gem, because for this quality, these prices are really good. \n\nThey have everything. You want natural products and ingredients? Done. Which system of the body you want to focus on? They got em all. Great options of tooth paste, and you can stock up on any essential oils or tinctures or the like; they even have an option to fill your very own bottles in the store.\n\nIf you like words like Holistic, Natural, Homeopathic,  Organic, and the like, then this is your stop. I highly recommend this place if you care about what you put on your body.\n\nVery sad to hear their business has been slow. I just bought 5 hair products, and it was only $48. These same products would be closer to $125 if it were in similar store in Los Angeles.\n\nKeep this store alive on State St! Too many cool things are already gone..","useful":1,"user_id":"RO4swmFZ9lU3UKbIFK3PVQ"}
{"business_id":"-8lx51-dbVuf0gXWSUqvdA","cool":0,"date":"2016-09-12","funny":0,"review_id":"61iO5Mhhfk-Jk9I_F535jQ","stars":5,"text":"Simply put: the coolest pharmacy ever. Locally owned, awesome, and perfectly located just off of State Street on Gorham.","useful":0,"user_id":"cO9UXUd8XjyGkwGwshPFNA"}
{"business_id":"-8lx51-dbVuf0gXWSUqvdA","cool":0,"date":"2008-11-17","funny":0,"review_id":"C3jXgO4ISMxvaBtwuxfg6w","stars":5,"text":"I have never used the pharmacy services but I've purchased stuff from the retail area. They mostly focus on natural/organic/homeopathic stuff but they also have a few conventional choices to choose from. They have a very large supplements section, shampoo/body care section, and sexual health section. A great place to shop if you're interested in natural & herbal products.","useful":0,"user_id":"fJ_qSZH_akvWzHUPMqab1g"}
{"business_id":"-8lx51-dbVuf0gXWSUqvdA","cool":1,"date":"2014-02-28","funny":0,"review_id":"eCXcW3DTkmp-Fe4k5R11Mw","stars":5,"text":"Community Pharmacy is such a lovely place. The staff is friendly and knowledgeable.They have a great selection of supplements and natural products. They also have a pretty good selection of herbs, tinctures and teas. I've never had a prescription filled there, but I'm sure that pharmacists are as nice as the rest of the staff.  \n\nThe last Thursday of the month is \"Thrifty Thursday\", which means you get 15% off your purchase. Which is a great deal considering their prices are already reasonable.\n\nStop in and you'll never want to go to a Walgreen's again.","useful":1,"user_id":"_UrgR8x-enYzt-XgnjJ3wQ"}
{"business_id":"-8lx51-dbVuf0gXWSUqvdA","cool":2,"date":"2013-07-02","funny":0,"review_id":"hRPQW9yhNAHsg0CrK57QOQ","stars":4,"text":"I love visiting Community Pharmacy. They have a great selection of natural products and super friendly staff who are always willing to help you find the right product.\n\nThey also offer a good assortment of healthy snacks and natural beverages.\n\nMake sure to visit on Thrifty Thursdays for a discount!","useful":3,"user_id":"TQANOs9Q5DpFJgE-BzPi_Q"}
{"business_id":"-8lx51-dbVuf0gXWSUqvdA","cool":0,"date":"2015-10-03","funny":0,"review_id":"JML9zy4L5tUqKOXhCDcGjA","stars":4,"text":"Looking for a specific herb that you can't find anywhere else? Chances are, they have it! I spent two weeks looking for a specific product before I was referred to this location. Can't wait to make it back when I have more time to look around!","useful":0,"user_id":"1Dj1VmFzA-t9fT8d4ExJAA"}
{"business_id":"-8lx51-dbVuf0gXWSUqvdA","cool":1,"date":"2008-09-04","funny":0,"review_id":"os8v-OrX0CaYRHxRhB-Sxg","stars":5,"text":"Really, though, what's not to love about Community Pharmacy?  They've got all the herbal/natural stuff possible for your health/eating/drinking/reading/bath time needs.  It's a fun store to look around in, even if you're not going to buy anything.","useful":2,"user_id":"3L7nHnaeSHSdZXzV_vdvAQ"}
{"business_id":"-8lx51-dbVuf0gXWSUqvdA","cool":1,"date":"2012-07-01","funny":0,"review_id":"QYbdV4ohFAhE7XUPld8O8Q","stars":5,"text":"Awesome pharmacy in downtown Madison. They have an amazing selection of natural personal care products at very reasonable prices, plus many testers. It's like being in a candy store. Speaking of candy, there is actually a shelf of Vosges, Gail Ambrosius, and Lake Champlain chocolates. The service is great, too. What's not to love?","useful":0,"user_id":"cGNR-REMZ65TqifXEV4wzA"}
{"business_id":"-8lx51-dbVuf0gXWSUqvdA","cool":1,"date":"2016-10-26","funny":0,"review_id":"vUeVneYFgg15cWsFnPelug","stars":5,"text":"I love this place! I get all of my local and organic skincare products here! Of course I can't forget about the herbal supplements and the extremely helpful and knowledgable staff! Love, love, love this place!","useful":0,"user_id":"PFhGejjJ-IHzM8XeZIXgIw"}
{"business_id":"-8lx51-dbVuf0gXWSUqvdA","cool":1,"date":"2011-11-04","funny":1,"review_id":"_oS1xd2cJOu9LMxXHNnPgQ","stars":4,"text":"I like that you can get your herbal on while still getting conventional medication here.  \n\nThey know their stuff, too, and what to not mix with what.  I was filling a script for acid reflux medication and decided to throw in a box of peppermint tea.  The pharmacist told me it would make my acid reflux worse because peppermint apparently relaxes the stomach muscles.\n\nAlso they sell bulk beauty supplies, so you can get your 85 gallons of Dr. Bronners here.  I'm surprised they don't have bulk Bronners at Willy's.","useful":1,"user_id":"NcA4SMy0MOC8A_2BbJakhg"}
{"business_id":"-8lx51-dbVuf0gXWSUqvdA","cool":0,"date":"2015-11-25","funny":0,"review_id":"1fJ7rns1nGDMbQzglmIygA","stars":5,"text":"Bought some wheatgrass powder from them the other day, it really hits the spot. Plus, everyone there is super knowledgeable. Great little shoppe.","useful":0,"user_id":"XGQS_UGPGYuQG7b2Ax0rsw"}
{"business_id":"-8lx51-dbVuf0gXWSUqvdA","cool":0,"date":"2016-02-22","funny":0,"review_id":"xc41lWTnnWf7GgdUEXnn2w","stars":2,"text":"I've been having a lot of trouble with prescriptions here lately, to the point where I am almost ready to cut ties with one of the otherwise best co-ops in Madison, which will pain me to do. Inefficient, inconsiderate window service, similar phone and email service, many times shorting me on my prescriptions because they are out of things, requiring multiple trips, and how easy is it to park there? Not at all. I'm frankly not sure it's worth the stress and aggravation anymore.","useful":4,"user_id":"yJP-54fC6lpYXXl5X0JyJw"}
{"business_id":"-8lx51-dbVuf0gXWSUqvdA","cool":1,"date":"2015-08-20","funny":0,"review_id":"RoqOKTclzxT0sy2P7y_m7w","stars":5,"text":"I love this place! The variety of items they carry is amazing! From natural vitamins and mineral supplements to soaps and teas, a person can leave happy and never empty handed. The staff is friendly and will give great advice. This is one of my favorite places in downtown madison","useful":1,"user_id":"ddDPOUDTV3RdwkRuYu1GLQ"}
{"business_id":"-8lx51-dbVuf0gXWSUqvdA","cool":1,"date":"2015-10-02","funny":0,"review_id":"8NLQ8rIKwox23PbeS8cXAw","stars":4,"text":"It's been a really long time since I've been in Community Pharmacy, but there's a facial care brand that I've been wanting to try to see if honey will heal my acne (nothing else has tried, and at least if this is a bust, too, honey smells wonderful). \n\nI wandered on over and was surprised to find such a large section for personal care, including makeup. I knew they had more than just supplements and vitamins, but I figured they'd maybe have a small aisle at best. So wrong I was. \n\nThere didn't seem to be any labeling on the beauty shelves, so it took me awhile to figure out where exactly to look because I wasn't familiar with any of the brands. The staff is super nice and helpful, though, so I'm sure I would have gotten walked right to where I needed to go if I'd had asked - I was having fun looking at all the products, though, and wasn't in any rush so I just took a couple of loops through the front of the store. \n\nWhen I found the face wash I wanted, it looked like it had possibly been opened. I brought it up to the register and the woman was happy to go to the stock room to find me another bottle. Both of the items I purchased were less expensive than the retail prices listed on the maker's website, which was a nice surprise.\n\nCommunity Pharmacy operates as a cooperative - their mission is painted on the wall in the personal care area and states that there are no managers or owners - things are decided as a group. Kudos to them for working everything out to run a successful shop with happy, helpful staff!","useful":4,"user_id":"wd3xoNaDLib8dhQ7BxUl6g"}
{"business_id":"-8lx51-dbVuf0gXWSUqvdA","cool":0,"date":"2013-03-30","funny":0,"review_id":"P9U3CyD89V4sTEqgKjMCuQ","stars":4,"text":"Very great selection.  The staff are very intelligent  and can help find almost anything.  They also have a good deal of material regarding how to use natural remedies.  I would give them five stars if they had better hours.","useful":0,"user_id":"tdobWakwQAVram572TsrQQ"}
{"business_id":"-8lx51-dbVuf0gXWSUqvdA","cool":0,"date":"2014-10-27","funny":0,"review_id":"PdfCbbtuBehkbRgMEdiaeA","stars":2,"text":"Great stuff but too expensive just like all the other healthcare options in this country.","useful":0,"user_id":"e1yn9AU5APVfDnknFEk6VQ"}
{"business_id":"-8lx51-dbVuf0gXWSUqvdA","cool":0,"date":"2015-07-27","funny":0,"review_id":"ip5wI6EYvT5XNTM4R4ewgw","stars":5,"text":"This place is so amazing! I went here about once a week during the five years I was in Madison. The staff are very helpful and knowledgeable and I always found what I was looking for (plus way more). \n\nCommunity Pharmacy has so many items that you can't find anywhere else in Madison. They sell great magazines like Bust and Bitch that you won't find in your grocery store checkout. They also have all-natural soaps, shampoos, hair dyes, and cleaning supplies. They also carry alternative feminine hygiene products, such as re-usable pads and diva cups. It was nice to be able to go in and talk to someone and look at the samples before buying something like that. I never used the pharmacy portion of this store however, so I can't speak to that, but as for the products they stock, this place is terrific!","useful":0,"user_id":"ZWi-ddQe1wWKPVU_gmil5w"}
{"business_id":"-8lx51-dbVuf0gXWSUqvdA","cool":1,"date":"2012-07-10","funny":0,"review_id":"qrQZMpddSrln9vpejw6PZg","stars":5,"text":"I love that they have a counter where you can buy herbs by the ounce.  The guy who helped me was very nice in helping me decide what to buy and how much for what my needs were.  They have a great selection of natural, home-remedies and its a fun store to browse.","useful":0,"user_id":"FRnL9NSYa-Taga3zm9mCow"}
