{"business_id":"-cviY078wmg1nwhMIWSlXA","cool":0,"date":"2014-07-17","funny":0,"review_id":"4GK1NYX95zvd_3g1Gwu1ig","stars":3,"text":"I purchased a couples massage groupon for $89 in January and went last week.\n\nGood\nMassages - My masseuse was the owner, there was a male masseuse for my\npartner. We both thought the massages were great. Felt mostly swedeish\nwith some Thai elements. The music was very nice and I like that they put\na dry towel over your eyes so it is dark.\n\nNot so Good\nScheduling - took weeks to get an appoinment scheduled. I never once got a live\nperson - had to leave messages. Scheduling was difficult.\n\nLocation - they are in a shared office and some people were\ntalking in the hallway. The front door was locked when we arrived 15 min early\nand we had to wait for someone else to let us in (masseuses arrived a few minutes \nlater). The room was very small for 2 people getting massages.\n\n\nMy Tips\n- schedule as soon as you can\n- go to 618 S Park St even though the address online says something different\n- arrive 10 min early to do paperwork\n- don't focus on the small room/shared office but the massage\n- allow a few minutes to find parking as it is street parking","useful":0,"user_id":"xzVZbl1d3w7qsA5ROPks9Q"}
{"business_id":"-cviY078wmg1nwhMIWSlXA","cool":0,"date":"2013-12-04","funny":0,"review_id":"rKi-lh77Lgk7QcuwucVRvg","stars":5,"text":"My girlfriend and I went to Sha-ba for a couples massage and it was fantastic.  Both Tanatnan and Keva are obviously very experienced at massage and body work. We had the hot stone massage with aromatherapy and we felt like we were floating for days afterwords. Keva even gave me some advice on how to prevent the tightness I was feeling in specific places in my back. I'll definitely be back.","useful":0,"user_id":"EKL36QJXJA6xVsU2L5-8vw"}
{"business_id":"-cviY078wmg1nwhMIWSlXA","cool":0,"date":"2013-11-06","funny":0,"review_id":"ViFwjcTkKQrFD2cd24yltQ","stars":5,"text":"I had a 60 minute aromatherapy massage and it was phenomenal. The therapist was so caring and asked specifically what areas are your most tensed. She combines western and Eastern medicine techniques and also performs reflexology on your feet. As a nurse, being on my feet all day and lifting and moving patients, it really takes a toll on your body and she hit every. single. spot. Hurt so good!","useful":0,"user_id":"VXJWcCoQ8MSOCBnsNa9-OQ"}
