{"business_id":"-EJZRlgLXORMaR_8XMRH2w","cool":0,"date":"2012-12-13","funny":0,"review_id":"CW2i0gnUEIcBKZy8GzO2LA","stars":5,"text":"Very updated office. Had a wonderful nurse take care of me and hold my hand while I got a tooth pulled and couldn't stop crying. People like that really make a difference.","useful":0,"user_id":"VE66JLthJgtDBhQqARtrtA"}
{"business_id":"-EJZRlgLXORMaR_8XMRH2w","cool":0,"date":"2015-01-21","funny":0,"review_id":"WQouXD1zK1TpHCPMA6SCwQ","stars":1,"text":"Hands down the worst experience I have ever had at a dental office.  \n\nI was there for a wisdom tooth extraction and unfortunately got a bad case of dry socket.  I came in to have that examined and treated but left completely embarrassed and in tears.  I was seen by Geoffrey R. Warda and he was a cold unsympathetic dentist and would be better suited for another line of work.\n\nI was in a tremendous amount of pain when I walked in.  He did not go over what he would be doing to treat the pain but instead started shoving something down my mouth.  As the area was already sensitive and because I did not know what to expect I winced in pain.  Instead of trying to calm me down he shamed me for my pain. \n\nAt the end he asked me what I needed refilled.  We literally went back and forth as I tried to tell him what I needed and what I needed to have refilled.  Because I didn't answer him in the exactly manner that he wanted he pretended not to understand what I was talking about.   I told him that I need a refill of hydrocodone but I also needed ibuprofen because I never received it on the first visit.  He kept asking me what I need refilled.  I honestly did not know what he was looking for.\n\nBy the end of the appointment I was in more pain than when I walked in and I was completely taken aback by how mean he was being.\n\nI had initially worked with with Dr. Kramer and was looking forward to seeing him again to have some other procedures done before my wedding but after this dry socket pain heals up I will never ever step foot in this place again.  \n\nPatients deserve better than Dr. Warda.","useful":3,"user_id":"VHoz-_mf_jFQCINNkBMKSw"}
{"business_id":"-EJZRlgLXORMaR_8XMRH2w","cool":0,"date":"2016-05-02","funny":0,"review_id":"gzvSEOQSU4QSsOpbef4Zsg","stars":5,"text":"Dr. Andrew Kramer was amazing at making sure I was comfortable and extracting one of my back teeth. After I was numb and he came in the room to take care of it, it literally took him between 5-10 minutes, absolutely no pain or pressure, and I was done. I would highly recommend him!","useful":0,"user_id":"YVG6qrbNu5scz6uFgMvReA"}
{"business_id":"-EJZRlgLXORMaR_8XMRH2w","cool":0,"date":"2014-10-25","funny":0,"review_id":"mDy0ncVKnNIlMdCGvmO5xw","stars":5,"text":"I can't say enough words to express how well taken care of I felt at this place. Thanks to shruti, a very kind yelper, I got to meet such wonderful doctors and nurses. One of my lower molars was impacted and had to be pulled out.\n\nI was so nervous about the sedation since I suffer from anxiety from time time and Dr. Geoffrey Warda (my primary doctor) took that into consideration being so nice and explaining everything so well to me. He definitely made me feel less fearful about the whole procedure. He gave me some laughing gas so that I could relax and then he put the IV, he counted until three and that is all I remembered, after that I woke up and I was so impressed about how fast and smooth it was :) two days after I got a dry socket so I came back so that they could put some packs to help me with the pain, it has been two weeks since the last pack and I feel very good. \n\nEverytime  I went for the packs I met three other doctors and they were very nice also and let's not forget the nurses, they all were so sweet and caring, they treated me like if I was a close friend of theirs. In short, I am very thankful for every little thing they did for me. If you are nervous like me, I would recommend you to go and see your doctor before the day of the surgery, in my case, all the \"unknown\" was making very anxious so that's why I decided to make a previous consultation and that helped me a lot.","useful":2,"user_id":"TWkZAEsuxaidX4HOMRnRAQ"}
{"business_id":"-EJZRlgLXORMaR_8XMRH2w","cool":0,"date":"2016-08-24","funny":0,"review_id":"2kZbiO7kQc6iS3p_kx_-kw","stars":5,"text":"Fantastic group, from the desk to the nurses to the doctor to post op nurse. Nice on the phone when I called with a silly question too. I am certain no one wants their wisdom teeth extracted, but if you need to, feel confident with the service here!","useful":0,"user_id":"MZbi-zmcuSRTH5f32p6d6Q"}
