{"business_id":"0EPCA9LQTx_XXfxVaF6zQQ","cool":0,"date":"2015-01-31","funny":0,"review_id":"LKy59JiXej7kzPYoS1eb-Q","stars":5,"text":"Hanna has changed my life for the better!  Simple changes to my shoe height has alleviated my hip and knee pain. I highly recommend. She is unbelievably knowledgable about the body and listens to your pains and figures out how to fix them with simple changes. My doctor recommended her and I would too!","useful":0,"user_id":"TzoUV6DmBErQ2ICSigmHug"}
{"business_id":"0EPCA9LQTx_XXfxVaF6zQQ","cool":0,"date":"2017-04-19","funny":0,"review_id":"Ju7doW1XJ4D1lRo3QfVpIw","stars":5,"text":"This woman is a healer with the accuracy and detail of an engineer.  She can measure and analyze your body and determine minute structural imbalances, the corrections of which can take you from terrible pain to pain free.  There is a reason that surgeons send their most difficult patients to her.  I have never met a body worker with her gifts.  She healed me of years of back pain that did not respond to chiropractic or other modalities.  Highly recommended.","useful":0,"user_id":"CGFLwth-nxqIiBFkunFNFw"}
{"business_id":"0EPCA9LQTx_XXfxVaF6zQQ","cool":0,"date":"2015-02-22","funny":0,"review_id":"hMOxCv0aiHBGpspW0Ciwuw","stars":1,"text":"Hanna is always helpful if money is involved.  She will welcome you in with open arms and can throw you away with a turn of a head.  There are others out there that are just as good without the attitude.","useful":0,"user_id":"Hwl_IXY1H_Chr5SyM4yNvA"}
