{"business_id":"0-GxJX2Qy1o1oz-BpocbJg","cool":0,"date":"2015-04-01","funny":0,"review_id":"0h6A75XnFJ9_v-N-772Knw","stars":5,"text":"I had a great experience here! The staff was very knowledgeable about the services and products. Kristin made me feel comfortable and relaxed during my treatments. I'm looking forward to coming back soon!","useful":0,"user_id":"csq2oPgBIFjXM6Vv7RcxRQ"}
{"business_id":"0-GxJX2Qy1o1oz-BpocbJg","cool":1,"date":"2016-06-16","funny":0,"review_id":"a5k3FEJUbYRFlPZepvk5UQ","stars":5,"text":"Wendy is great to work with. She did permanent eyebrows for me and was so patient in identifying the \"just right\" color and shape and placement. I was a little nervous about doing something so irreversible, but have no regrets. From the initial consultation through the touch-up session, Wendy was the consummate professional.","useful":0,"user_id":"O0hXgUHpnY4C9jDk_LqLqw"}
{"business_id":"0-GxJX2Qy1o1oz-BpocbJg","cool":1,"date":"2015-10-26","funny":0,"review_id":"ofn1lKKtb8vijzUCFUxX4w","stars":5,"text":"Love this place! Great prices, great service, great results. Three treatments in and I have almost no hair remaining (laser hair removal on chin and sideburns). 10/10 I would highly recommend!","useful":0,"user_id":"dOkx6ZD5D39CRjumPL9q3w"}
