{"business_id":"1cCh0fuVULWtWhJPr95jIw","cool":1,"date":"2014-08-06","funny":3,"review_id":"ajwHZtmauTK2JxWl2gIFrQ","stars":2,"text":"No one really likes the dentist.  Especially since I've gotten older and my teeth have gone to hell no matter what I do.  (Yes, lady--I do floss.  Yes, lady--I brush at least twice a day, sometimes more.)  It's one of those things we hate because it's annoying, it takes time out of our schedules, and it's often painful.  No matter how we brush our teeth, we are prone to cavities.\n\nMidwest Dental isn't horrible.  I've had maybe five or six dentists in my life at this point, and I can probably say that of those that I've had, Midwest is the worst of them, but even still--they're not horrific.\n\nMidwest tends to assign you a hygienist so you see the same person every time you go. This is the first dental practice I've visited where this is the case. Every other one I went to, the hygienist was whomever was available.  \n\nMy first hygienist at Midwest was a young girl, fresh out of her two-year program, I believe.  She was nice enough, and competent, but she was a kid.  She liked kid things.  My first visit, while she had hands in my mouth and I couldn't scream at her that I didn't give two flying figs, she told me all about what had been going on during \"The Bachelorette\" that season.  The second time, she asked me what I was reading (I had a book with me), and then told me all about how much she loved \"Twilight.\" \n\nI was dreading a third uninformative visit with her, but she moved.  So, I was reassigned to a new hygienist.  Again:  A nice enough, competent hygienist, but not someone with whom I want to have a conversation. She still works there, so I won't go into too much detail in case she ever reads this.  She's a wonderful person, but I'm an introvert by nature. I don't want to make small talk.  I don't want to hear about her kids. I don't really tell people about my kids--why do I want to hear about yours, lady?\n\nThe hygienist is absolutely brutal with the dental floss.  She hammers that wax garrote up and down my teeth with all the subtlety of a teenage boy groping boobs for the first time.  \n\n\"Oh, your gums are bleeding.  You're not flossing enough.\"\n\nLady, I floss every friggin' day.  My gums don't bleed when I floss.  Maybe it's because you're trying to go THROUGH the frickin' tissue instead of along the tooth?  Don't even get me started on her skills with the violent metal pick.  She has cut me like Wolverine.\n\nThey also really like to indict you on anything you do food and drink-wise at this place.  \"Your teeth show wear.  Are you drinking soda?\"\n\nYeah, a can or two a day.  But I brush.\n\n\"YOU SHOULD NEVER DRINK SODA!  IN FACT, IF YOU LIVE IN A COUNTY WITH A SODA BOTTLING PLANT, YOU HAVE TO MOVE!  DON'T COME WITHIN TWO HUNDRED MILES OF A SODA!\"\n\nGeez, lady. Lighten up.  \n\n\"How much do you brush a day?\"\n\nAt least twice.  Once in the morning before I leave for work, and again at night.  Sometimes I sneak another one in there sometimes.\n\n\"How many minutes, though?\"\n\nTwo or three per session, plus flossing at night.\n\n\"YOU SHOULD BRUSH YOUR TEETH FOR THIRTY HOURS.  NEVER STOP BRUSHING.  YOU'RE NOT BRUSHING ENOUGH.\"\n\nWell hell, lady...\n\nThey also like to sell you extra crap that you may or may not need.  \"Here--here's a special paste you should rub on your gums.  It's $15.  Here's a special toothpaste. You can only get it here. It's $15.  If you need more, come back here and spend another $15.  Here's a rinse. It was made from elf urine. It's magic.  $22.\"\n\nIf my dental plan could be covered under another dentist that didn't involve a drive across Madison, I'd probably switch up and go there.  Unfortunately, I'm limited in my choices, so I'm stuck returning to Midwest Dental.\n\nAt least there's a Perkins right next door.  Right after I get my teeth done, I take a special pleasure in going into Perkins for a stack of flappys with extra syrup and a diet Coke.\n\n\"YOU SHOULD NEVER EAT SUGAR!  AND WHAT DID I SAY ABOUT SODA?\"\n\nGeez, lady...it's life. I'm going to live it.  Relax a little.","useful":2,"user_id":"3EYfeP-wfNWGj-5YZmq-OA"}
{"business_id":"1cCh0fuVULWtWhJPr95jIw","cool":0,"date":"2012-10-02","funny":1,"review_id":"-newKncC4brje-iKC3JOcg","stars":5,"text":"I had a very pleasant experience at this dental office.  Front office staff was friendly and helped me figure out my new insurance.  Had one filling done and it wasn't bad at all!","useful":0,"user_id":"sHEGIUjcwG_qVmHtcdudxw"}
{"business_id":"1cCh0fuVULWtWhJPr95jIw","cool":0,"date":"2012-08-09","funny":1,"review_id":"qi7iGxL5IruWw8o8r4tUYg","stars":2,"text":"If you are looking to get a dentist phobia this place is for you.  The staff is great at making a person feel like scum of the earth for drinking coffee or juice because of the effects it has on teeth, even if the teeth are healthy.  You can relive getting lectured by your parents as they talk about the finer points of proper brushing from your vulnerable position strapped in a chair.  Few survive getting a filling but it is rumored that the experience is as pleasant as hearing fingernails on a chalkboard.  They are very talented in manhandling delicate gum tissue and patients are guaranteed a sore mouth for the rest of the day.  Customer service is second to none.  The office has evening appointments and if you are fortunate to schedule one you will be offered a once in a life time opportunity to come in earlier.  However if you are not able to get off of work and have to decline coming in early do not be surprised to get a call back from the receptionist informing you that your evening appointment is canceled because something unexpected has come up.  They like to provide service the old fashioned way so do not expect any state of the art technology.  Yes this place is highly recommended  for those looking for crap dentistry.","useful":3,"user_id":"Jqs3IIVQCPA3bU5EeX1W1Q"}
