{"business_id":"20uj8uiKxXxW94k8ivsPqw","cool":1,"date":"2016-07-13","funny":2,"review_id":"qdiN4ZObcGMOfyhfrvSuMQ","stars":4,"text":"I think people with good experiences tend to take those experiences for granted. Those with bad experiences may feel anger, and those feelings are stronger, thus creating a bias for bad reviews.\n\nWith that said, I'd like to describe my possible experiences with this specific Banfield. I've been to many Banfield locations, from New Jersey to Chicago and now to Madison. The staff here are super friendly.\n\nMillie, my 8 month old Scotch Collie, has had digestion issues - runny poo, I'm sure you know the deal. I was so used to other Banfield receptionists telling me over the phone to just switch to bland diet when there are no appointments available. However, when I called this location, they looked at her medical history and asked me to bring her in as soon as possible for a drop-off.\n\nI don't really like drop-off appointments, but they made sure to tell me exactly what they were going to do and the cost breakdown. They weren't able to diagnose the issue with the basic tests, but I wasn't willing to pay for an x-ray, so they sent me home with antibiotics. Dr. Latimer called me the next day for a follow-up - I have never gotten a follow-up call before, so this felt great!\n\nFor my other dog... she's 11 and was due for a dental. Since we are new to this Banfield, they really pushed for a meet and greet appointment before doing the dental, which I appreciated.\n\nIn short, I would say don't be too quick to judge. Among the Banfield locations I've been to, this one does a much better job with my dogs than other locations, but that's not to say I've had bad experiences at other locations.","useful":5,"user_id":"09QcQYf_t1NEq_AkjJuABA"}
{"business_id":"20uj8uiKxXxW94k8ivsPqw","cool":1,"date":"2015-04-30","funny":0,"review_id":"9xz9MMzN6F-HTQe7nQFk2w","stars":2,"text":"Truth is I started going to Banfield after adopting a pet from Dane County Humane Society because of their hours.  Hours are great for those who work.  Knew they are a big company in high rent space.  I expected, and experienced the pressure of constant up-selling, although done by very nice people who likely are trained that they are only trying to make sure pets are well cared for.  \n\nI took my dog, Elvis, to Banfield on the East Side for the past 4 years.  In hindsight, I probably paid for a few more tests than I should have.  And it seems they have a charge for EVERYTHING - but generally I was paying more for the convenience, and so I felt it was a fair deal, if costly.  \n\n(Elvis, by the way, is an AWESOME dog.)\n\nElvis has a small growth on his hind leg - while obvious, it is something I had to repeatedly point out to their Vets, even though it had been noted in his file since he was a year old.  Last month, while getting vaccine updates, I asked that it be looked at again.  This time the Vet suggested a needle biopsy.  The Vet called me and said there where crystalline cells that looked like cancer, and recommended removing the growth soon.  (Should have had my antenna up when the cells were described as \"looking\" like cancer cells.  Seems to me, now, that I should have asked they be sure.)  The Vet also strongly suggested that while under anesthesia Elvis get a gum cleaning.  (An upcharge, of course.  And I note there was no discount for him already being under - have to think there is a significant anesthesia charge...)  Since they did not have any availability for an extended time, I was asked to go to this West Side location for the surgery.  The east side location estimated the cost at $400-$500, and looked on disapprovingly that Elvis was not on a maintenance plan, which would have lowered the cost.  (Yes, they like to sell those maintenance plans...better profit margin?  In hindsight, I should have gotten a second opinion, but I had already spent upwards of $200 on tests just to get THAT opinion.  And the amount, while a lot, is for my best friend's health - a sentiment I can't help but think Banfield plays upon.)      \n\nGot two calls from the West Side folks confirming the appointment.  (No problem.)  However, yesterday I was given an estimate of $684.  It was described as likely being high, but a pretty big difference.  I asked why it was so different and the first person I spoke with seemed clueless - tried to brush it off by saying the East Side Store had not sent any information (?), but when pressed said they would get someone who could help.  (OK, fine.)  The next person started just reading the list of charges - which was two pages long - and when I again asked why the difference she said I could talk to the Vet.  She also assured me the $684 was likely high.  Did not want to bother the Vet so I asked if the Vet would be available when I dropped Elvis off today, and I was told they would be.\n\nArrived at 7:15AM today.  Asked to see the estimate, which was presented as though a formality.  The range was $684 to over $900!  And I could see no way, given the pages of charges, we would not get to the high range.  When I expressed concern, I was told they could call me after the Vet looked at Elvis and not incur any charges until I agreed.  (Like what would have happened if I did not express concern?)  When I asked to talk to the Vet I was told no one who could explain the charges would be in until at least 8.  They finally called me at 9:30, after I left with Elvis.  \n\nSo I am tired of the constant upselling.  I am tired of spending more than the basic charges every time we visit.  (As much my fault as yours.)  There should have been communication between the stores - especially since I was required to go across town.  The staff, while trained to upsell, should maybe get some training in conflict resolution and understanding all the charges are real money people work hard for and not just check marks in a computer.  And what I am most annoyed with, and why Banfield lost this customer, is that if the bill was going to be so large and I had known, I would have had more time to get that second opinion.  They have me concerned that the growth is an issue and getting it dealt with soon is important.  However, I don't like how we were treated.  Luckily, the story ends well as Lakeview understood my situation and was happy to get us in quickly, with no hassles.  Their Yelp reviews are great.  Shame on me for not checking Yelp sooner!!!  Goodbye, Banfield.  Your people seem nice, which is why the two stars, but they also are part of a process of questionable character.  While I am a capitalist and understand the purpose and need for profit, at times the desire to earn a profit goes too far.  In your case I think it has.  Again, I share in the blame, but I am glad I have wised up.  Will now support my local vet, which I probably should have all along.","useful":1,"user_id":"9753eOrBVUepAl3hUoHpiw"}
{"business_id":"20uj8uiKxXxW94k8ivsPqw","cool":1,"date":"2016-10-27","funny":2,"review_id":"ztuNkDvsSlWTVNijlyB7tg","stars":4,"text":"Not sure why Banfield doesn't have more reviews. Thought I'd contribute my 2 cents. This is based only on one review thus far and I will update it based on future visits.\n\nFirst, this Banfield Hospital is a pet clinic that is attached to the PetsMart on the west side of Madison. The hours of operation here are convenient, being open until 7 pm. The facilities are clean. We walked in and were greeted by a friendly front desk staff.\n\nThe doc and assistant were on time, not too much of a wait to actually get into the exam room. The doctor was great in listening to what we had to say about our dog and was thorough in making sure our dogs yearly maintenance was up to date, while checking up on any potential concerns of our's. Based on my own medical knowledge (which is not that of dog health in all fairness), I worry that some of the advice we received was a little extreme but can appreciate it given the end goal is to keep our dog healthy and free of dangerous disease.\n\nOverall a real good experience. One thing that I believe requires special emphasis is the option of pet wellness plans. These are plans that include regular yearly maintenance that an owner should do for their pet as a minimum. The payments are broken down into monthly installments. The overall value is great as it includes regular checkups, office visits for focused issues, vaccines, teeth cleaning including labs and cost of standard anesthesia, discount on potential work ups, and some laboratory testing. Really just for the vaccines and the dental work this pays for it self.","useful":2,"user_id":"oMNJOR5OB2AjgZikfb1Amw"}
{"business_id":"20uj8uiKxXxW94k8ivsPqw","cool":0,"date":"2017-03-01","funny":0,"review_id":"u69ZH9rOxHqwSU5bkliVnQ","stars":1,"text":"NO.....Nope.....NO WAY no how will Banfield ever take care of one of our pets again. We took the cat in for a wellness exam, no real health issues or concerns and came out of there after 3 hours. The vet took her to another room and \"washed her ears\" we took her home and within hours she was staggering around snd holding her head to one side. We called Banfield and they told us to give her a day to adjust to her ear wash. That evening she was falling over.... unable to walk straight and vomiting. It cost over $800.00 to get her well again. Diagnosis was feline vestibular disorder that came about do to this special ear wash.","useful":0,"user_id":"lpN4VnP1pidwDiC43-5CjA"}
