{"business_id":"3uKdItCvGhcVoBJi6USfzA","cool":0,"date":"2012-12-18","funny":0,"review_id":"gMUnGnKsz7cKpK5wjOCzGQ","stars":2,"text":"I went though the weight loss program a while ago and it really hasn't helped me.  I went into the program with an open mind, having had a friend do the stop-smoking program with great success.  I did all the sessions in the office and I did all the home stuff with the CD's.  But  I never felt any different after the sessions or after completing the program.  I don't feel like the hypnosis helped me make better choices or have more motivation or more willpower.   I haven't been able to lose weight from it, and I feel like I completely wasted like a thousand bucks!  \n\nThe costs are not very clear up front.  There's no documentation on the web site that says what its going to cost.  Then you go in for an evaluation.  The program he recommended for me was like $1200, although I was able to do a lesser program for under $1000.  At the time they're telling you how this will work for you and you've gone through this lengthy evaluation where you've been hypnotised, then they come up with the cost information.  \n\nBesides the program not working for me, I found Michael to be overly pushy on sales.  Sales of books, sales of CDs, sales of extra sessions, sales of training sessions to be a hypnotist.  He gave guilt trips if I didn't want to buy something.  During my program he apparently gave me a couple additional sessions without any mention about payment (the guarantee is that if you pay the program fee, ALL sessions are free) and later asked me to pay an additional $400 for the extra sessions! \n\nThe office space is cold in winter and noisy/distracting.  The building seems kind of run down and for a while the center wasn't even listed on the sign.  Mostly the sessions are just listening to an iPod track of some other guy while you site in a recliner chair.\n\nOverall, the other issues were minor compared to the fact that the program did not work for me.  I really really tried and it did not work for me.  I wish I'd read a review like mine before I jumped in and spent that kind of money on it.  When you visit the office you see all these written testimonials from others (a huge binder full) that say the program is amazing, but I have to wonder if all those people really had success.  I was asked (insistently) to write a testimonial myself during one of my last sessions and I hadn't really lost weight at that point myself, so I have doubts that all those people in the testimonials really lost weight.","useful":4,"user_id":"KyS0_gPqqe6laZDV1HBzBw"}
{"business_id":"3uKdItCvGhcVoBJi6USfzA","cool":0,"date":"2012-04-09","funny":0,"review_id":"kdfPrq1kQOVZvysiimiY8g","stars":5,"text":"Trans-formative! I am only part way through my Hypnosis training, and I am loving the sessions. I have less stress, sleep better, and am able to better focus on my priorities. I had little idea what hypnosis could help with, or to what extent, and I am very happy to realize the many issues hypnosis can improve. I'm feeling more at peace with my own decisions and find it easier to relax now. \n\nMichael is very professional, and I can tell he cares about me and helping me achieve my goals. He has a written guarantee that made the choice to start the hypnosis program an easy decision. I think the sessions can also help with my confidence and productivity at work. Overall I think this is a very good investment in myself, and with continued help from the remaining hypnosis sessions and the CD's I listen to, this will more than pay for itself.","useful":0,"user_id":"U4TiQPdJzyWcR5dKwLmP4w"}
{"business_id":"3uKdItCvGhcVoBJi6USfzA","cool":0,"date":"2014-10-09","funny":0,"review_id":"iGTzRa73dFuavFnv2s2qkQ","stars":1,"text":"I'm sorry but this hypnotist is a con artist! Don't bother going because it doesn't work! He will have you write a review right after your last session which I also found odd because there was no proof it worked! What he's good at is manipulation. What a waste of money and yes I lit a cigarette right after writing a review that it worked. He will try to squeeze as much money as he can. It was simply a scam. Please don't waste your money here! I'm surprised there isn't more reviews on this guy! Don't waste your money!","useful":0,"user_id":"OU856pCgtKTO6rKtS2gB4g"}
