{"business_id":"4bKdbN800GgPm6G5a97gRw","cool":0,"date":"2015-05-14","funny":0,"review_id":"-OYP9bcqEVzacxRpR93ziA","stars":5,"text":"I got a groupon for my boyfriend, and he really enjoyed his experience at the Sofia's Therapeutic Massage. He was able to fully relax during his 1-hour massage, and he told me he would be happy to re-visit the place later.","useful":0,"user_id":"vPkJfb3jyh-EqSwM6fvrHw"}
{"business_id":"4bKdbN800GgPm6G5a97gRw","cool":0,"date":"2014-02-11","funny":0,"review_id":"gO7Ff12xVQjYu43-_Hr87Q","stars":5,"text":"I've been going to Ismail for about 2 years now and have always had a pleasant experience. I like that he really can feel out my tense spots and work them. He knows/remembers my problem areas. He doesn't rush me, I actually get a 60 minute massage...which wasn't the case at the other massage places I have used around town. I know that Ismail has extended his schedule for me which is greatly appreciated. I wouldn't go anywhere else for massages.","useful":0,"user_id":"U_Z4rfare27nP00qis-hcA"}
{"business_id":"4bKdbN800GgPm6G5a97gRw","cool":1,"date":"2014-01-11","funny":0,"review_id":"gmiDBT-LbpzOPnIeMQxBAQ","stars":5,"text":"Like Macy M. I had tried numerous massage therapists before discovering and staying with Ismail, for over two years now.  He has helped me to heal injuries and prevent new ones with his therapeutic massages that target my vulnerable and sore areas.   He has the skills and knowledge to combine techniques to suit each client's needs which is invaluable and very beneficial for his clients. \n\nIsmail is extremely professional, respectful and reliable.  I have family who make sue they can schedule massages with him when they are here from a neighboring State.  They haven't found anyone as skilled  near their home and tell me the effects of his massages last a month.  I now see Ismail on a regular schedule and consider it a vital part of my self care and injury prevention.  Highly, highly recommended!","useful":3,"user_id":"ILdp5ioKvCCPzQgSuVK5fw"}
