{"business_id":"5U15X91WsPkDeTVpWCbqyw","cool":0,"date":"2013-04-26","funny":0,"review_id":"KWNlPPlxTLFlq7_5VQcYHg","stars":5,"text":"This clinic is very unique. Not really a clinic; so much MORE. Dr. Dave and his wife Ashley are so warm and welcoming, it truly feels like a family atmosphere. Dr. Dave goes above and beyond to make chiropractic an educational experience. No need to go anywhere else. Once you meet him, you will be hooked for life!","useful":0,"user_id":"KV8MaEP95M2af-r_oL9JLw"}
{"business_id":"5U15X91WsPkDeTVpWCbqyw","cool":0,"date":"2013-04-26","funny":0,"review_id":"ICzH5BD9MgHOLfYXgJr8_A","stars":5,"text":"Looking for docs that understand the active lifestyle? Look no further! I call Dr Dave \"the miracle worker\". Enough said.\n\n.... but let me say some more.\n\nThe docs at ISS will make you feel better, and keep you moving all at the same time. They understand that \"if it hurts, don't do it\" is not an acceptable answer to athletes.\nISS is a fun, friendly atmosphere and you'll learn something new every time you walk in the door. They will teach you how to strengthen your body to heal and prevent injuries that occur with your sports and activities. The ISS family is like no other. It's a unique and wonderful place!","useful":0,"user_id":"F5h4Z4DyYJ3Az6lovBZx6g"}
{"business_id":"5U15X91WsPkDeTVpWCbqyw","cool":0,"date":"2014-12-01","funny":0,"review_id":"9NZP8-mDQyFpXAOnKsg77w","stars":5,"text":"Dr Dave's approach is the ONLY one that has helped me make progress with a very complicated back problem that I have struggled with for a couple of years.  \n\nUnlike many chiros that want you to stop in for a crack or two a week at $50 pop, Dr. Dave is going to teach you integrated exercises that stretch and strengthen ALL of the related muscles in the affected area.   Your progress is in your own hands and will also be much less costly.\n\n  I too was very skeptical after my first visit as his approach was soo much different from anyone else I had tried, but eureka! he was the ONLY one to help me make consistent progress.  When youre at the end of your patience with your pain (or before!) try Doctor Dave.  And do your assigned exercises!!!","useful":0,"user_id":"lrCqL7JNBSbXd_ODMka1LQ"}
