{"business_id":"6PUprRU5wMDcFw0pU6Ejvg","cool":0,"date":"2011-05-08","funny":0,"review_id":"qkVkFK9xCcJqAYnZrC2OjA","stars":5,"text":"I've been fortunate to have several treatments from Laurel Redmon. I suffer from arthritis and chronic pain, and Laurel's treatments dramatically eased my suffering.  She complements her acupuncture with an encyclopedic knowledge of traditional Chinese medicine.  In short, Laurel is a born healer. I recommend her without reservation.","useful":4,"user_id":"sNyzQ9AYodvF1I4CKE9FQg"}
{"business_id":"6PUprRU5wMDcFw0pU6Ejvg","cool":0,"date":"2015-01-16","funny":0,"review_id":"XT0CLzI8LRPMh1Hhl8-tqQ","stars":5,"text":"Laurel Redmon is one of the most gifted acupuncturists EVER! Seriously, she's intuitive and magical and lovely and empathetic and thorough, and clearly I can't say enough good things about her. She takes a full history so as to not miss anything - even the little things are important and she always validates whatever it is that you might be going through.\n\nLaurel also does cupping and shorter ear point treatments if you can't afford/don't have time for a full session. My quality of life increased significantly after working with her. My night sweats stopped, my G.I. issues all but disappeared, my migraines are now a rarity - I'm like a new woman. Thank you, Laurel; my life is better because of you. You are just too good for words!","useful":1,"user_id":"I56E92RKWGt8ECdpGVcURA"}
{"business_id":"6PUprRU5wMDcFw0pU6Ejvg","cool":0,"date":"2016-03-07","funny":0,"review_id":"8AEFK-HwShc9vOu_8tCrjg","stars":5,"text":"Scott has been nothing short of a miracle worker as he's been very effective in helping me resolve an ongoing and very stubborn health problem/energy imbalance. My treatments with him have made a tremendous difference. \n\nThe clinic overall has great staff, products and services. Highly reccommended.","useful":0,"user_id":"hsT0cyk_oF3wKwZLUXInEg"}
{"business_id":"6PUprRU5wMDcFw0pU6Ejvg","cool":0,"date":"2017-04-19","funny":0,"review_id":"RVGBef7kObVnABW2HK_xkQ","stars":5,"text":"I love this place and the vibe. Scott is like a Buddha and takes time to get to the bottom of symptoms. What I love as much though is the fact that they make their own tinctures and never push them on you.\n\nThey are for real and wonderful about walk-in appts as well.\n\nFabulous place. Lovely neighborhood to check off other to-dos as well!","useful":0,"user_id":"1sqfV3hNf72vwt9ftCrmxQ"}
{"business_id":"6PUprRU5wMDcFw0pU6Ejvg","cool":1,"date":"2016-06-22","funny":0,"review_id":"zsQn1loNc1cgX8IKJko1rA","stars":5,"text":"First, I wish to state that I actually do not believe in acupuncture! I truly believe that whatever benefits are derived from acupuncture are the results of placebo effect. That said, here's all I can tell you about my first visit to Red Sage Health.\n\nI suffer from benign paroxysmal positional vertigo and have done as much as I can with physical therapy and medication. I had been feeling dizzy for the last three months. Finally, I went into Red Sage. I simply wanted to be pampered.\n\nThey offer a wonderful walk-in service which is auricular only (ear acupuncture) and is a fraction of the cost of a full body appointment. (It's best to call ahead to make sure an acupuncturist is available.)\n\nI found Red Sage to be very clean, bright, welcoming, professional and relaxing. They only use one-time sterile disposable needles. The waiting room smells lovely because of calming herbal products, and the chairs and couches are comfortable.\n\nMy acupuncturist was one of the owners, Laurel, and she emanated skill and compassion. I'm so pleased she worked on me. She asked a couple questions to get started, then placed the needles around my ear and a couple in the back of my neck and head. It didn't hurt at all, but it was stimulating and very calming. I was then allowed to sit for about 30 minutes and relax. I used the time to practice mindfulness and meditation (those things I *do* believe in).\n\nLaurel was very good to check in on me a couple times to make sure I was okay, and then she removed the needles.\n\nAnd I hadn't felt that good in over three months. I left with no dizziness, no pain, and completely de-stressed.\n\nThat was a week ago, and I am still totally stable. I had thought it might take a few visits to see any improvement, but that first treatment held its own.\n\nI absolutely will return to Red Sage for acupuncture if I ever need it again. I highly recommend this place, especially for skeptics like myself. Everyone there is really down to earth and there was no high pressure selling up of products or services. Just a very effective session of stimulus through deftly placed needles and compassionate treatment.","useful":1,"user_id":"dSic0MLCRx_uedXyerqmxQ"}
{"business_id":"6PUprRU5wMDcFw0pU6Ejvg","cool":0,"date":"2016-12-29","funny":0,"review_id":"YzQllE_i4QDwUcZLnHC0fg","stars":5,"text":"Laurel Redmon got rid of my back pain in one acupuncture treatment. She also helped me relax and enjoy my holidays. I was so grateful for her expertise, skill, and compassion. I went back a week later to treat my menstrual pain and insomnia. The pain was gone and I slept like a rock! I was so happy! She also made me a custom formula for a bad cold which worked so well, I am amazed! She is so humble and wise. I will keep going to Laurel to stay pain free and relaxed. Thank you!","useful":0,"user_id":"Hza6O7KSXxY9SwC_VYWKHQ"}
{"business_id":"6PUprRU5wMDcFw0pU6Ejvg","cool":0,"date":"2015-04-08","funny":0,"review_id":"KXuY06xOGuPxmGXAGS125Q","stars":5,"text":"They are phenomenal. My daughter has never been better despite the negative prognosis given by her regular doctor.  She is now med free thanks to the herbal remedy given to her at Red Sage!","useful":1,"user_id":"7rvDA5CCVjmjDrYgQ8oK2g"}
{"business_id":"6PUprRU5wMDcFw0pU6Ejvg","cool":0,"date":"2014-02-01","funny":0,"review_id":"frhXDAz5RhRiy71mSykeXQ","stars":5,"text":"Really had a terrific shiatsu massage from John. Feeling back in balance and energized.","useful":1,"user_id":"O4GWB7-Vya0rGMZwASzncg"}
{"business_id":"6PUprRU5wMDcFw0pU6Ejvg","cool":0,"date":"2015-04-08","funny":0,"review_id":"XjOKUerLLSbHEKpSaJDr5Q","stars":5,"text":"So amazing. Knowledgeable and awesome to work with. They helped my daughter hey of her needs permanently and she is now in perfect health!","useful":0,"user_id":"ho-BZ0EgsfXH7rGHgyaguw"}
{"business_id":"6PUprRU5wMDcFw0pU6Ejvg","cool":0,"date":"2013-01-11","funny":0,"review_id":"LAUw4NGdB2owOlhFhV3tOQ","stars":4,"text":"I have just started going to Red Sage based on a referral from my acupuncturist for cupping. They are open seven days a week, which is extremely convenient. I've had some appointments cancelled before, but they are good about rescheduling ahead of time.  The staff has been great so far, and their friendly attitude provides for a very calming environment from the moment you walk in. \n\nI've seen two different acupuncturists there for cupping, and I've enjoyed my treatments so far. Each therapist has their own methods. But, that has helped me figure out my preferences. I would definitely recommend them!","useful":0,"user_id":"N28YniuT-iz4XHC-9_QjSg"}
{"business_id":"6PUprRU5wMDcFw0pU6Ejvg","cool":0,"date":"2013-07-10","funny":0,"review_id":"jg3IW3PupWm0qjROLuYSHQ","stars":5,"text":"Red Sage turned this non-believer into an awestruck worshiper-- acupuncture and shiatsu both work miracles! \n\nA friend had recommended this place when I had dry sockets (a strangely agonizing condition when gums don't heal back over pulled tooth sockets, leaving the bone exposed. I was popping codeine like it was candy, to no effect. I went in to Red Sage, having taken three codeine pills much earlier in the day, to virtually no avail-- the pain from dry sockets really is that bad.\n\nI admitted I didn't believe in acupuncture at all. Laurel smiled patiently and said she understood, sat me down in the exam room, put in four tiny pins-- one in each earlobe, one in my left hand, and the final one, in my right hand, and the pain VANISHED!  \n\nI later went to Red Sage a few months after I tore both rotator cuffs in my shoulders, falling through a roof. Laurel said rather than acupuncture I should have John give me Shiatsu. Similar story-- wasn't sure I believed in it, nothing else had worked. John sunk his thumbs DEEP into the top of my shoulders, massaged a few other points, and my shoulders healed up within days. \n\nI've since been back for a slipped (herniated) disc in my lower back-- cupping plus acupuncture worked like a charm-- even a bad flu. The treatments here really stop pain and/or speed recovery times tremendously, and the staff couldn't be more accommodating, professional and courteous.\n\nI'd say it's like magic, but I guess the Asians have been perfecting this stuff for two or three thousand years, so I shouldn't be so surprised. Thank you Red Sage!","useful":1,"user_id":"B0cBeE6hzykelIw_F7H3mA"}
