{"business_id":"7rNb9wky2Zhk2Upl1wlIrg","cool":0,"date":"2015-07-15","funny":0,"review_id":"gZKeRnTjjMk2eQVDCFJyNA","stars":5,"text":"This is an excellent place to get work on your back done. It's very non-invasive. They use a drop-down table, not back cracking, so don't worry at all if you're squeamish like me. Dr. Nelson is a very kind and well-trained person who explains what she's doing thoroughly and asks good questions to get the larger context of what's going on in your life. Their office is also very accomodating. I messed up two appointments due to conflicts, but they were able to move them to something that worked.","useful":0,"user_id":"bV-bRxZQzNopoRzSah3s1Q"}
{"business_id":"7rNb9wky2Zhk2Upl1wlIrg","cool":0,"date":"2014-01-25","funny":0,"review_id":"ZP9N0Yw37vXzKqbVPHb1EA","stars":5,"text":"I've been seeing Dr Ashley for over half a year and am so grateful for all she's done to keep my back and body aligned.  During the course of treatment I got pregnant and it's perfect because she specializes in prenatal adjustments.  My first pregnancy was full of constant back and body pain and this current one has been easy breezy (except for the raging hormones part;) because of all of the energy work Dr Ashley has been doing on me.  I bring my two year old to her and my husband goes as well and the little guy will go also once he's out!","useful":0,"user_id":"dN3ZRZwXfhJH2iVBfjmpIQ"}
{"business_id":"7rNb9wky2Zhk2Upl1wlIrg","cool":0,"date":"2014-09-15","funny":0,"review_id":"SwGfBiWPvFCFFoRSU0JNwQ","stars":5,"text":"Today was my first visit to Renewed Life Chiropractic and I got my first adjustment with Dr. Ashley Nelson.  She is wonderful!  Very thorough and does NOT crack your bones.  I have painful back and knee issues.  The pain causes me to waddle like a duck most days.  After one visit I am already walking more upright and my knees are feeling a bit better.    It is going to take obviously more than one visit to get my body back in alignment, but I have every confidence in the world that with Dr. Nelsons well skilled hands I will be feeling better in no time.","useful":0,"user_id":"GP8HRlzFNYpM7Wyz-hjlnQ"}
