{"business_id":"9vSrDFT9S0Kv8qOB7BGBiw","cool":0,"date":"2013-01-05","funny":0,"review_id":"7ZXeCdRNbkqomwz-jVfU0g","stars":4,"text":"Jurij is an incredibly talented massage therapist. He does his best work with sports massage, deep tissue work, and myofascial release. If you want a massage simply to relax, he's probably not your guy. I came in with some long term muscle pain and tendinitis, and his work has really helped me in healing this. His rates are very reasonable and he works with Unity's wellness program.","useful":0,"user_id":"JV4GrxYJ9SiMRET1fIb3tg"}
{"business_id":"9vSrDFT9S0Kv8qOB7BGBiw","cool":0,"date":"2014-01-23","funny":0,"review_id":"ZCVuu1zfVZaTEHiQYngCMA","stars":1,"text":"WORST MASSAGE STUDIO EVER! I booked a massage for my fiance and myself two weeks ago, and we had an emergency come up the day of, so we called and cancelled. No one answered so we left a message. Today, I look at my credit card statement and I had been charged $70.00 by the studio. I called, and the owner said that because we cancelled the same day, we were charged the cost of one full massage. I argued, saying that we had called and cancelled due to an emergency, and he stated that it was listed in their \"policy\", which I was unable to find proof of. Not only are we forced to now pay $70.00 worth of services that we never received, but we are also poor and soon to be newly-weds. The only reason we were even getting massages and spending money was to celebrate my fiance's new job. What was once our favorite massage parlor is now a place we will NEVER set foot in again, nor will be EVER recommend it to ANYONE. In fact, I plan to go OUT OF MY WAY to let EVERYONE know what a PIECE OF CRAP this place is. Not refunding money due to a cancellation? Also, since we called and had to leave a cancellation in a message, it would have been nice to get a call back...not sure why they weren't decent enough to call us back and let us know that by rescheduling the appointment we were still going to be charged...NOT A GOOD BUSINESS AT ALL!","useful":3,"user_id":"E99Mnqrqdx5FZ_17OiBBDg"}
{"business_id":"9vSrDFT9S0Kv8qOB7BGBiw","cool":0,"date":"2015-11-01","funny":0,"review_id":"RdkHbinQ0xTND_kMwQPwZA","stars":5,"text":"I decided to give this massage studio a chance. They had a great deal for first time clients. Barbara took over the business this year and has been trying to turn the business around. She was the one who did the massage for me.\n\nShe was on point with realizing my trapezius muscles were really tight like others in the past have told me and also gave me some suggestions on how to help this issue. I had a relaxing massage. The ambiance once you enter the studio is awesome, the outside just looks ok. I would totally come back. \n\nThe only thing I might suggest is better signage. I was a little unsure if I was in the right place because there was a massage studio listed but not the words seventh heaven until you reach the door which made me a little confuse. \n\nEveryone should give the new client special a try!","useful":2,"user_id":"srFZ0_Q7ktL5USL63yzrHQ"}
{"business_id":"9vSrDFT9S0Kv8qOB7BGBiw","cool":0,"date":"2014-11-27","funny":0,"review_id":"DVgN3nc3lqVhPN6cqOpHVA","stars":5,"text":"I scheduled my massage last minute and I was accommodated. I am pregnant and the masseuse took great care. The massage was wonderful and I have a lot of experience with monthly massages through my health care. I highly enjoyed my experience.","useful":0,"user_id":"HazSV7hH9YrbDL6lOpS5Dg"}
{"business_id":"9vSrDFT9S0Kv8qOB7BGBiw","cool":0,"date":"2012-03-05","funny":1,"review_id":"G5H5wT-1BVhFXm1wTZzj2g","stars":2,"text":"I had a deep tissue massage at Seventh Heaven last week and the only reason I gave it two stars instead of one is because Jurij at least seemed pretty dedicated to his work.  Everything else deserved one star.  The receptionist was awfully rude and the waiting room smelled old.  The massage table felt really unsturdy and the massage itself was pretty uncomfortable - I don't think I felt relaxed at any point.  The worst part was the obnoxious doorbell that beeped about 10 times throughout the massage. The walls were paper thin and I could hear everything going on outside the door.  It's hard to relax when the surroundings are so unpleasant.  I'm not a massage connoisseur by any means, but I recommend going elsewhere.","useful":11,"user_id":"rH5gRjmCTjo2v00WG9rWgw"}
{"business_id":"9vSrDFT9S0Kv8qOB7BGBiw","cool":0,"date":"2012-06-13","funny":0,"review_id":"H0OEX89n0PYRhv4EAX0RfQ","stars":1,"text":"Do not purchase any deals with them.  The owner is overwhelmed and unable to accommodate already purchased deals.  I have been trying to redeem my living social deal and finally got through tonight.  He told me he could possibly book something in December and apply the amount toward the massage, but he is not taking on new clients and will not be public soon.  he just wants to \"get through this\"  My voucher doesn't expire for a few more weeks.  Yet, I see he is offering more \"deals.\"  Don't buy!!!","useful":1,"user_id":"yNrAASybGHxovlVkQ4H5Ig"}
{"business_id":"9vSrDFT9S0Kv8qOB7BGBiw","cool":0,"date":"2014-04-13","funny":0,"review_id":"wBDJWzROpiFL9VR2dEuSLw","stars":1,"text":"I was given a 1 hour massage as a gift. My instinct was that I wish I had an actual recommendation for this place, but I did not want to appear ungrateful to the gift giver. My instinct was right - I should not have gone. It hurt the entire time and I may even have permanent damage. Since when do massages involve spinal twisting and cracking?? I tried to tell them to be more gentle, but they said it was the fault of my tension and continued at same pressure. Yikes!","useful":0,"user_id":"79mGtt6MfE2pC4ptsTa0Yw"}
{"business_id":"9vSrDFT9S0Kv8qOB7BGBiw","cool":0,"date":"2015-04-18","funny":0,"review_id":"aUHJDfC3X97IuE7RxRgC9A","stars":5,"text":"I had a massage with Heather and it the best massage I have had in a long time.  I would definitely go back there and in fact, I am going back there today!","useful":0,"user_id":"W2rGVb0ZzF-sxKnZgZTcZw"}
{"business_id":"9vSrDFT9S0Kv8qOB7BGBiw","cool":0,"date":"2012-06-20","funny":0,"review_id":"GkydjPE7sjRyfS6RZeCSHw","stars":4,"text":"Good experience on my end...was a little freaked out by the previous reviews, but Jurij really seems to know what he's doing and isn't too gabby during the massage (which is important to me).  I plan to go back when I've got the extra cash lying around.","useful":0,"user_id":"getvFllGzJWv9lA7cjpNTA"}
