{"business_id":"9y6jaNpdMI4L-hPLYkhfBg","cool":0,"date":"2016-09-06","funny":0,"review_id":"77lordvnu0SN5BQLOEfp6w","stars":4,"text":"We've used the emergency room a few times, and I have some regular appointments at this location, but I've noticed that things lack a bit of stability, people come and go, and you're told \"you could continue to see\" that person, if you go over to the far opposite side of town where they're at now.  I do quite like the warm-water pool for the physical therapy I do, and the pharmacy has been mostly pretty convenient to use, though they don't stock as complete a selection of meds as other pharmacies I've used, at smaller locations.  The staff in the pharmacy are very friendly and helpful, especially April.\n\nUW Health lists the following services available at this location:\nSurgical Specialties - Orthopedics, Medical and Surgical Weight Management, General Surgery, Comprehensive Hernia Program, Urology, Minimally Invasive Surgery, Endocrine Surgery, Plastic and Reconstructive Surgery, Neuro Spine Surgery, and Vascular Surgery.\n\nSports Medicine and Sports Performance - Sports Medicine, Sports Rehabilitation, Sports Performance, Physical Therapy, Occupational Therapy, Facial Retraining, Orthotics, Sport Psychology, Sports Nutrition, Sport Massage.  They also have a warm water pool for therapy, and a cool water lap pool.","useful":1,"user_id":"Y1IWQWJuv2iQVyNxggxfww"}
{"business_id":"9y6jaNpdMI4L-hPLYkhfBg","cool":1,"date":"2016-09-13","funny":0,"review_id":"eV-0g0ZnX9lyE2USisNUlw","stars":5,"text":"My wife got stung by a bee and they were awesome at the hospital Good bedside manors! Thank you life savers!","useful":0,"user_id":"oLBtO-FGSIeK9iLCr_9FkA"}
{"business_id":"9y6jaNpdMI4L-hPLYkhfBg","cool":0,"date":"2017-01-18","funny":0,"review_id":"ZkCUAnb5U2Vc41d91mfj-Q","stars":1,"text":"Came in for an allergic reaction waited for roughly an hour for the doctor to ask the same questions that the nurses already did then another nurse came in and told the doctor he was needed else where didn't say anything and walked away so here I am now 2 hours later still waiting for them to come and probably tell me some stupid answer like take more benadryl...\n\nI do not recommend any UW clinics they are by far the worst I've ever dealt with I will pay the extra $50 a month and go back to Dean Clinics...","useful":0,"user_id":"xh9741U9kBECv4EjfN78UA"}
{"business_id":"9y6jaNpdMI4L-hPLYkhfBg","cool":0,"date":"2017-05-31","funny":0,"review_id":"1Tp0PqA_8ZmkawBJHoqK0A","stars":5,"text":"Visited my mom here after she fell, everything they do here they do well.  It is a beautiful facility, the staff are friendly and attentive and they provide safe care.","useful":0,"user_id":"Dkx218--XvJKqNkksaLJcQ"}
