{"business_id":"9DBqnl5-0EH_hRa7-y4aiQ","cool":0,"date":"2017-02-01","funny":0,"review_id":"K2SbEdNQq2U6JZkYUTGZJg","stars":1,"text":"New to ghc.  Really like my primary but they make everything else god awful.  I got a referral to my existing pain specialist because i have a pump implanted in my abdomen that puts pain meds directly into my spine due to a genetic condition.  Thry approved a whole three visits i need monthly. Than they denied the pump refill as needing a prior auth.  So I guess the fist prior auth meant i could walk thru the doors but not get the treatment I need.  Also every link on their site is bogus.  I cant see their formulary to see if i can ask about drug swaps to lower out of pocket costs.  I use chiropractic care often but find the one by me enept when asked if i could get a referral to one i like that is close was told they never authorize outside chiros and i would have to drive to fitchburg for a 5 minute appointment.","useful":0,"user_id":"iUjjuov-XayCS_A8Og8raQ"}
{"business_id":"9DBqnl5-0EH_hRa7-y4aiQ","cool":0,"date":"2016-08-24","funny":0,"review_id":"SviVEpWbkbsq3Bg2vp9fuA","stars":2,"text":"I'm new to GHC as of about a year ago.  They sure shuffle you around a lot.  I've had appointments with 5 different doctors just to establish care because they continuously cancel.  I really like their set up and think they have a very comprehensive model, but in reality I can't give an opinion of much since I can't seem to establish care.","useful":0,"user_id":"AWOKBqOrFwVm3AlF0Ui5Fg"}
{"business_id":"9DBqnl5-0EH_hRa7-y4aiQ","cool":0,"date":"2015-06-03","funny":0,"review_id":"MBuP6Qs-DDnmGWLnY0iC_Q","stars":1,"text":"Just, y'know, keeping everyone abreast of GHC still being godawful. I feel bad dissing them so much because I don't want it to reflect on the providers, who honestly have been pretty stellar in general. But now pretty much ANYTHING you could want from them that's in a specialty is booked 4 months out. Every time I try to schedule it's worse. I know they're having some financial issues as an insurer, but cutting services to patients really doesn't help? I was in the midst of medication changes with a provider I love when open enrollment time came around last year, so I'm still here, but everything I've written about them in the past still stands and then some. Once you can see their staff they're great, if you haven't dropped dead while waiting to do so. And yet premiums keep going up. Whatever I'm paying them for, it sure isn't an adequate number of care providers.","useful":0,"user_id":"VFeAEiDcW5ZR_Mzp7I1fzg"}
{"business_id":"9DBqnl5-0EH_hRa7-y4aiQ","cool":0,"date":"2010-10-16","funny":0,"review_id":"ES3r2VrrFPWPsRP1EqdPfQ","stars":4,"text":"Group Health Cooperative has been great in general. Keep in mind that I've been lucky during my time with them and have had few medical needs, other than preventative care. \n\nI really like my doctor, she seems competent and doesn't rush. I love the Wellness reimbursement, which means I get half price massages every month at their clinic. You can also get acupuncture, reiki, etc. They also reimburse you for part of the cost of a farm share, which is awesome. I also like that they are non-profit. \n\nMy primary complaint has been more with their dental coverage. They cover cleanings and all of that, but not more extensive work like crowns. Also, one reason prescription costs are so low is that they don't offer as many choices as some other insurers.","useful":2,"user_id":"zF8xb0sulEuQ6bFwtl7T4A"}
{"business_id":"9DBqnl5-0EH_hRa7-y4aiQ","cool":0,"date":"2016-03-13","funny":0,"review_id":"plFq8kQ2AgKjkaJT4M3ETg","stars":1,"text":"GHCSW is awful. Some doctors do care but others don't really care about fixing the issue, only medicating it. I was having severe issues with my back and lower body. Dr. Hanna with UW health diagnosed me with Syringomeylia. He did not explain much and directed me to come back for a second MRI in 6 months, leaving me and my family confused. \n\nFinally went to a second specialist. Who wanted to order an MRI to see if I had a tethered spinal cord because Syringomeylia can develop from a tethered cord. \n\nAccording to GHC, I did not meet the \"criteria\" for a Tethered Spinal Cord.Therefore, I was rejected.. Sent on my way... In pain. Finally I switched insurance plans. Went to an insurance out in Milwaukee because I needed a specialist, in neurology. They completed the MRI. AND GUESS WHAT GHC!!! I have a a Tethered Spinal Cord. Sorry I didn't meet your criteria, GHC. It should be noted, not all patients experience the same symptoms! So, I will finally receive the surgery I need. Thanks to Dr. Heffez at the Milwaukee Neurological Institute.","useful":0,"user_id":"tI98yI308unKTz25UFsZKA"}
{"business_id":"9DBqnl5-0EH_hRa7-y4aiQ","cool":0,"date":"2013-09-16","funny":0,"review_id":"MiriBlMMGoM-6yYDFsU1YQ","stars":4,"text":"\"The doctors huddle up and call a flea flicker\nThe reason that I say that \n'Cause they flick you off like fleas\nThey be laughin' at ya while you're crawlin' on your knees\"\n\n-- Flavor Flav (Public Enemy) - 911 Is A Joke \n\nI have been a member of GHC-SCW for several years.  I can wax on (and on) because in that time I have had a potpourri of non-life threatening medical issues.  There have been many specialists involved treating those conditions.\n\nOverall, GHC's patient care is excellent.  Members of the doctor's team (the doctor, Assistant Doctors, RNs) have all been friendly and helpful.  I've only encountered rudeness with their Urgent Care (I was sick as a dog a few years ago and wanted an antibiotic and was dressed down a bit).  \n\nThey are affiliated with both Meriter and UW-Health, so you can get the best of both worlds. TIP: In my experience though, UW-Health is far more efficient w/ ER Care. \n\nI am not a huge fan of their triage policy for hospital care.   Basically, before you go to the hospital you are required to contact them and have a nurse contact you to get permission to go the ER.  Usually it has taken me at least 45 minutes to get a call back.  When an ER visit is requested, it's usually due to extreme fear or being in a lot of pain, so that hour or so to get a return call can seem like an eternity.  However, you can just go to the ER -- if they do not give you permission beforehand, you better meet their subjective standards of what qualifies as a valid ER visit. Clearly, it's a money-saving move, so patients go to Urgent Care Vs. ER Care when possible and not milk the HMO for ER duckets.  \n\nEven with those issues, GHC is nearly a  5 * HMO.  \n\nMy primary care team has never dragged their legs on referrals.  In my controversial opinion, primary care physicians (or physicians assistants) are glorified RNs and medical specialty matchmakers.  I have had doctors in the past that either tried to do everything his/herself or need to be begged for a referral -- that limbo period is very frightening and dangerous.  I have  never experienced it here.  Although not everything came back as positive based on my suspicions, they are exceptionally patient with me and have worked with me until I found the root of the problem or satisfied with their efforts. \n\nThey have many facilities internally.  You have pretty much every known specialty of standard, complimentary and alternative medicine under the sun (although there is an additional cost for alt-care).  If they do not have it, they will immediately refer you to somewhere that does.  Their Urgent Care is very good about seeing you that day.\n\nBilling and so forth has been huge stressors I've had with prior HMO's.  I've never had charges that I needed to dispute for my family and me for the entire time.  Prior to GHC, I had to beg for specialty care and even needed to appeal surgical charges. The\n\nIf you appreciate high quality & wide-reaching medical care with very minor headaches (compared to most other HMOs), GHC is for you.","useful":2,"user_id":"9I-kXfb7-1iAQFvHplk1PA"}
{"business_id":"9DBqnl5-0EH_hRa7-y4aiQ","cool":0,"date":"2013-12-05","funny":0,"review_id":"lk-qqarm5_RZa8J6kiWP1A","stars":2,"text":"Avoid Dr. Rudy, ND.  Had a few situations where he disrespected me, that make his usual professional approach seem like puffery.","useful":0,"user_id":"VdWp3k10pzB9KmsCj4I_5Q"}
