{"business_id":"9mkB06yGtgta7NTkt5DJ0Q","cool":1,"date":"2017-06-26","funny":0,"review_id":"qFNBqFvFlp5qBWvF6WmQIA","stars":5,"text":"Eye Contact on Mineral Point Road is an extraordinary stop for eye care! The Doctors are outstanding. The staff is welcoming, supportive and informative. Their selection of eyewear is impressive. You will not be disappointed!  Allan K","useful":0,"user_id":"pGp158BuERc_EWwAJklJ3g"}
{"business_id":"9mkB06yGtgta7NTkt5DJ0Q","cool":0,"date":"2015-04-07","funny":0,"review_id":"8CsMGHknZKiH1LEyaz9V2Q","stars":1,"text":"I can only agree with Austin and say that this place is just beyond reprehensible. The people who help you are generally friendly, but their billing practices are just outrageous. Who thinks that paying for 200+ for an EYE EXAM is a good deal? Show of hands? Didn't think so.\n\nHeaven forbid if you have a billing issue because lord knows they won't be nice about trying to fix it. Instead, they direct you to their \"accounts payable and insurance specialist\" who is condescending and rude. Even if you've tried being nice, they are clearly always right and if they make a mistake in billing insurance, it's automatically your fault as the patient.\n\nBuyer beware, don't come here.","useful":1,"user_id":"PXyl6NMMlfAWhHoy9wqObg"}
{"business_id":"9mkB06yGtgta7NTkt5DJ0Q","cool":0,"date":"2017-05-02","funny":0,"review_id":"vft9B3-7jCkbCH9x2W6Xag","stars":5,"text":"I have been going to Eye Contact West for around 10 years now and have always received professional and courteous service there. My insurance company referred them as one of the few that accepts my insurance from another state on the east coast.\nI have always requested the doctor soonest available and as a result have seen all of them and they have all been extremely thorough. I have also paid the 25 dollar fee to get to Optomap rather than that awful pupil dilation I have had to suffer through since childhood which caused blurred vision for hours . In addition to the convenience it also is more comprehensive in that it gives a visual \"map\" of the entire eye. One year one of the doctors was able to determine that there were changes that indicated a potentially serious health issue for which he referred me to my physician along with a copy of the map.\nAs far as glasses, I found the best frames I have ever had there which I have worn nearly every day for three years and for which I still get complements at least once a week.  They were reasonably priced as well which is not always the case for the frames there. It also seems like the selection is hit or miss as well. Sometimes they have too many gorgeous ones to choose from and other times they seem bland.\nThe first year I needed no line bifocals I went to a cheaper place with my prescription and ended up just taking my glasses off when I needed to read. The next year I went with Eye Contact's recommendation to use a more expensive type of lens made by Eastman Kodak of camera product fame (including camera lenses) and it made a world of difference. \nSometimes I order contact lenses and they have allowed  me a generous amount of samples from which to decide before ordering. Now I use the daily disposables which are about the same cost as other lenses and I don't have the need to buy expensive cleaning, storing and disinfecting solutions. This is especially convenient since I use them infrequently and it means I always have a fresh pair. \nThe doctor even prescribed allergy drops especially for contact lens wearers which works better than the OTC ones but needs daily use to be effective.","useful":2,"user_id":"unL60oWC_Tg4RQK2H-0uNg"}
{"business_id":"9mkB06yGtgta7NTkt5DJ0Q","cool":0,"date":"2014-04-19","funny":0,"review_id":"a1iTNZRjKYFNoYrtnSC_cg","stars":1,"text":"After going to get an eye exam, which they billed my insurance $176.62 for, they told me they would not give me my pupillary distance as it was not part of the exam. I would have to pay a salesperson $25 to get this. Sounds like BS to me, after some research I realized that not only did they already have it on file as I bought glasses there before, but the machine they used to auto detect my perscription would also have already given this to them. Total scam, and I will never go there again. I spoke with Sams Club where I went for an eye exam before, and they gave it to me over the phone and even offered to give it to me for free if they didn't have it on file.","useful":0,"user_id":"p9LOYNnyztMxwQJnWQgB4g"}
{"business_id":"9mkB06yGtgta7NTkt5DJ0Q","cool":1,"date":"2017-05-11","funny":0,"review_id":"RHQ3LBoQhl_i8F5We12EzQ","stars":5,"text":"I have seen Dr. Vandem Boom since I moved here in the mid-nineties, and she has been professional, personable, and thorough. I brought my sons to see her, and was always pleased. I have since gone to other eye doctors, and gotten questionable results. Just recently, I had an experience that was not satisfactory, and Dr. Vanden Boom worked with me to correct my prescription. Also, in the office I was very impressed by the aid I was given by Kim Leanna... she very helpfully described exactly what my insurance would pay for, guided me through eyeglass choices, and knew what would be best for me. That is so important, as glasses are a huge decision. Thank you, Eye Contact... I will never go anywhere else!","useful":1,"user_id":"eR_HlVpWQH5vaknIdUbBMQ"}
{"business_id":"9mkB06yGtgta7NTkt5DJ0Q","cool":0,"date":"2013-10-09","funny":0,"review_id":"KxQLBy-cmldCnY9D0_D-kQ","stars":5,"text":"I recently had my annual eye exam here  with Brittany E. Radke, OD. She and other staff I interacted with that day were great. Brittany explained things thoroughly and all went smoothly. My insurance covers eye exams, less a $20 co-pay so can't speak to the value. They have an Octomap - which is great, it eliminates the need to have your eyes dilated. My insurance covers it due to a condition... you might check yours before going. Otherwise I think it's $30 more, still worth it!\n\nI didn't need new glasses this time, my prescription hadn't changed, but purchased my current pair here. I've been happy with them and have gotten a lot of compliments on them. I will definitely come back. My boyfriend recommended this place to me and I will continue to recommend it to friends.","useful":0,"user_id":"oFu61fiwKh6W_zgGjATfyw"}
