{"business_id":"_eXvlb7nQOfdIS9eb1t1gw","cool":0,"date":"2015-04-08","funny":0,"review_id":"AGLWoyx2KAW20D6UEsjjlQ","stars":1,"text":"They have to fire the front desk lady. The lady is rude to customers and not trained how to communicate. Sometimes she is not polite and takes the customers to the edge so that they never turn back to this place again.\n\nThe so called dental hygienists pretend that they are Dentists and give free advice on dental hygiene to everybody. They don't know it is their job to clean and not recommend expensive deep clean procedures.\n\nThey are greedy. I caution people. They try to make business and do a poor job. Sometimes they mess up during their drilling/extraction and send people to other clinic.","useful":2,"user_id":"to62iEZ_q0mj0SAkX3gtNQ"}
{"business_id":"_eXvlb7nQOfdIS9eb1t1gw","cool":1,"date":"2017-05-17","funny":0,"review_id":"mj23C6j7NMRhQjbu7p9RIQ","stars":4,"text":"We have been clients at this location for 5 years, and 5 years before at the Fitchburg location. In general we have no complaints. They are friendly and patient with this forgetful mom with email reminders and personal calls. My kids love it there. They have a whole wall in the waiting room dedicated to the kids that visit including books and activities. They can get very busy at certain times of the year so please book ahead.","useful":0,"user_id":"yc45X4AC01JBkXUuk5CevA"}
{"business_id":"_eXvlb7nQOfdIS9eb1t1gw","cool":0,"date":"2015-04-21","funny":0,"review_id":"QpWtAa6KO8n6CWiywtl8cg","stars":5,"text":"Staff are friendly and knowledgable. They have TVs set up that you can watch while you're in their massaging chairs getting work done. It's a great, comfortable place!","useful":0,"user_id":"UxfkYd_1OfEL9WDK-5Onkg"}
{"business_id":"_eXvlb7nQOfdIS9eb1t1gw","cool":0,"date":"2016-04-28","funny":0,"review_id":"2JH_nNPtn_RjWVPNyYNB-w","stars":1,"text":"What a scam!  First off, I was asked what I wanted for today's treatments: cleaning and my partial repaired. Neither one happened. The appointment lasted 90 minutes. Not efficient.   They told me that I needed a complete extraction and I said no, I just would like a cleaning.   They were adamant about telling me how I need my teeth repaired and the cost. The did not listen to me one bit!  The bill would have cost me over 7K. the funny thing is they did not offer to fill cavities at all. They went for what cost the most.  Don't thing we will be returning!","useful":2,"user_id":"ukvXZuS8n67thxKFigK3yQ"}
