{"business_id":"_oGfoYaLUWbUe3TcOmS4Ng","cool":0,"date":"2016-10-01","funny":0,"review_id":"w2nRKkCVNUz0u0ab7HUZxw","stars":5,"text":"I cannot begin to express my gratitude to this woman. She gave me advice that has improved my energy, mood and overall well being. If you have been thinking about seeking help, see Laura.","useful":1,"user_id":"MUBwmOUYZTjIC2AKcbVzWg"}
{"business_id":"_oGfoYaLUWbUe3TcOmS4Ng","cool":1,"date":"2016-03-02","funny":0,"review_id":"kq1zDGfDD3hYDSEG8qScKg","stars":5,"text":"I don't even know where to begin! I felt so SO comfortable when we first met.  I planned  an hour and spent almost 2 hrs on the clock! And then more time talking about our younger days. We are kindred souls!  We've been through many similar things. \nI can't wait to go back and see Laura! She made me realize why I am where I am in life. \nLaura opened my eyes to many issues in life and how I have the power to change it all!\nTAG everyday! \nChange your story!\nChange the way you think!","useful":2,"user_id":"Qp9JV51uQHTOJViPk1IadA"}
{"business_id":"_oGfoYaLUWbUe3TcOmS4Ng","cool":0,"date":"2016-03-09","funny":0,"review_id":"itfrwqxh21n2bEhweJU9LQ","stars":5,"text":"I'm not sure who that one person was talking about when they rated Laura 1 star... because I swear to God Laura has changed my life. Her insight into my life literally changed the way I live day to day. I would highly recommend that people --- whether phone or in person (I've done both --- who are considering working with an intuitive healer, work with Laura Kuhl!","useful":2,"user_id":"ALJKO-QOBhNKPucsa6AJBw"}
{"business_id":"_oGfoYaLUWbUe3TcOmS4Ng","cool":0,"date":"2015-02-13","funny":0,"review_id":"tMLX2W8y_4HHumSgckpkVg","stars":1,"text":"If there was a rating of ZERO, I would rate Laura a -20.  She is not a psychic and is plain and simple, a really bad therapist.  She didn't state any facts.  If she was psychic, she probably would have known how to spell my boyfriend and I's names instead of guessing how to spell it, which she was wrong.  All she did during my session was ask me questions, and tried going off of my answers.  You could tell that she was getting frustrated with me because she couldn't read my facial expressions and that I only gave her yes or no answers.  It got to a point where she even yelled at me to look at her in eyes because she wasn't able to read me.  After that, I told her I was done.  My session only lasted 10 minutes.  Luckily she didn't charge me and it's also not disclosed on her website that you even have to pay her.  The only thing exciting was her cute dog.  Feel bad for the little fella.","useful":3,"user_id":"rpEgDgfPbjzhHfQ3l1r8Wg"}
{"business_id":"_oGfoYaLUWbUe3TcOmS4Ng","cool":0,"date":"2016-04-29","funny":0,"review_id":"XB5gAtWkTOCY1clH5u_4Jg","stars":5,"text":"I had a reading today with laura and was impressed with her accuracy. She confirmed  quite a few things that I knew and provided details of future events. The reading was delivered with kindness and good humor. Laura also gave me a healing and suggested certain types of practitioners that could help with the issue at hand. I felt much better and more energized after our talk!!","useful":1,"user_id":"40DGjTiiYNHk_n1HNSCRBw"}
{"business_id":"_oGfoYaLUWbUe3TcOmS4Ng","cool":0,"date":"2015-01-08","funny":0,"review_id":"hTAyjL1SA13vL3dHLUJd7Q","stars":5,"text":"Laura is flexible, understanding and a great person to be around. Her gifts are inspiring and uplifting. Spiritual healing is a great way to bypass Western medicine and give something new a try that actually works! She helped me emotionally, my partner with physical pain and pointed out some gifts I have that I was unaware of. If you live in Madison, WI and are in need of healing on any level, or are interested in getting in touch with deceased loved ones, she's the girl to call!","useful":1,"user_id":"2dubMgrbOveqBWRkSLPejg"}
