{"business_id":"A6kPqeEt5OICEvOpUa9rCw","cool":0,"date":"2014-09-16","funny":0,"review_id":"kMt5YIVltc2DVEXI7FUcdw","stars":3,"text":"The shop is incredibly tiny, but is nice and doesn't feel sketchy. I was a little confused if I had the right place when I first pulled up though. So if you come up to a building of various offices, you've got the right place don't worry. The owner was very, very friendly and was the best part about the shopping experience. Unfortunately, I just don't like their juice. It's not exactly bad, but I just don't like the underlying taste in all of them. I can't exactly place what it is, but it's very sugary. I have yet to try the infamous fishsticks and custard juice yet. I'll probably purchase that one in the future, but I probably wouldn't go out of my way to get anything else.","useful":1,"user_id":"oNQI-ZQnalRlLyZxKkJ08A"}
{"business_id":"A6kPqeEt5OICEvOpUa9rCw","cool":0,"date":"2014-08-02","funny":0,"review_id":"rD0QWqQNcUqMYzLwKYqEuQ","stars":2,"text":"Slow and fairly unfriendly service.  Overcrowded and dismal environment.  Products are average, prices slightly above.","useful":1,"user_id":"_x1m6gKpjRhVwTOoUUZB4A"}
{"business_id":"A6kPqeEt5OICEvOpUa9rCw","cool":0,"date":"2015-06-12","funny":0,"review_id":"NpVF-2gOgDJr2aPyQQsVUg","stars":5,"text":"Nice. Knowledgable. The manager's girlfriend is pretty silly (and pretty hot). I like this shop, and way cheaper than other local shops.\n\nOnly complaint is no samples... I'm new to vaping and wanting to explore what I like.","useful":0,"user_id":"xLmfmjnQ-Cp7uUvGKdh2UQ"}
{"business_id":"A6kPqeEt5OICEvOpUa9rCw","cool":0,"date":"2015-01-19","funny":0,"review_id":"S0JyqwHthLWa81u6iWoBmw","stars":4,"text":"For my first time at a Vape store, the guy behind the counter was extremely helpful and nice. Very honest and straightforward about the products and quick as well. I would definitely recommend it. Size of the shop is irrelevant, there is ample parking outside the shop which is convenient.","useful":1,"user_id":"NmschFP2tEq74GHXbSVxAA"}
{"business_id":"A6kPqeEt5OICEvOpUa9rCw","cool":0,"date":"2014-03-17","funny":0,"review_id":"x2uT-KqmaXFgO6UYInXBoQ","stars":5,"text":"Huffle Puff Vapes has an Amazing Mango Peach e-juice, and Coffee juices. That's what I buy so I am speaking of them from experience. The customer service there is spot on, and Kevin will help you with whatever you may need. If he doesn't have what you are looking for he is good at getting it for you, just ask. \n\n The prices simply are the best in Madison WI. ya go down on State Street and they want ya to leave without an arm, and a leg. Trust me I have been down there. I need all 4 of my limbs TY! \n\n TY Kevin for always helping me to get what we need, and even going above and beyond to start stocking products that we use when ya didn't have them to begin with!!","useful":1,"user_id":"qA6v-AeuzTGFPYtFUM7okw"}
{"business_id":"A6kPqeEt5OICEvOpUa9rCw","cool":0,"date":"2014-04-29","funny":1,"review_id":"y3hyNajmRf484ogsyo-Rtg","stars":5,"text":"I've stopped into Kev's shop at least a half dozen times, and each time there are more and more temptations!\nHe is very passionate about his products and is more than happy to help you learn how to use them.\nThe flavors that I have tried are incredibly satisfying and fairly unique. Fish Sticks and Custard...need I say more? I will. The Organic Tobacco flavor is quite smooth.\nVery quick to whip up a special flavor...Cinnamon Toast is the perfect companion to a nice cup of coffee.\nSupport small, local businesses and give this place a shot!","useful":2,"user_id":"2RW8aVi_rsDEfuBou1Kq0A"}
{"business_id":"A6kPqeEt5OICEvOpUa9rCw","cool":0,"date":"2014-08-14","funny":0,"review_id":"LS5WQ3embD9wO8ubFjDEtA","stars":2,"text":"I thought I'd try a different juice without going downtown and going through the parking search.  Basically I walk in and It looked like they set up shop in a utility closet. I got a 15 ml bottle for like 11$. Normally I pay 14 for a 30 ml bottle at smokes on state. The guy working had no personality and also didn't really offer any suggestions.  I ended up giving the juice away. Overall I'd say go downtown SOS it's worth the parking. Way more selection on mech. mods and RDAs. Way bigger selection of juice, cheaper and all really cool guys that are willing to help you once you walk in. Not a one by one process.","useful":1,"user_id":"-ASQxrjEtMnXP9KnUescag"}
{"business_id":"A6kPqeEt5OICEvOpUa9rCw","cool":0,"date":"2016-04-07","funny":0,"review_id":"jMPGJcL8DsZ2_03aIqDVCg","stars":3,"text":"Kevin exchanged a tank that was bent when I purchased it.  It was not the easiest exchange, but it eventually got worked out...","useful":0,"user_id":"wbPUNLihAoAGQ38DvMS7Jw"}
{"business_id":"A6kPqeEt5OICEvOpUa9rCw","cool":0,"date":"2016-03-25","funny":0,"review_id":"7yc9ThW1ebv1yifZTAV2NQ","stars":5,"text":"They helped me out with my e-cigarette and explained the coil to me and how to change it. I was burning my mouth for weeks thinking that's how it's supposed to taste. THANK YOU!","useful":2,"user_id":"0Q7OmOujNQJhnjm-yynUHw"}
{"business_id":"A6kPqeEt5OICEvOpUa9rCw","cool":0,"date":"2014-11-24","funny":0,"review_id":"9mbY8yPPzOEzYdojS1-PuA","stars":3,"text":"Pretty small space.  Very cramped with other customers in there.\nWent in for a couple tanks.  The gentleman who helped me was polite.\nWill probably go back & try some of their juices.","useful":0,"user_id":"voJVY9eC9MXKfk-7igUCJA"}
