{"business_id":"AseAvrgRW-2ticUHWzOcFg","cool":0,"date":"2015-04-16","funny":0,"review_id":"coXwzeKVwV7QKHrCRfVNXw","stars":5,"text":"We left Madison, but I missed this dental clinic and those dentists and hygienists we met over there.\n\nAll of they were dedicated and professional. They cared about patients and also did great job working with our insurance to save a lot of out-of-pocket money for us.\n\nI wished we could stay longer in Madison so would not need to worried about finding a good dental office as Dental Health Associates East Clinic somewhere else.","useful":0,"user_id":"mTX7lzA8qiuq0VhNVWO-OA"}
{"business_id":"AseAvrgRW-2ticUHWzOcFg","cool":0,"date":"2016-01-04","funny":0,"review_id":"9xhexLhIE6ftLw-RpibWAg","stars":3,"text":"Overall for Dental Care, I'd give them a 4. Although there was a hygienist there that I had to make sure that I didn't set up an appointment with. She was very rough, don't think dental cleanings are supposed to be painful!  I gave them a 3 star review because their billing department is difficult to work with. I have been going to Dental Health Associates for a few years, tried out another office about a year and a half ago and came back here. I've had implants, crowns, fillings, cleanings, xrays, etc.  They ALWAYS have screened my insurance anytime something was going to be done and I would have a co-pay for the remainder of the balance of what insurance did not pay. I had to pay this up front, and was typically notified via letter before the appointment so I knew how much I would owe. I recently went for a cleaning and was told I was due for x-rays. I then get a bill in the mail for $206. WHAT?!  I called the billing department assuming there was some sort of mistake. The woman in the billing department (who was NOT friendly at all) told me that I met my insurance limit. I said that if I would have known that I would never have allowed xrays to be done. She then said very abruptly that it was not the clinic's responsibility to know when people have reached their limits and that is on the patient.  oh really? so when I needed a $2,000+ crown, etc. you all made sure that insurance was going to pay before you provided any service. Not consistent at all. Poor customer service/information to patients.","useful":3,"user_id":"QEkgYrrUEPJJbiUCLqf0fg"}
{"business_id":"AseAvrgRW-2ticUHWzOcFg","cool":0,"date":"2015-02-01","funny":0,"review_id":"4qyAFMxBNQu8GXTn1ptrSg","stars":1,"text":"My husband and I had our teeth cleaned here in the summer of 2014, and things went smoothly.  We had Momentum insurance at the time.  When I came back 6 months later in December, we had changed insurance.  My husband's appointment was for the following week.  In the middle of my cleaning, some lady from billing burst into the room and not very politely informed me that they could continue to see me, but couldn't see my husband any more as I was the LAST person they could see from our new insurance company.  Come ON.  My husband is a disabled Air Force veteran so for them to essentially kick him out as a patient was atrocious to me, and totally unacceptable.  This place should be ashamed for treating our country's veterans this way.","useful":1,"user_id":"wmJsu8F-82nLLxq2cNASOA"}
{"business_id":"AseAvrgRW-2ticUHWzOcFg","cool":0,"date":"2014-06-10","funny":0,"review_id":"FGrmdmRsrh6B3nqbr7z1qA","stars":5,"text":"Dr Killian is an amazing dentist. I had my molar extracted. Both him and his associate, Lisa, were very professional and a great team. Quick, practically painless, and had a made the whole experience an absolute pleasure. I had not been to the dentist in 8+ years so I was nervous... They made me feel comfortable and I will definitely be coming back for cleanings and any future dental work. Very impressive.","useful":0,"user_id":"4VSaSL3ik7Pf_xgUyHG93w"}
{"business_id":"AseAvrgRW-2ticUHWzOcFg","cool":0,"date":"2015-04-02","funny":0,"review_id":"lTaXeplBXdr2rxnM6FFyMQ","stars":5,"text":"So I recently changed dental insurers and needed to source a new dentist. While perusing my options online, I found a familiar name, Killian, here. The building looked cool, their location is close by, and their website was impressive and extremely user friendly. I managed to do the entire intake and registration process online, and that was perfect. \n\nI arrived for my appointment and found a bank of receptionists in the spacious, cathedral-ceilinged, atrium style lobby, which meant very little waiting. From what I could see, they were all very quietly friendly and efficient. I didn't wait long to be called back for my appointment, either.\n\nMichelle, who had a well-deserved award on the wall for her 13 years of excellence as a dental hygienist, cleaned my teeth. She was very down to earth and did not fill the airspace with pointless chatter, just did an amazing and very thorough job. She didn't bat an eye when I asked if the music could be turned down or changed (it was Z104 type radio, not relaxing for me at all). She just grabbed a small stool, reached up and turned the sound off on the ceiling speaker. Ahhhhh. So much better. :-)\n\nWhen x-ray time came, I nervously told her about my issues with that, because those things never fit in my mouth correctly. Turns out, they have this new digital thingie (sorry for the technical jargon), and it's small, no pain, and there's no film or waiting, and pow, there's your teeth instantly onscreen. Sweet!\n\nThe dentist came in, and he was great too. I asked him if he was related to the other Killian dentists in town, and it turned out that he is brother to one and uncle to the other. Now that makes three Killians who have worked on my teeth over the years, and I have been extremely satisfied with all of them. Personality, humor, kindness and skill, all top notch.\n\nThe billing and follow up appointment setting was painless as well, and I'm actually looking forward to coming back and getting a couple of minor things fixed. Just a great experience all around. Thanks, everyone!","useful":2,"user_id":"yJP-54fC6lpYXXl5X0JyJw"}
{"business_id":"AseAvrgRW-2ticUHWzOcFg","cool":0,"date":"2017-05-31","funny":0,"review_id":"Sl1OsHyL515wHW6mL3RSlg","stars":1,"text":"Unprofessional patient communications. Inflexible policies. There are so many professionally run, quality dentist offices in Madison who would make a bette choice.","useful":0,"user_id":"sb9UkdJo-fMKOxiWcoUYyw"}
