{"business_id":"aNOZxz80w0fv4mYLB2VXfA","cool":0,"date":"2015-07-12","funny":0,"review_id":"Hxd4tp3JvYCJ8aDsUn7ULA","stars":5,"text":"I couldn't be happier with how both pair of my new glasses turned out. My prescription is very strong and I also wanted a progressive bifocal lens. They turned out perfectly and were ready within a week. The chain eyeglass store I worked with last time took more than a month to obtain and lasted less than a year!  My glasses rock! The sunglasses are icing on the cake!","useful":0,"user_id":"gOPb5aX4mutKYL3CeHr7ug"}
{"business_id":"aNOZxz80w0fv4mYLB2VXfA","cool":0,"date":"2011-06-13","funny":0,"review_id":"wdZIR4CIid5u4EpbHKncrw","stars":4,"text":"This is the ONLY place I go for my eye care....everyone there is so nice and makes you feel really comfortable...I asked for their opinion in helping choose my frames and they were honest and very helpful. After graduating from UW and moving to Chicago, I STILL go back here for my glasses and contacts. I LOVE THIS PLACE!!! They are efficient and have a great selection of frames....I would recommend this place to everyone! Their prices are on the high side I think but it's totally worth it for the quality and service they provide.","useful":0,"user_id":"74x4ItI_b1ukemE8ZkNJZg"}
{"business_id":"aNOZxz80w0fv4mYLB2VXfA","cool":0,"date":"2011-12-27","funny":0,"review_id":"v20ALMBdfVogWSKTMA0BFQ","stars":1,"text":"I had asked for specific information on my MEDICAL RECORD they wouldn't give it to me. NEVER going to come back after being here for 2 years.","useful":0,"user_id":"zl2FehdFQ061ibhbwQhkcA"}
{"business_id":"aNOZxz80w0fv4mYLB2VXfA","cool":0,"date":"2009-04-10","funny":0,"review_id":"RRcSvj8okmQSITxpisy8tg","stars":5,"text":"I have been going here for 2 years straight and have nothing but positive things to say about Madison Optometric Center. As someone who sleeps with her glasses on, I often need readjustments which are always done by incredibly polite people in the front.  During both eye exams, the optometrist took the time to answer all of my random questions.  Seriously, go here if you can. Waaaay better than the chain stores.","useful":2,"user_id":"5oM7gXmeX7s6T1_KlL30yQ"}
{"business_id":"aNOZxz80w0fv4mYLB2VXfA","cool":0,"date":"2015-07-23","funny":0,"review_id":"lvoScyEdOBNXVHuwpfgXdg","stars":4,"text":"Great service, friendly and prompt answers, quick and effective exam. I've never been in and out of an optometrist's office so quickly and with exactly what I needed! I commented to the eye doctor that I appreciated her brevity and she responded, \"what else is there to test? You know when you can see!\"\n\nThe ladies out front helped me pick out a very cute pair of frames; the missing star is only because the frames and lenses were kinda pricey. For an exam, frames/lenses, and contacts were over $600. But, whaddya gonna do, it's vision stuff and it's just pricey. The service and super cute frames were worth it! This is my eye doctor from now on!","useful":0,"user_id":"FxAr7k45MEK44Eq-epF7kg"}
