{"business_id":"ajtmx6-FDCihNmS05FLo8g","cool":0,"date":"2016-02-29","funny":0,"review_id":"ukM4Ht1Uw71-fW5UArVnfQ","stars":5,"text":"I've had three appointments here, and had a positive experience each time. I had my first cavity filled here, and like Eric W, I had a surprisingly good time. \n\nThis is a great office. The space has a nice relaxed atmosphere, very bright and clean, and doesn't have that unpleasant smell that dental offices sometimes have. Everyone I've interacted with is very friendly and welcoming. The assistants actually have proper conversations with you instead of mindless small talk. They're also very considerate; I'm pretty self conscious about the appearance of my teeth and I never experienced any shaming or scolding from any of the staff.","useful":0,"user_id":"CL67Ze0Fr7sCtLzkDUkrJA"}
{"business_id":"ajtmx6-FDCihNmS05FLo8g","cool":1,"date":"2017-03-27","funny":0,"review_id":"16LFr-9lX3hYa93JB3pWYw","stars":5,"text":"I've seen Dr. Boucher three times in as many weeks - more times than anyone really wants to see their dentist. But my experience at her practice was so pleasant I almost didn't mind. Her manner is a combination of Midwest nice and incredible efficiency. Dental work makes me very anxious but she talked me through every step and anticipated and warned me about potential discomfort (not that there was a lot! I felt sufficiently numbed for both cavity filling appointments). And she and both hygeinists I've seen were quick! I was in and out in under an hour for all three visits. Only time will tell how the fillings hold up, but I feel optimistic and I'm very glad to have found her at University Hills.","useful":0,"user_id":"sB7Ct0hUPOYgQqxef7JQzA"}
{"business_id":"ajtmx6-FDCihNmS05FLo8g","cool":0,"date":"2012-09-27","funny":0,"review_id":"_jH3KPmJjdOsaDN_VJ-FFA","stars":5,"text":"Our 14 year old son had fillings done by Dr Siegert and the visit was awesome! This was the first time our son had dental work done so he was a little nervous (as were mom and dad!) but Dr Siegert explained things every step of the way and made the visit great! Having a TV to watch was very helpful also. Dr Siegert and his entire staff are truly awesome!","useful":1,"user_id":"lQ15d_xsgf-z_hc1N3EYNA"}
{"business_id":"ajtmx6-FDCihNmS05FLo8g","cool":0,"date":"2013-01-31","funny":0,"review_id":"Swe2va0yzwi72c5u2uHrQA","stars":5,"text":"Just left a review on Google but thought this might be more helpful. I can honestly say that I had a good time getting a cavity filled. It was painless and I cannot even tell that it's there. While I was in the chair, we had ESPN on and chatted about Ray Lewis.","useful":1,"user_id":"NBklwrBYYH34qe6wcWT9jA"}
