{"business_id":"apd2-HPY6DvuFcAfQjtcbw","cool":2,"date":"2016-01-20","funny":0,"review_id":"8bAI3Tki9mTiV4Vsjdz7gA","stars":5,"text":"Dr. Farrow and the entire staff are kind and considerate, as well as always professional and timely in their care. I've never waited more than a minute to be seen, and my questions and concerns are always answered clearly and honestly related to financial cost, duration of treatment, ongoing procedures, etc. I keep referring friends here--they're a wonderful dental practice and we're happy to have them so close by. By far, they've been our best experience with a dental practice ever!","useful":2,"user_id":"W0WcYBfrrxw7mTvcWZ8Ouw"}
{"business_id":"apd2-HPY6DvuFcAfQjtcbw","cool":0,"date":"2015-07-22","funny":0,"review_id":"emEAjWVP6P-G-P1AYWuR6w","stars":5,"text":"Can't speak highly enough of this dentist.  All the staff has been incredibly friendly and generally excellent to be around.  Very welcoming, clear and willing to take time to explain procedures.  Fair and thorough with their examinations and procedures.  Dr. Benjamin has also been great and even did personal follow up after I had a tooth extracted.  Its the best dentistry I have seen thus far and would be hard to top.","useful":0,"user_id":"9gD9ECjyK8DdJS1_yA9SXw"}
{"business_id":"apd2-HPY6DvuFcAfQjtcbw","cool":1,"date":"2016-05-17","funny":0,"review_id":"khyZXPRtvnQOa2ywhfTShA","stars":5,"text":"Very kind people. They will remember your name quickly and make you feel welcome and respected. Their procedures are thorough and respectful. The location is early accessed unless there is traffic on Monroe. Their hours of operation are convenient and their staff is knowledgeable. My favorite aspect of their business is their commitment to sustainability.","useful":0,"user_id":"QSfz5oUlC3Eo9hmo3YoNjw"}
{"business_id":"apd2-HPY6DvuFcAfQjtcbw","cool":2,"date":"2017-01-10","funny":0,"review_id":"4Kxpsh4Em5JGTI8KrTXszg","stars":5,"text":"Thank you, thank you!  My tooth broke, crown fell out, and I had a packed two weeks of work.  The team got me in within an hour, worked with me and my crazy travel schedule, and my teeth are back to normal!","useful":0,"user_id":"DJc8PdD09PtgLR4KdOLaJA"}
{"business_id":"apd2-HPY6DvuFcAfQjtcbw","cool":1,"date":"2015-08-24","funny":0,"review_id":"ApbKWYmJHh6VRYroZvR6nA","stars":5,"text":"I had some limited availability, but they were able to fit me in the very next day for an appointment at Monroe Street Family Dental. Dr. Farrow and his staff came highly recommended by a friend of mine, and I totally understand why. They're very accommodating at this practice, as well as funny and friendly. Plus, they all seem to enjoy what they do! I had a very thorough first visit including a cleaning, x-rays, and impressions for a mouthguard. Gina and Jessica were a great team along with Dr. Farrow. I'm glad I found a good dentist during my brief time in Madison.","useful":0,"user_id":"A1YCqcUzPgTgfx9yIukAsw"}
{"business_id":"apd2-HPY6DvuFcAfQjtcbw","cool":1,"date":"2015-01-06","funny":1,"review_id":"K9y0AKmOu558rDzim23gIw","stars":5,"text":"My whole family goes to Monroe Street Family Dental and they have seen us through years where we needed various procedures and years where we didn't. I trust Dr. Farrow and find that he listens carefully to what I want and need for myself and for my children. I have opted for various procedures at his recommendation and wished I had only been able (financially) to do it earlier. And I have opted out of others and found that he adapted his plan to suite my decisions and never pushed me into revising my choices. He consistently works with us collaboratively. He is honest and cares for his patients. And as a mom with two very young children (and in need of several procedures on my own: braces, etc), I rely on that integrity. I changed insurance rather than have to change dentists: It's that important to me.\n\nFor example, after two kids and nursing my teeth were showing moderate wear from a mild cross-bite I've always had. My last dentist never addressed the issue even when I would ask about it - I had back teeth cracking and chipping and front teeth wearing down unevenly. When Dr. Farrow and I talked about the issue, he drew up a three year plan for me that included two minor oral surgeries, braces, and then restoration work. The costs and procedures scared me and I took a good year to think it through and decide - no pressure at all throughout this time to consider it. Eventually I decided I was ready for it but that I didn't want one of the surgeries (its routine but scared me, so I didn't want it). He modified his entire plan to do the very best he could under my constraints. \n\nI'm now past the surgery, almost done with braces, and about to go into the restoration phase. And I'm relieved and glad I did it. I knew for the last few years that something as wrong and getting worse, but it happened so slowly over many years that it was hard to see the results. I was used to it: breaking teeth, uneven wear, mild discomfort. Now, only half-way through the process, I feel so relieved. I'm more comfortable, my teeth are no longer deteriorating, my oral health is high, and I feel great. I wish I had done it sooner, but at least I did it! And I did it all *on my own terms.*  For me, that last part is what make it possible for me to commit to something that would take so long (and cost). \n\nMoreover, throughout this process, Dr. Farrow has been in constant (I mean *constant*) communication with my oral surgeon (Dr. Davis, who has the surgical hands of a ninja) and orthodontist (Dr. Bird, who is nothing short of a genius architect in teensy tooth movements) to insure that all three are in sync all the way down to the wee little millimeters of tooth movement here and there. When does Dr. Farrow sleep? No idea, because he talks to my other two doctors after nearly every visit. Can you believe that? Its awesome. They attend workshops on cutting edge procedures together. What? Yes. He lives, eats, and breaths dental health. \n\nAnother example of Dr. Farrow's consistent priorities of our health and well-being over his profit: When one of my sons (4 YO at the time) had a cavity, he recommended that I transition both of my sons to Children's Dental rather than his own office because they had equipment best suited to their small bodies. He didn't have to advise that as my husband and I both love our dentist and really don't care to go to anyone else. He did it because he cares more about our health than his pocket book. He wanted my sons, given their ages, to go to a clinic with state of the art capacity to treat them at their small size (and he was right, the shift was a good one to make for now). He didn't want them to have bad dentist experiences. He's our family dentist, after all, and knows that longterm its better for all of us for my littlest ones to get what they need now because he'll be the one taking care of them longer term. Again: integrity.\n\nAs to costs, you get what you pay for. Like any other family, we don't have unlimited resources. Health is high priority, though. For me, I don't mind paying a bit more cost (actually, its not nearly as \"more\" as another review implies, but that's another issue) when I know that I am working with a doctor  with integrity, who I can trust to put my family's well-being first and who listens to me.\n\nLet's face it, dental work is scary and expensive. And its stuff that's easy to just sort of ignore until you literally cannot ignore it anymore. I wouldn't want to do this without knowing I'm in the best hands in town and that I have a real say in how we do this. Going to Dr. Farrow, I get both - not to mention a high-tech staff, well-trained staff, hipster soundtrack, and unbelievably respectful and nice staff.","useful":2,"user_id":"QdmkwjRyO5b0r2-jibbmTw"}
{"business_id":"apd2-HPY6DvuFcAfQjtcbw","cool":1,"date":"2016-12-01","funny":0,"review_id":"lo_mQ-S7k9r1liofAVD9qA","stars":5,"text":"Professional, friendly Staff!  Dr. Benjamin is as good as it gets for precision and confidence.  Glad I switched.","useful":0,"user_id":"uUrPiGhWPtcpMLXN1NMP4A"}
{"business_id":"apd2-HPY6DvuFcAfQjtcbw","cool":0,"date":"2016-11-29","funny":0,"review_id":"cT7WGddWLRJCKKUrIP2HAQ","stars":1,"text":"Excessive first visit/Inflexible staff\nI was told the first visit would take 2 hrs- it literally does so plan for this. You start with tea and a sit down discussion about your teeth and general health. Then you move to the imaging/radiation portion of the visit. Started with panoramic films and then they wanted bite wings. I declined the bite wings feeling the additional radiation was not necessary given they just imaged my entire mouth and I haven't had a cavity in more than 30 years. The hygienist was visible annoyed that I declined the bite wings and snarkily asked if I was \"ok\" with the photographs of my face and the inside of my mouth. She just about blew steam out of her ears when I declined the face shot which she stated was necessary to know who I was when I checked in (you can't be serious- I am certain that no one is pretending to be me to get their teeth cleaned). She then took actual photos of the inside of my mouth (this bit turned out to be pretty cool later) Finally she bitterly cleaned my teeth. Next I saw the dentist who did not appear to be as terribly annoyed as the hygienist (I thought for a moment maybe he was more reasonable). He did however recommended some dental work where I was not having problems- concerning but perhaps legit. Finally, I had to sit back at the \"tea-table\" to review the expenses he was recommending and associated costs (thousands of dollars- again maybe legit but I'm a bit of the mindset if it ain't broken don't fix it.)\n\nThe last straw-I got a call a few weeks after my appointment asking if I wanted to schedule the procedures that he recommended and informing me that he would not do them unless I \"complied\" with his bite wing films now and every 2 years. \n\nI regretfully will be looking for a different dentist.","useful":0,"user_id":"5rMnvPVHqyT_MQHPNnDm2A"}
{"business_id":"apd2-HPY6DvuFcAfQjtcbw","cool":1,"date":"2015-10-07","funny":0,"review_id":"0cpIMYmDs3u2g7kC_UmNng","stars":5,"text":"I really like my dentist and everything about the experience of seeing Dr. Farrow. He obviously cares about the overall health of my mouth, teeth, and general well being. The other folks that work there are also super friendly and wonderful to interact with. He's got awesome appt times too!","useful":0,"user_id":"-tUFp0rX1v4iA700KOTHXQ"}
{"business_id":"apd2-HPY6DvuFcAfQjtcbw","cool":0,"date":"2014-12-17","funny":0,"review_id":"ao2xzicOhDRP6CMvEcgY0A","stars":5,"text":"I was in the market for a new Dentist when a friend recommended that I try out Monroe Street Family Dental after I had a couple of less than satisfactory experiences elsewhere. \n\nDr. Farrow and his staff provided a modern dental experience that I didn't know existed. This despite having worked in healthcare for over 20 years. Dr. Farrow and his entire staff seem to be focused on evidence and best practices. It's refreshing to find a dental staff - hygienists and assistants who are so knowledgeable about their clinical practice. Further, I've been going to this clinic for three years and have seen little if any turnover. At my last dentist it seemed like I had a new assistant or hygienist every time I came in. A consistent staff provides continuity of care - this is essential for patient outcome. \n\nI'd also like to say that I don't have an insurance plan that is know to be overtly helpful and that almost nobody in the greater Madison area is considered \"in-network\". Monroe Street Family Dental has always worked with me and my insurance company to make sure I am well informed. I feel like the care that Dr. Farrow and his staff provide raises the bar for dental care in the Madison area.","useful":1,"user_id":"aR7F6JaHjsYW_j5Biih0rQ"}
{"business_id":"apd2-HPY6DvuFcAfQjtcbw","cool":0,"date":"2013-02-08","funny":0,"review_id":"HO-o6XwjFMzMKuYUCkPOyw","stars":5,"text":"I just starting seeing a dentist in Madison, I previously saw the dentist in my home town, which is no longer convenient. My coworker recommended Monroe St. Family Dental, and they have been amazing. My first appointment included a sit down discussion with Dr. Farrow and the Hygienist, Allison, about my previous dental work and my general health. It felt like they sincerely cared about me and wanted to give me the best treatment possible, not just another teeth cleaning. After my appointment I got a handwritten note in the mail from Dr. Farrow thanking me for my visit - such a nice touch! Looking forward to my next appointment- which is rare for a dentist!","useful":1,"user_id":"7Gd-iIN-p1_EbRG5_bFvMA"}
{"business_id":"apd2-HPY6DvuFcAfQjtcbw","cool":0,"date":"2016-01-09","funny":0,"review_id":"2cmSywm3UrJlU9q_WX24mQ","stars":5,"text":"We had a great first experience!  Everyone in the office was extremely friendly and welcoming.  They spent time explaining everything and really took time with their patients.  It was my son's first time at the dentist and Dr. Farrow was amazing!  We look forward to making this our family dentist.","useful":0,"user_id":"Qr82U3vfq4DJcbx2j8DVHg"}
{"business_id":"apd2-HPY6DvuFcAfQjtcbw","cool":1,"date":"2015-06-16","funny":0,"review_id":"8Jw4v3K3pZnKQ6_lnOxmrw","stars":5,"text":"Dr. Farrow has treated my children, myself and my husband for dentistry. He is by far the best dentist I have experienced. He and his staff have a very caring, wholistic approach to dentistry. Highly recommend!","useful":0,"user_id":"2AoaWSVMSQtNSgrsg7uyRw"}
{"business_id":"apd2-HPY6DvuFcAfQjtcbw","cool":0,"date":"2012-05-23","funny":0,"review_id":"MwvyQDYF26MvL1cMesPjjg","stars":4,"text":"I've become a bit of a wuss about the dentist in my later years, here, due to a recent tooth extraction saga that I won't go into here. I need stress no more. After moving to Madison, I chose the closest dental office to my house and was delighted to learn that not only is Dr. Farrow among the top dentists in the field, his office staff is delightful and his practice is community- and family-focused and \"green.\" How cool is that? Check out the website to learn more about the environmental elements of the practice. Our entire family has now been to Monroe St. Family Dental, and we each had great experiences. Thorough X-rays and dental examinations, gentle tooth cleanings, and state-of-the-art equipment.","useful":0,"user_id":"ooVHToZJxCyEvYTdfhM_AQ"}
{"business_id":"apd2-HPY6DvuFcAfQjtcbw","cool":0,"date":"2017-02-07","funny":0,"review_id":"wfrCntsmns7lObv97CU9Rg","stars":5,"text":"The most thorough, patient, friendly, and fantastic staff. I left my appointment with a plan of action, pricing outline, how much insurance would kick in and payment plan methods. I could not have been happier with my first appointment and I would recommend to everyone. I could tell Dr.Farrow genuinely cares about what he does and the service he provides to his patients. This experience was much appreciated for a gal that does not particularly love a dental visit. :)","useful":0,"user_id":"XwQ1mXJU4SEW8Hl1rGHJbw"}
{"business_id":"apd2-HPY6DvuFcAfQjtcbw","cool":1,"date":"2015-08-11","funny":0,"review_id":"p7nksLGdLc4cmkB_8ZNWTQ","stars":5,"text":"I've never particularly enjoyed going to the dentist, but coming here is, dare I say it, fun. Dr. Farrow provides thoughtful advice and breaks things down in a way that's easy to understand. The support staff is particularly stand-out, all friendly and always cheerful. Though I'm sure they keep track of all the conversations they've had with patients, I had a terrific time chatting with one of the dental assistants, Marla, who is as skilled at banter as she is with teeth. \n\nHighly recommend.","useful":0,"user_id":"-uVYwThZnGbZMGdp9lNRBQ"}
{"business_id":"apd2-HPY6DvuFcAfQjtcbw","cool":0,"date":"2016-03-22","funny":0,"review_id":"djS9ozUZCdQhfj9MZ5JjXg","stars":1,"text":"I made an appointment with the dentist for an exam and tooth cleaning- a 2 hour span! They bombarded me with phone text messages to confirm (5x)-which I answered yes to- as well as at least 2 calls. I get there, fill out extensive forms (that's normal), and I am ushered into a room with a table, where I have a discussion not with the dentist but an associate (was she a dental hygienist? I can't say) and we discuss my dental experiences of the last several years. The dentist comes in after 15 or 20 minutes, introduces himself, and we go over the same ground I just discussed with the associate, thus eating another 15 minutes. He states that although it's a 2 hour appointment, I may not get the tooth cleaning today because we are already 40 minutes into the appointment time. I can also say he didn't smile at me once. Was quite dour, was it because I mentioned that I had just had a bad experience with a different dentist, who knows. The point is , if you are a new patient, a good dentist makes them feel at ease-not just the opposite. Now I am not a nervous patient, at the dentist I had before moving to Madison, were wonderful and I stayed with them for many years. Having a warm smile-just some warmth, helps one feel better about a first dental appointment. After realizing that I wouldn't get any of the work done I had hoped to for that day (not even a tooth cleaning), I said that I thought this wasn't going to work out and left. I got the feeling they were eating up time in that room to charge for a two hour appointment-when I could have said everything to the dentist in about 5 minutes, had he joined us from the start and I was in a dental chair, not sitting at a table. I notice there are a lot of 5 star ratings on Yelp and that's why I made the appointment but I neither felt comfortable with this unsmiling, stiff man, nor making a long appointment and being told that I wouldn't get a tooth cleaning that day. I'm sure he is a kind guy once you get to know him, but this first sit down was an experience I will not soon forget. The first rule of dentistry, make your new client comfortable, a smile and a little warmth go a long way.","useful":2,"user_id":"Hn0voBwNuIqOZqypgNggKA"}
