{"business_id":"AvYINejPpaephWjXKVAZvg","cool":0,"date":"2011-04-17","funny":1,"review_id":"OYFoqmzAAsZzukEAemQm5g","stars":1,"text":"Oh and by the way the anesthesiologist they gave me told me this was a second career for him, he used to lay cement . He forgot to make sure I got my meds for acid reflux so I reflux acid when I had the tube in me and it WENT INTO MY LUNGS KIDS and I almost died from pneumonia yeah did not want to forget that gem!!! HE apologized to me he never did know what he did wrong by the way it was my trip for a deviated septum to UW next that discovered that issue when they made SURE I got my medication before surgery and told me how important it was!\nI told that doctor to go back to cement by the way.","useful":2,"user_id":"tG5s3vgVpHun0unatapjMg"}
{"business_id":"AvYINejPpaephWjXKVAZvg","cool":1,"date":"2013-06-23","funny":1,"review_id":"YXVjpMc4DkONflYs4QdMvA","stars":3,"text":"There are not enough listings on Yelp for all the offices. \n\nBack in Physical Therapy and things are going smoothly.\n Will update about the practices but I will say the service has been stellar from teh front counter to the therapist that I am working with this time. \n\nMissed my 11am due to technical issues with the previous appointment setter and the real appointments. It took a while for the clerk to stop over talking me and just listen but when she got it she found the therapist. \n\nThe therapist took me during her lunch hour, apologized, ran some paperwork then we accomplished so much more in those 30 minutes than past 1 hour visits. No apology was needed yet most appreciated.","useful":1,"user_id":"r-zUIQPaHzvIyL93wQaoiQ"}
{"business_id":"AvYINejPpaephWjXKVAZvg","cool":0,"date":"2012-09-04","funny":0,"review_id":"9I08BWQjqVFd-bqDs2XU0w","stars":5,"text":"Every hospital is gonna have a bad customer or hundred. However, the care that my sister and premature nephew received here was top-notch; there's a reason it's rated so highly for newborns :)","useful":1,"user_id":"hhZiEqgMoMtPE9Bm5F_L-w"}
