{"business_id":"czk_wGegenUkLO-OlEmDeg","cool":0,"date":"2016-10-18","funny":0,"review_id":"zHXrYKv5vp9sLjPraPTfTw","stars":5,"text":"I travel a lot with my work and have been wearing glasses since 2005. I have done vision tests at different top eye centers around the USA ( I don't mess around with my eyes) and always get the top eye wear, shades, tests, etc..I took an eye test at MOC with Dr. Morgenthaler and not only was he amazing, masterful, very cordial and very knowledgable, he also told me about something nobody ever told me before, I had blepharitis on my eyelashes and told me how to take care of it and cure it.\nThen the fun began... I got new lenses and it went from Dr. eye test to Fashion Show time!!\nLynne Derra is impressive with her knowledge of frames, comfort, brands,fashion,etc. and I got some very cool eye glasses coming soon! \nEveryone in this beautifully decorated \"feel good\" optometric center is very kind, helpful, full of positive vibes.\nLove this place! Thanks to Dr. Morgenthaler, Lynne, Samantha,Ryan and Caroline for your awesome help! The best!!","useful":0,"user_id":"cxtUb1pZAVyO2D7qnMKy4g"}
{"business_id":"czk_wGegenUkLO-OlEmDeg","cool":0,"date":"2017-06-03","funny":0,"review_id":"OMAiiT4IDsGRiCEa6tu6TA","stars":5,"text":"The nicest and most professional optometrists in Madison! I was in a bind visiting from out of town without sight and the compassionate gentlemen working there helped me solve my vision needs on the spot! If I lived in Madison, or if I ever move here, I'd definitely make them my optometrist!! The store is super cute and the guys working there are wonderful people! Highly recommended!","useful":0,"user_id":"GCAaaG5-mspxxrN9gVecsQ"}
{"business_id":"czk_wGegenUkLO-OlEmDeg","cool":1,"date":"2016-03-02","funny":0,"review_id":"Cb_ZY6a5kvvoyO9J2N8Jpw","stars":5,"text":"Walking into this place I thought I was entering a spa with the design and immediately thought, oh no this is going to be so pretentious and painful.  Nothing could be further from the case.  The staff were welcoming and helpful even with our 6 month old who was throwing a fit because she was hungry and tired.  The frames were great quality and no more expensive than other optometrists.  There was a gentleman who immediately became what I can only describe as my personal concierge who walked me through the designs and gave me honest feedback, and then gave me a great suggestion for lunch.  If I had any criticism it is only that their selection is somewhat limited, but I was still able to find more than one pair which fit my needs.  We will continue to patronize this business for years to come.","useful":0,"user_id":"XpUdJOb2MkyElpJeIW7row"}
