{"business_id":"CXbki4QQRAu2d6SHElJxQA","cool":2,"date":"2014-05-07","funny":1,"review_id":"uAeaP2jH-sZCgbGmGyETkQ","stars":3,"text":"5 stars for valet, the building, the design, the kid friendly appropriate things\n\nBut they don't make it simple for 1st time visitors in terms of paperwork needed after the visit. The reception area can be convoluted. \n\nI'll write more later. But I do wish things were better and invoked more confidence in me, the adult.","useful":1,"user_id":"r-zUIQPaHzvIyL93wQaoiQ"}
{"business_id":"CXbki4QQRAu2d6SHElJxQA","cool":1,"date":"2015-12-08","funny":0,"review_id":"fHAJdxuFE4c8hHFCBH_RfQ","stars":4,"text":"This is a top-notch facility with all the bells and whistles you could imagine for your young person's care.  The decor - waiting rooms, exam rooms, and even hallways - is colorful and simple.  Very non-threatening to kids as well as their parents.  \n\nBeing a Children's Hospital, they also offer things you don't see elsewhere.  Parents can be with their kids all the way into the surgical rooms and be with them when they wake up in recovery rooms.  The kids are never \"alone\" or scared.  Pretty cool.\n\nIn my visit today, it seemed like we couldn't turn a corner without someone jumping out to ask us if we needed help finding something.  Sure, it's a hospital and nothing is easy to find, but give me a chance to solve this puzzle! lol  \n\nBut keep in mind.  This is still a hospital.  So there is still a list of forms and processes to go through.  Sorry - no breaks there.  Parking is not simple by any means, and getting from parking to \"front entrance\" is a task too.  But once you're in, you're set.\n\nBut, if your child has some medical issues to deal with, this surely is the place to handle them!","useful":0,"user_id":"4zTUqzgK7MMycdrhNDKIBQ"}
{"business_id":"CXbki4QQRAu2d6SHElJxQA","cool":1,"date":"2014-10-18","funny":1,"review_id":"CgcEhYGgO8J9Bx6So0T2YA","stars":5,"text":"I never thought I'd have visit this place. Recently my younger sister experienced some trouble with her asthma and heart. She spent a few nights here and the staff went above and beyond. \n\nThe passion to care for others was very transparent in the nursing staff. I felt at ease knowing my little sister was under the care of the world class individuals. \n\nThe facility was beautiful, the only thing that irked me was the parking arrangement. It's confusing at first. I won't let that knock down my 5 star rating of this place.","useful":0,"user_id":"SbJ7iiOb6Sj3gaREn-JUZA"}
{"business_id":"CXbki4QQRAu2d6SHElJxQA","cool":0,"date":"2017-02-09","funny":0,"review_id":"HiL3gRVdIXEu-wHsv5riIA","stars":5,"text":"I'm not sure why this is \"audiology\" as the reviews seem more based on the children's hospital, so I will review that too.  Our visit was the endocrinology department.  Between my three kids we've been in 3 different children's hospitals and a non-pediatric one. \n\nParking: you get a ticket for your vehicle.  While it's a quite simple process it wasn't explained to me and the ticket machine wasn't very helpful in terms of \"how to use.\"  My teenager laughed at me when I fumbled and then finally used the call button for a kind soul to explain it to me.  After that it made sense.  I found my spot easily, it was also easy to follow the doors to the elevator and the floor I needed.  Parking is validated so you don't need to pay if you have an appointment.\n\nCheck in was smooth, luckily I had already filled out the new patient forms.  I loved the decor and waiting rooms even though we didn't spend any time there as I didn't arrive early like I wanted to.\n\nStaff was incredibly kind, knowledgeable, my son's lab was taken in the office, so we didn't need to trudge anywhere else.  The room we were in had a fun barnyard theme which my 5 year old adored.\n\nIn comparison to the other hospitals this was a great experience.  Quick, efficient, knowledgeable, the staff was friendly as well.  I was very pleased and also set up our next two appointments while we were there.","useful":0,"user_id":"M7LTyzbRK1M3RsMllbf3Og"}
