{"business_id":"CS8WfgOIOGlrmCMEDJdl1A","cool":0,"date":"2014-08-19","funny":0,"review_id":"IEKjeohn1nw9GqRIcwiUDA","stars":5,"text":"I have very sensitive teeth, and normally have a very difficult time with fillings, but they made sure I was completely numb and comfortable. The chair had a built in back massager, so I got a massage while getting my teeth cleaned.","useful":0,"user_id":"XyDny09izeredGT38mM3JA"}
{"business_id":"CS8WfgOIOGlrmCMEDJdl1A","cool":0,"date":"2013-09-02","funny":0,"review_id":"DTMUySOPwpYiAY8wjSw0yQ","stars":5,"text":"One of my favorite dentists I have ever been to. Everyone is extremely nice and friendly and all the dentists I have seen have been quick and accommodating. \n\nWould highly recommend them to anyone living downtown.","useful":0,"user_id":"FVYKb3nWmIIrcIjRthdIow"}
{"business_id":"CS8WfgOIOGlrmCMEDJdl1A","cool":0,"date":"2014-05-15","funny":0,"review_id":"aVBMUYFDdI5P09oQw_flaA","stars":1,"text":"I felt that the doctor, Joe Sharkus, did not explain very much to me. He spoke in esoteric terms and left the room immediately after procedures asking the assistant to explain procedures and process for him. Worst yet, I was originally quoted at 600 dollars which seemed right considering my insurance but after the procedure, mouth numb, they handed me a bill for 1100 dollars.  They had little explanation for why the bill changed so drastically. The receptionist said something like, \"looks like your plan was downgraded.\" Later I found out through my insurance company that that was simply not true. I had not been downgraded just misled. They originally quoted me for one kind of filling my insurance took but then filled my mouth with a different kind my insurance did not take. It all was perfectly legal and in the tiny fine print but I think completely unethical. I can't afford those kinds of bills so I have had to go through a 3rd party payment plan to pay it off. I would not recommend him or that office.","useful":2,"user_id":"lqTQqH61U1WMwCFpOdqjMA"}
{"business_id":"CS8WfgOIOGlrmCMEDJdl1A","cool":0,"date":"2014-02-04","funny":0,"review_id":"XCpV6ATJ8gbFkaOB48UYGw","stars":5,"text":"The team at First Choice has taken super good care of me and I am a major fan. I had a terrible head-splitting toothache. It developed over the weekend and got bad very quickly. I left them multiple messages to get in first thing on Monday. They were able to fit me in and Dr. Modjeski did a quick exam and decided that I needed a root canal. She was super attentive and very knowledgeable about both my toothache and potential pain management options (I was concerned because I was breastfeeding and didn't want any medication that would have an impact on the baby). Since the first choice in-house endodontist was not free until three days later, they called all the practitioners in their network and was able to get me an appointment for later that day. A few days later I went back to get the final filling to cover my root canal and the whole procedure took less than 30 minutes!","useful":0,"user_id":"ytZBFckJ_U4EuFKwzbB23Q"}
{"business_id":"CS8WfgOIOGlrmCMEDJdl1A","cool":0,"date":"2015-11-30","funny":0,"review_id":"6nYP3YkgB5xQKfvSZNEXnw","stars":5,"text":"The day before thanksgiving, the staff here went out of their way to help me get seen same day for a filling issue. While I wasn't seen at this office, they immediately got me into the Waunakee office and worked with me (an out of state person) to help me make the best decision regarding my dental care and insurance needs. Friendly, informative, and very helpful!","useful":0,"user_id":"8ZnKSXjeDGRnf-nIqoGz3w"}
{"business_id":"CS8WfgOIOGlrmCMEDJdl1A","cool":2,"date":"2015-02-20","funny":1,"review_id":"RmRhElDj_Nf8R_vF5IpykQ","stars":5,"text":"First Choice Dental is great. I went to them as a first time customer, they fit me in pretty quickly and they'll even send you text alerts to confirm your appointments. \n\nOnce I got there, I was seated within 5 minutes. The part that stood out the most for me was the explanations. My hygienist explained to me that the reason I was having tooth sensitivity was because I was brushing too hard, and showed me the correct way to brush and to get an Ultra Soft toothbrush. She actually explained the way teeth are made up and why I was experiencing sensitivity. I left with a better understanding of the choices I make and how they effect my dental health, instead of the normal \"Floss your teeth and brush them twice per day!\" that you normally get.\n\nI had a series of follow up appointments to schedule, they were able to get me in the next day. They also give you a nice breakdown of what insurance covers and what you'd have to pay out of pocket, all in all it was very reasonable.\n\nI had a great experience here and will certainly be making this my go-to dentist in the Madison area.","useful":3,"user_id":"v9F5etmombtubt3uB1MxeA"}
{"business_id":"CS8WfgOIOGlrmCMEDJdl1A","cool":1,"date":"2013-12-07","funny":0,"review_id":"y6qFcLHJk80MYfdFKqMKQQ","stars":1,"text":"i had a pleasant experience with the receptionists and hygienists, but i left my first appointment with a treatment plan to do fillings on NINE \"problem spots,\" which they wanted to complete in three appointments. dr. sharkus had barely even looked at my teeth. i've been getting regular dental care every six months for my entire life and was absolutely flabbergasted.\n\n i went to get a second opinion across town - that dentist said that he gets ten patients a year who come with \"extremely aggressive\" treatment plans from first choice and he recommended three fillings. he said the other six fillings that dr. sharkus recommended were places he wouldn't even consider touching. \n\nmy theory is that they noticed that i have good insurance so they thought they would make a little money. i'm not going back.","useful":5,"user_id":"tWUgk8eahYwMFHNg0LejFA"}
{"business_id":"CS8WfgOIOGlrmCMEDJdl1A","cool":0,"date":"2014-10-20","funny":0,"review_id":"drN_U6ghoPpHWy_Ko_3J4A","stars":5,"text":"I had an excellent experience at first choice. The hygienist was very patient and kind. She was extremely empathetic and caring. Both her and the doctor talked to me like and adult who genuinely cares about her health- this was a new experience for me since other dentists usually dumb things down or don't take the time to explain anything. I would highly recommend. They seem to take many different insurances.","useful":0,"user_id":"odlQkiSiS6-Xz1kcNUk2CQ"}
{"business_id":"CS8WfgOIOGlrmCMEDJdl1A","cool":0,"date":"2010-09-02","funny":1,"review_id":"Df60BZXw3Kj9Xt1UlAidqA","stars":4,"text":"Before I went here, I had an extreme phobia of dentists: when I was 10, I had a dentist pull a tooth without any novocaine at what is basically a glorified dental factory (Dental Associates)--so you can understand why I wouldn't like them as a result.\n\nToday changed that. First Choice Dental was extremely caring and helpful: from the receptionist to the actual dentist, everyone was extremely kind and gracious.\n\nThey're a little more expensive, but Dr. Sharkus knows what he's doing AND he's a more conservative dentist, meaning, if he doesn't feel it's necessary--he won't bother. That's what I can get behind. Kudos to him and his staff!","useful":0,"user_id":"8_fAttH_yKopBDrT_2ugHA"}
{"business_id":"CS8WfgOIOGlrmCMEDJdl1A","cool":0,"date":"2013-07-19","funny":0,"review_id":"4yuPOc9c4PNKOkbEBvmDaw","stars":5,"text":"I hate the dentist (who doesn't) but after going to First Choice the last 3 years, I almost enjoy it! Everyone is super friendly and warm, and they take their time to answer each of my questions until I'm satisfied and completely understand the procedure. I've also gotten honest advice from the technicians about what treatment option to take, and they we're 100% right and helpful. Highly recommend for kids, students, and everyone!","useful":0,"user_id":"4LWBKoFHFsSWWFxX9uyM2g"}
{"business_id":"CS8WfgOIOGlrmCMEDJdl1A","cool":1,"date":"2015-02-17","funny":0,"review_id":"Bu1ZwiazSoo9wwHOZUft9g","stars":2,"text":"I had an eerily similar experience to another reviewer. I just recently moved to Madison, and am absolutely strict about getting a check-up and cleaning every 6 months on the dot. First Choice staff was friendly, and certainly did a good job with the cleaning. They then told me I needed SEVEN fillings and my wisdom teeth extracted, although I have no issues with them.\n\nThey quoted me over $1800 for the fillings (this is with very good insurance, where I've never payed more than $20 for a filling). A second opinion to my old dentist in Chicago looked at the same x-rays and said that only one of those fillings was necessary, and neither was the surgery. Needless to say, I will not be returning.","useful":6,"user_id":"DV8tqRTstRhrYs2z-uHRQQ"}
