{"business_id":"C8PNX4RrH5aAbp5x22ka_Q","cool":0,"date":"2015-11-12","funny":0,"review_id":"Xald2JVSFBrLLc_exRGvAQ","stars":1,"text":"Dr. Pollan completely ruined my teeth. Let me just leave a note for all people who live downtown and are away from their families and parents, living on campus: There is a reason he is conveniently located where he is; to catch students off guard and destroy their perfectly alright teeth with \"all new fillings needing to be replaced\" (classic dentist move to grab a buck from new patients)... I had so much unnecessary dental work done at this awful practice, now all work that I will live with for the rest of my life, and I am only in my 20's. I would give this practice a zero if possible; do not trust this dentist. Coming from experience at this location, for the love of pete, PLEASE, get a second opinion before you let him near your teeth. Again, remember this about his business: perfectly located in an area of town where he understands young undergrad students are away from home and has the opportunity to create whatever story he can so he can make a profit -- knowing young students have no idea what is going on with their teeth. Do not make the mistake I did. After thousands of dollars later and a mouth full of unnecessary work that has been done get at least, a second opinion before entering into this trap. It is SO hard to find someone you can trust with things like this; don't let him fool you with his laid back, \"cool\" demeanor and friendly approach. *AVOID*","useful":0,"user_id":"uS3oNJH06uSha_NLm5vCFA"}
{"business_id":"C8PNX4RrH5aAbp5x22ka_Q","cool":1,"date":"2016-10-10","funny":0,"review_id":"Xg9hv8iyTskmdgneLxsc7g","stars":5,"text":"Awesome dentist, clinicians and receptionist. Great referral to dental surgeon,  Dr. Pansegrau and Center for Oral and Maxillofacial Surgery in Madison.","useful":0,"user_id":"Kzns6j-yFIHYsaWnlLy6kw"}
{"business_id":"C8PNX4RrH5aAbp5x22ka_Q","cool":0,"date":"2016-09-07","funny":0,"review_id":"gGXsYpdZFJc3BqQ8H714Kw","stars":5,"text":"Dr. Pollan is the best dentist I have ever been to. He makes me feel at ease. It's a relaxed environment and his staff are happy and helpful. His skills as a dentist are second to none. Best dental experience I have ever had. I won't go anywhere else!","useful":0,"user_id":"AMcNzPye1qDKtZS5bySHLg"}
{"business_id":"C8PNX4RrH5aAbp5x22ka_Q","cool":0,"date":"2014-11-06","funny":0,"review_id":"8f3tHtiQrXKMHhtqgzH2Vw","stars":5,"text":"I've been going to University Square Dental for years and I've always found the staff extremely friendly and helpful. They've always been there for me in an emergency, and I like their straight-forward approach to dentistry. Plus they've got an unbeatable location. I'd recommend them to anyone.","useful":1,"user_id":"28aiY4kXKsZE82iGRcnRpQ"}
