{"business_id":"Csm-xQCyYUHNfyG7Ve1zlQ","cool":0,"date":"2016-10-31","funny":0,"review_id":"jraDVedvn1x48gmeEwbXpA","stars":1,"text":"Not very accommodating. Gave a negative vibe from the get go. Didn't quite catch the name of the lady. Spent close to $200 out of pocket in addition of what they billed for insurance on a pair of glasses. Requested for a trial pair of contacts as I ran out of mine but she brought up how legally she can't because my prescription expired. I'm not sure if she would get in legal trouble because of that but guess what, legally, I can take my business somewhere else n so do my friends.","useful":0,"user_id":"xc7t2ZMmahWYikZuY9JnZA"}
{"business_id":"Csm-xQCyYUHNfyG7Ve1zlQ","cool":1,"date":"2015-07-02","funny":0,"review_id":"e5zlmM7EY2lqp_PhZOJaMA","stars":5,"text":"Chose to go to Wisconsin Vision to get both new glasses and new contacts.  I am glad I did, because I got 40% off of my glasses when I got both.\n\nTo start, they have very friendly and courteous staff that are more than willing to help you find what you are looking for and get an appointment booked.  I just recently started wearing glasses and wanted to get contacts because sometimes my job requires me to go in and out of the cold or heat and fogged up lenses suck.  I have never had contacts before and was really freaked out about the thought of shoving something on my eyeball.  \n\nAfter my exam they helped me out with my contacts and made sure that I was comfortable putting them in and taking them out.  I left with a few contacts and had ordered some more.  When I came back in to get my contacts the employee remembered me and asked me how I was doing with the contacts.  He then shared some personal advise on what works for him.\n\nWith my glasses, I was able to pick out the frames that I wanted and they got them back in within about a week and a half.  I was able to very easily use my Flex Spending card, so I didn't have to pay anything out of pocket or hassle with turning stuff in the the insurance company.\n\nAll in all a great place to get your vision needs taken care of.  I would definitely recommend them.","useful":0,"user_id":"vYwIDEWb7qCHopxjHAm8SQ"}
{"business_id":"Csm-xQCyYUHNfyG7Ve1zlQ","cool":1,"date":"2007-04-08","funny":0,"review_id":"4auAm0goQdxHaBXQIPcLWw","stars":3,"text":"Visited Wisconsin Vision for an eye exam and to order corrective lenses...very professional service, Saturday appts available...placed an order for lenses and frames with the optical center, but had to cancel after I received a message that they had quoted incorrectly and the price would be much higher and would take up to 6-8 weeks.  Good selection of frames, including some designer frames.","useful":0,"user_id":"Jc2z7iFZlsGD1XtjoW64lg"}
{"business_id":"Csm-xQCyYUHNfyG7Ve1zlQ","cool":0,"date":"2015-04-30","funny":0,"review_id":"92AddMiZPVK_rp2vAyoQhg","stars":5,"text":"I chose to go to Wisconsin Vision to buy new glasses due to the convenient location and because it was listed by my insurance company as one of my options. I'm so glad I picked them! The staff was incredibly professional and friendly, and helped me select frames that looked good on me. At one point I had two staff members offering me their opinions, so I really felt like I was paid a lot of attention. They also made working with my insurance super easy, so I barely had to pay anything. \n\nNormally I hate picking out new glasses, but Wisconsin Vision made the experience actually somewhat enjoyable. I will definitely return next time I need a full eye exam.","useful":0,"user_id":"l7W6ZrQA_PYWPt0nLAS56A"}
{"business_id":"Csm-xQCyYUHNfyG7Ve1zlQ","cool":0,"date":"2014-10-17","funny":0,"review_id":"JHUJwGITKpwWu4kMz4tcGw","stars":5,"text":"I have lived in Madison my entire life, 28 years, & I have needed glasses since I was about 15 years old. I have gone to many different places in Madison for eye exams and frames, but I have never had such a good experience as I had at this place. The price was good, they had online offers, they even offered me a deal that wasn't advertised. The exam was competent and thorough, the people working there were extremely helpful and had very constructive input when helping me choose my frames. This is been the best experience I've ever had shopping for new glasses. It is usually a terrible chore that I don't look forward to, but the people at Wisconsin Vision really helped to make it an enjoyable experience, I highly recommend them.","useful":0,"user_id":"cXzeuSGS1HCF6mYKn6bm7A"}
