{"business_id":"cT6Fjtzifxc9wUKBOsNGZw","cool":1,"date":"2016-10-28","funny":0,"review_id":"8uIWHc6x0V6kwIGWEfbroA","stars":2,"text":"The first time I donated I was surprised at how quickly it went. I've donated at two other centers and usually the first visit takes a really long time, like four hours. I was only at Interstate for 2 hours and ten minutes- not bad. I just wish they would squeeze my finger when they do the finger prick- it hurts a lot less that way and only some of them do that. Some staff are friendly, some are fake-friendly. You get $50 for your first 5 donations.  I'm surprised that the payout rate hasn't risen since I first started donating plasma back in 2001.\n\nEdit: Its now 3/21/17 and the wifi has not worked in almost a month. The distraction of YouTube videos while I'm donating really calmed my nerves about the whole process (a fat needle in my arm for an hour), so I won't be going back until they fix the problem. I was told by an employee that their service provider told them that everything is working on their end and that there'd be a fee for a tech to come out and that the management declined because they don't want to pay the fee.","useful":0,"user_id":"01R29aZVqzS2wPui2Fdkjw"}
{"business_id":"cT6Fjtzifxc9wUKBOsNGZw","cool":0,"date":"2015-03-10","funny":1,"review_id":"OSGpzdpA10yVLNAi2n8m5g","stars":1,"text":"STAY AWAY.  There was a shooting in the bathroom just a few weeks ago.  Some of the staff are friendly, some are downright crass and ridiculously rude.  \n\nI'm disabled, on a fixed income and in trying to do what I can to earn a very small bit more to help my family, wanted to \"donate\" - let's call it what it is, \"sell\".  It should be noted that I regularly give blood,  and my own doctors strongly asserted to Interstate's whiz-bang doctor that there's no issue whatsoever with my giving plasma, and my meds.  Their doctor, writing \"due to the level of pain this patient is in, it would not be in his best interest\" (gee, thanks for looking out for 'my interest\") and so they rejected me, my reiterating what my own doctors - 2 of them specialists, all of them knowing and treating me for years - strongly asserted in written notes to the facility, falling on a deaf pair of ears.  Namely, THERE'S NO ISSUE.  \n\nMeanwhile, the \"donors\" that regularly traffic there are very much, it seems, in the vein of the thug who came in to the building the last part of February - WITH A GUN - (funny how thugs don't really pay a lot of attention to signs that say \"this is a gun free zone\") and SHOT A WORKER IN THE FOOT.  Guess I should have just lied - like the drugged out zombies I saw the day I went in.  \n\nYeah, great place.  Good luck with all that.","useful":2,"user_id":"oTLbK-RorFijYlYgAHKirA"}
{"business_id":"cT6Fjtzifxc9wUKBOsNGZw","cool":0,"date":"2015-12-19","funny":0,"review_id":"c5cw5woSm2IGalJHwu8YXQ","stars":4,"text":"Your first visit will take about 2-3 hours because of a short physical. Every visit after that takes just over an hour. \n\nThe money is nice, they have tvs and WiFi. If you take the time to talk to the employees you will have a good time.","useful":0,"user_id":"4DDrLxK7gXoovRmpQ88u0A"}
{"business_id":"cT6Fjtzifxc9wUKBOsNGZw","cool":0,"date":"2016-06-15","funny":0,"review_id":"EoevX7lHLn_WRzpyCpZj_g","stars":5,"text":"The center now has a computer automated system. The process goes much smoother now. Easy to get in and out in a timely fashion.","useful":0,"user_id":"yZ2tIla2ZeBz2AUE23Ya8Q"}
{"business_id":"cT6Fjtzifxc9wUKBOsNGZw","cool":1,"date":"2017-06-30","funny":0,"review_id":"rcGlxPAJenzqOSLoAEPUsA","stars":5,"text":"Good place to make some quick cash. Staff is friendly and quick! Fifty dollars the first five times and around 30 bucks each time after that. Can easily cover a car payment if you go twice a week.","useful":0,"user_id":"-XCXCMlOPoDd3ebVSJNlKw"}
{"business_id":"cT6Fjtzifxc9wUKBOsNGZw","cool":0,"date":"2016-09-20","funny":0,"review_id":"n4aV2Wus06w13_hEFZsIqw","stars":1,"text":"I would NEVER let these people touch me. Ever. \n\nMy experience with this facility:\n1) Approved during initial phone call on issue regarding previous surgery. \n\n2) drove 45 minutes to them be unapproved on site for the same issue\n\n3) resolved that issue, made to go through all questions and steps again, even though I was already completely entered into the system.\n\n4) asked to again fill out same questions at the kiosk, started to, when apparently the technician didn't get my attention (I thought I was doing as asked), so after giving  a five-minute speech of instructions on how to \"choose yes or no\" without checking to see if I was hearing her, she made a rude comment that I didn't listen to a thing she said. This in itself is understandable I guess and normally I would've just blown it off because of her immaturity, but she then turned extremely rude, sitting behind the counter making very loud comments under her breath to an associate so I could hear. I let her know I had just been instructed on how to answer the questions and that \"I got it\". This made her even more rude and her comments continued. \n\n5) I was then shuffled around some more-which really made me feel that they had no clue to what they were doing and start to question whether I wanted them to do any type of procedure on my body-then made to wait because of the angry Lab tech and finally ultimately rejected for being a veteran in Germany-which they never bothered to ask me about during the first unapproved issue which came about from a surgery I had recently had at the Veterans Hospital. \n\nMy overall impression of this facility a group of extremely unprofessional employees basically just trying to cruise through their shift hoping nothing goes wrong. God forbid someone have a medical emergency there. \n\nVery bad experience. Except Rob, he was very professional. Someone give that guy management.","useful":1,"user_id":"D18wwRgOLXk8hyOQqY6byQ"}
