{"business_id":"dQF7FtWoNbEFleJULRWt6w","cool":1,"date":"2014-05-24","funny":0,"review_id":"d9pGhszAic69009bjYx7-A","stars":1,"text":"Dean Care health care is so disappointing. No one could run a successful business following the way they treat there customers. All they care about is how much money they make. \nMy son had Dean care insurance for several years and had a temporary lapse in coverage. His coverage was to start again in a few weeks and went in for a routine checkup for medication he had been on for 3 years. The nurse practitioners knew he was not covered until, the following month , but ordered a unnecessary urine test without telling him that the test was $2,000. \nHow can anyone do that ? iIt seems criminal!.  And when you call the billing department they reduced it to a mere $1,500. Like that's a deal. Shame on you Dean Care, you should always disclose cost when your ordering test. \nYour cost are insanely high.","useful":0,"user_id":"1TlMziUu5ih8bHCRBk3HBA"}
{"business_id":"dQF7FtWoNbEFleJULRWt6w","cool":0,"date":"2016-09-30","funny":0,"review_id":"QynaYO9GjqzP53hl-4aYDg","stars":1,"text":"I got into the Dean Health System since one of the jobs I had only offered Dean in my area. With one notable exception, over the years, they have been extremely judgemental, sloppy and perfunctory The registration desk is okay, I can't say I've had any problems with the people I've dealt with there. Rather it is the technicians, doctors and nurses who have been so awful. I have never felt that they care about you as a person and just want to order tests to pad their bottom line. If anyone at Dean bothers to give more than just lip service to patient care, let me give you a tip. If I don't feel comfortable sharing a medical concern or coming in for one of your tests with your staff, you can bet that other current and former patients have felt that way. (I haven't bother changing to another system because I suspect they are mostly alike.)","useful":1,"user_id":"c7GMekr3HNT947UlT6IvyQ"}
{"business_id":"dQF7FtWoNbEFleJULRWt6w","cool":1,"date":"2012-08-15","funny":0,"review_id":"5i5lHsM0jBcarN1fFhYPRw","stars":3,"text":"The entire place closes at 8pm.","useful":0,"user_id":"r-zUIQPaHzvIyL93wQaoiQ"}
{"business_id":"dQF7FtWoNbEFleJULRWt6w","cool":3,"date":"2007-08-20","funny":0,"review_id":"Zr8KU9wxdMgGVfr9rWceMg","stars":5,"text":"Getting sick is not good on a business trip, especially if it is bad enough that you need to see a doctor.   After getting advice to go to an ER, I googled to see what the options were.  Thankfully, I discovered Dean Health System's website.  They had a nurse on-call that helped me determine what I needed to do if I wasn't able to come in, but also directed me to the closest location that opened at 6:45 AM.  \n\nI bit the bullet and called a co-worker to see if he could take me before he left for class.   We got there and I was seen very quickly.   The nurse and doctor I saw were very friendly and understanding of my need to be able to travel the next day.  For once I was a good patient (friends will attest that I will push myself instead of taking it easy) because there was no wiggle-room on the traveling time table.  Their care and advice got me back to LA with no major issues.   \n\nThank you very much to Joe who stayed with me and took me to the drugstore before heading to class.  And thanks also to Steve and Gary for checking in and watching out for me.","useful":4,"user_id":"O7OLR9n8MvPeJJtWXLJLLg"}
{"business_id":"dQF7FtWoNbEFleJULRWt6w","cool":0,"date":"2015-07-22","funny":0,"review_id":"7yDF93YaaiyXAvubfF-kew","stars":1,"text":"Shame on the people working here, especially the patient relations department.\nI went into the clinic to get some diagnosis. To diagnose the problem they suggested biopsies, which i wasn't really in the favor of initially. But the doctor forced me to get one to diagnose the issue. Once done, got a bill of $1800 after insurance which they could have told me in advance. Then after sharing my unhappiness, the doctor had the nerve to say to me \"This didn't work, we can try something else\". After charging me so much and forcing me to get procedure done, still trying to experiment. What kind of money making scheme are they running i don't get it.\n\nNever go here, they are cheaters and rude. They are purely there for making money. So is their patients relation department, saying they don't care about what happened in my case and want the full money.","useful":1,"user_id":"I2n_c0EpGKjxeRiW7602TA"}
