{"business_id":"DgwjHs22Os7X3C2IFYmh0w","cool":0,"date":"2013-10-27","funny":1,"review_id":"BjCn9xKFUcnNUMOzAa1E7g","stars":1,"text":"First of all, I just moved to Madison and picked this office because insurance.  I went in a few weeks ago to take a new X-ray I needed because the machine wasn't working at the last visit.  I needed one for my wisdom teeth referral, but I came in again and the machine did not work again.  I had to go see the oral surgeon and have them take it at their office.\n\nWeird points....both times I was at the office it was like it was deserted no other patients in the waiting room and the front desk seemed to be busy gossiping with each other. \n\nMy recommendation would be to go somewhere else where things work and service is good,  there is probably a reason it is so desolated.","useful":1,"user_id":"2xwmbY5ga6H-tDlzzX1S6w"}
{"business_id":"DgwjHs22Os7X3C2IFYmh0w","cool":0,"date":"2014-04-19","funny":1,"review_id":"0NXd79d0cT-V3FsSXvuQmg","stars":5,"text":"I dread going to the dentist, the sound, the smell can always be quite jarring. However, my first experience at the Tree Ln office at Midwest Dental was quite the unexpected.  I was greeted by the friendliest receptionist (Amanda) and a clean and warm waiting room.  I guess I went at a busier time than the reviewer above because there was quite a flow of people in and out, at surprisingly an early hour - 8:00 AM.\n\nThen, my hygienist (Afi) was not only professional but outgoing and super sweet!   She was thorough about checking my teeth and sharing what she was doing as she was poking around my gums!  \n\nDr. Lee and her assistant were just as friendly but more importantly quick to assess my teeth!  And when I told her about my concerns of potential cavities- she assured me that the X-rays indicated healthy teeth and just to be careful about my grinding.  (Yup, need to remember to wear my mouthguard at night!) \n\nOverall, I definitely would go back and recommend others to Midwest Dental and to see Dr. Lee and her staff.  With many choices in Madison for dentists, Midwest is the most professional and best choice!","useful":0,"user_id":"5_7tpeHBFVozzjgyMhl7ww"}
{"business_id":"DgwjHs22Os7X3C2IFYmh0w","cool":0,"date":"2017-03-15","funny":0,"review_id":"NqXVTXZemb-oV-w-tS3-qA","stars":1,"text":"This is my first dental and probably the worst. Initially I just want to do a general cleaning since my dental insurance covers one free cleaning every year. But they just keep ask me to do something else which is not free. And after I did my deep cleaning (they asked and not free), one endodontist told my that I have to wait 90 days from my deep cleaning to do my general cleaning (that's from my insurance policy she said). So this is why I scheduled the appointment today. And when I go today, they just tell me that it's a periodontal maintenance which costs over 180. And I explained that I was told that it's just general cleaning. They don't trust me and they said we trust what is written on the record. I just can never get my free general cleaning. I just quit and will never go again.","useful":0,"user_id":"dzVd_LEAy6k2fcYRWdAUdQ"}
