{"business_id":"DS5TFqkcPiQx6yjUKK8_qg","cool":1,"date":"2013-03-18","funny":0,"review_id":"pZDX11b8rAmx4Ee71Pg3GQ","stars":5,"text":"I have been coming to the WomanCare Clinic for years and I have never once had anything less than a great experience. I see Mary Bina-Frymark NP and I cannot recommend her enough. She manages to be no nonsense while also being very compassionate. She has helped me through many medical problems and has gone above and beyond to help me when I had an emergency. \nIn addition to Mary, I have also had wonderful experiences with all of the other nurses there. I really can't say enough wonderful things about this place. I recommend it to all of my female friends and I will never go anywhere else so long as I live in Madison.","useful":2,"user_id":"Q3ihpna9j45rDhBs7PIUrg"}
{"business_id":"DS5TFqkcPiQx6yjUKK8_qg","cool":0,"date":"2007-02-25","funny":0,"review_id":"QCoKnvHgDZraJpNxlgVKsw","stars":5,"text":"Hands down, the best all-around medical practice I have ever found (and I have been to quite a few...)\n\nI had an undiagnosed, rather personal, and extremely unpleasant medical condition for more than five years. I went to at least six doctors -- gynecologists, psychiatrists, psychologists, not to mention GPs -- in two states and was told, again and again, that I was a nutjob with clearly repressed memories of horrific childhood abuse.\n\nIt took Dr. Barbara O'Connell ten minutes to say, \"Honey, you're fine. Thirty minutes in the OR and you'll be good to go.\"\n\nI cannot speak highly enough of this woman, and since said operation (two years ago this March), I have recommended her in gushing terms to all of my gyno-needing friends.\n\nSeriously. \n\n(However, it can take a while to get a new-patient appointment, which sucks, but I think is often the case with competent gynecologists.)","useful":3,"user_id":"nEwaBIELZIXXakxt2igyiA"}
{"business_id":"DS5TFqkcPiQx6yjUKK8_qg","cool":0,"date":"2014-05-30","funny":0,"review_id":"LfuEuUqFf73AbkzSUfzGSw","stars":5,"text":"UPDATE: This clinic will soon become a UW Health clinic (in case y'all are curious about insurance networks and whatnot)","useful":0,"user_id":"fJ_qSZH_akvWzHUPMqab1g"}
{"business_id":"DS5TFqkcPiQx6yjUKK8_qg","cool":0,"date":"2014-03-24","funny":0,"review_id":"9-KP2hwMsLmg_JeKuwFH4g","stars":5,"text":"This woman is AMAZING!! She's treated most the woman in my family and we are all happy customers! I had a reacurring problem that other gynos just threw antibiotics at which just made it come back because it was killing all my bacteria not just the bad ones so in my FIRST visit with her she told me the holistic approach and said it was cheaper and I haven't had a problem with it since!!\nand when I first got on birth control SHE let ME decide while other doctors tried to decide for me which made me shy away from it. She gave me a pamphlet and told me to call her when I decided. When i picked one and I wound up not liking it they got me in the same day I called to switch over to another one!  \n\n She does all my gyno stuff now!","useful":0,"user_id":"v2IcLPGT0TSgPn27QIARRw"}
{"business_id":"DS5TFqkcPiQx6yjUKK8_qg","cool":0,"date":"2014-06-25","funny":0,"review_id":"lc6CDBZZDTCq5KVB0nmuqA","stars":5,"text":"Super sad that this clinic won't be around anymore, I've only been going for less than two weeks but Dr. Hedrington has been beyond amazing, making sure I can get what I need done before the clinic closes so she can guide me in the right direction when it does.","useful":0,"user_id":"_DeDNBMyefaIEIHm_C-sVg"}
{"business_id":"DS5TFqkcPiQx6yjUKK8_qg","cool":0,"date":"2012-08-25","funny":0,"review_id":"JFmPS4UuSGtRehbcDMBe9Q","stars":5,"text":"Definitely the best medical experience I have ever had.  Dr. O Connel is a wonderful Dr. with a compassionate heart.  After visiting several Gynocologist and medical Dr. who told me there was nothing wrong with me and leaving me in tears of sadness, embarrasment and humilition Dr. O Connel diagnosed and helped me correct my problem.  I left her office in tears of joy because I finally found a Dr. that knew what she was talking about, made me feel at ease and was able to help me correct my problems.   I travel from IL just to see her and will continue to do so.  Her staff is also friendly and professional.  Do not hesitate to make an appointment.","useful":0,"user_id":"V28_73Ap8rxkGDvHjUhmzA"}
{"business_id":"DS5TFqkcPiQx6yjUKK8_qg","cool":0,"date":"2010-10-28","funny":0,"review_id":"JzWDJwe4yjHS8cCM-Hb9Gg","stars":5,"text":"I echo the previous reviewer about Dr. O'Connell. She is warm, extremely smart, and no bullshit. And she's passionate about women's issues.","useful":0,"user_id":"dd098TFcmTXbNo_iPaKVsQ"}
{"business_id":"DS5TFqkcPiQx6yjUKK8_qg","cool":1,"date":"2011-03-22","funny":1,"review_id":"xb0c8uSv2_ozS8g14gsOdA","stars":5,"text":"Ditto all! I've only been there once, but will make sure my daughters go there too. Excellent, caring, compassionate.","useful":1,"user_id":"i-xUlrZFX2yzBVR7SrTn5A"}
