{"business_id":"eK9OoZhPdhx_62LL1aF6kQ","cool":0,"date":"2013-10-30","funny":0,"review_id":"HpUpGBDjs0omf4jtqVb7gw","stars":5,"text":"I love this place! Patient dental hygienists and dentists. My 3 year old is terrified of going to the dentist but they are used to the screaming and crying. They are calm and help her to feel more at ease. Great kid friendly waiting and exam rooms. They also give the kids a token at the end to get a toy out of a machine. I just love it there!","useful":0,"user_id":"aQXwvE9GXXNuc4WM1gPwpQ"}
{"business_id":"eK9OoZhPdhx_62LL1aF6kQ","cool":0,"date":"2015-09-08","funny":0,"review_id":"la-ZZUgmsbVnIM9w5RKELg","stars":5,"text":"If I was a kid, I wouldn't mind going to the dentist.  From the kid themed waiting room to the ability for the patient to watch TV from the dentist chair, Children's Dental Center really caters well to their clients.  Being a parent, I appreciate the little things like the no cavity club to help incent good behaviors.  Will be sad when my daughter becomes too old to be a patient.","useful":0,"user_id":"8teQ4Zc9jpl_ffaPJUn6Ew"}
{"business_id":"eK9OoZhPdhx_62LL1aF6kQ","cool":0,"date":"2007-10-07","funny":0,"review_id":"xtD12kU5-n8_hnV6AvVs9g","stars":5,"text":"Really love these dentists (also the other office in Fitchburg).  Our dentist Dr. Dejarlais has been wonderful.  We have had two emergency after hours visits in the last year (one was on New Year's Eve) and they were the very friendly, professional, and made my daughter relax.  Would totally recommend them.","useful":1,"user_id":"MAEzM7sQTBhdVgf-SP2Lug"}
