{"business_id":"e0MefDRVQ-8TE1j4Nq7NTA","cool":0,"date":"2013-01-04","funny":0,"review_id":"3sl5Kh6ZmowdtJrEkmMO-w","stars":5,"text":"Dr, Kathy is by far and away, the best GP I've ever had. She has a calling to the medical field, and it shows every day. If you are looking for a family practice doc, you need search no further. \n\nTo put it simply: She rocks!","useful":0,"user_id":"Ecwjq2u2m5_0AUBWKVtofA"}
{"business_id":"e0MefDRVQ-8TE1j4Nq7NTA","cool":1,"date":"2017-01-26","funny":0,"review_id":"KlqkPfazUwEVWbSMHCYKHg","stars":5,"text":"Dr Oriel helped me through a high risk pregnancy. Her expertise helped save my son's life. She takes time to discuss issues and treatments. We continue to see her as our primary doctor.","useful":0,"user_id":"bmE8oUvHPzeo1vhmW3NMVA"}
{"business_id":"e0MefDRVQ-8TE1j4Nq7NTA","cool":0,"date":"2008-01-03","funny":0,"review_id":"f4US0EcJc_szev08DiRTiA","stars":5,"text":"Dr. Oriel is a great doctor.  She is honest always listens to what you have to say, instead of just blowing you off.  She takes the time to make sure your needs are met.  I am glad to have her as my doctor.","useful":0,"user_id":"ylqsuJfz7SN5jG0HIsQ2kQ"}
