{"business_id":"e1JITT5CxcrcicWNzIQ3SA","cool":1,"date":"2017-01-17","funny":2,"review_id":"EGsn4TJlx1RZ5ZZkPlzi2w","stars":4,"text":"Lots to like about this office: bright, clean, a kids' play area with books and coloring pages, and a screen in the waiting area telling you if your doctor is on time or behind (and by how much). \n\nI've been for acne and skin cancer screening (pasty people have to be careful!) and recently went for a couple of small surgical procedures. The staff was great about explaining everything and were very accommodating for making me comfortable. I'm a little squeamish and not the hugest fan of getting stuck with needles. The person assisting the surgery that was in charge of sticking me about ten times was a good sport about me squishing up my face as I got poked, and neither she nor the doctor was bothered by my request for something to put over my eyes so I didn't accidentally catch sight of any scalpels/needles/etc. mid-procedure. They also offered to put on music to help distract me from the sounds of surgery. \n\nThe doctor also asked me if I had issues with lidocaine at the dentist - something I appreciated because as a redhead I tend to need more anesthetic than the average patient. Since I do, they made sure to numb me appropriately. \n\nHoping I don't have to go back for much after my followup for suture removal, but I wouldn't hesitate to return if I do have further dermatological issues.","useful":3,"user_id":"wd3xoNaDLib8dhQ7BxUl6g"}
{"business_id":"e1JITT5CxcrcicWNzIQ3SA","cool":1,"date":"2017-03-01","funny":0,"review_id":"KlDtlNUS0pwg5KIseIOlag","stars":5,"text":"I have only seen Dr. Puchalsky, but he is a great Dr. You will not go wrong with him. He is a dermatologist, and he really knows his stuff. His staff is also good (very friendly here.) And the thing I like the most is you never have to wait. They get you back quick, and the doc comes in the room quick. You realize they value your time as much as there's.","useful":0,"user_id":"W-fAyKyq83YGg4jDzb9fAg"}
{"business_id":"e1JITT5CxcrcicWNzIQ3SA","cool":0,"date":"2015-05-18","funny":0,"review_id":"PNDogwx7iisiwdQ9YXp8pQ","stars":4,"text":"Actually pretty impressed by this place. Normally, I am met with annoyed people who lack any ounce of friendliness.\n\nThese people were actually pleasant and knowledgeable. They told me that the doctor was running on time. I noticed that they also had a board that kept those times updated as well.","useful":1,"user_id":"tbycp0aRhRsiAVYUAVR_uQ"}
