{"business_id":"EZWGYmCu9Ju2hCwdUgYtBQ","cool":0,"date":"2014-03-12","funny":0,"review_id":"QtDhxnotLX1wN5rjKQDlJQ","stars":1,"text":"My friend Casey got her hair done? Ha Ha removed from a place similar to this in Milwaukee. After much urging, I booked an appointment here, as it was close to my job. \n\nOh my... I'm glad that I could make my friend laugh, I'm sad that the work done looks awful. It was terribly done and I'm suspicious that they have as much experience as they claim. \n\nSooo full of regret from this terrible, unprofessional service.","useful":1,"user_id":"BS3qOK1iRLcWtoV9KnwyXg"}
{"business_id":"EZWGYmCu9Ju2hCwdUgYtBQ","cool":0,"date":"2012-05-04","funny":1,"review_id":"Ul0TuTgUygDqZ2gUdTgQgw","stars":1,"text":"These ladies are the worst trying to get in for a treatment and customer service stinks.  When I did get in they were so unorganized and Treatment was a horrible experience.  They said \"we are so busy we have so many clients.\"","useful":1,"user_id":"j2eybjrGM3Gki-B4zRqBoA"}
{"business_id":"EZWGYmCu9Ju2hCwdUgYtBQ","cool":0,"date":"2013-04-10","funny":0,"review_id":"xUXuaTIxMumYrxkaGjekHA","stars":5,"text":"Don't listen to the bad reviews, this place is awesome. I have been getting laser treatments for my underarms and bikini line and I could not be more pleased. It really does work and if you think about it in the long run, it is really a cost effective treatment for hair removal. It is much more convenient than waxing and I am so happy I don't have to shave anymore. The staff are very knowledgeable and will answer any question you may have. I have never had any issues with rescheduling appointments and I have always been treated with respect. They give you a fair price and have specials all the time. If you have any questions or concerns, ask them during your consultation because it isn't a one time thing and you are done but it is SO worth it. I was reading the previous reviews and I can't believe they are even writing about the same business.","useful":0,"user_id":"OIedhfNY0YZ0oOP_QJdtXw"}
