{"business_id":"EM_D_kcnN2gB0mi0tCqETw","cool":0,"date":"2016-05-19","funny":0,"review_id":"WLXQUUuYV2xKKav0KPcQiQ","stars":4,"text":"Friendly, professional atmosphere. Offers Psychiatry-/Psychology-/Other-related services, despite the name. Check the site, flyers in the waiting room, or ask as they have a lot of afternoon/evening events or sessions on various things that looked interesting and/or helpful. I say looked as I've not personally been to any.\n The wait is usually short, better than most all other related specialists office waits I've ever encountered. As per usual there's a varied selection of magazines, books, periodicals, and other reading material available to suit just about any interest; I've actually found myself a little miffed more than once due to not finishing an article in Science or Popmech before my wait was up. I don't know how much this may affect anyone as most people likely carry a smartphone or tablet and may not rely on old-school paper-based diversion, but its there if the need arises. Chairs: meh. \n Make sure to ask/pay copay at the first chance you get, else it may go unmentioned. Not their fault, but I found myself with a 300 dollar statement out of nowhere going back several months, fortunately didn't kill my credit but I would have preferred to know (or perhaps have it made known more clearly) if 'such-and such' fee is charged to me, or insurance didn't pay something when they charge me, or at least not presume I already know when I ask if I owe anything. Billing is in a different part of the building, I'm told, and as I said, not entirely anyone's fault but I took nearly a star off for the lack of communication and clarity, or at least both could be improved.\n Only other con (I'm not hating, if I can find only a couple things to nitpick about anything dealing with modern-day healthcare, that's amazing in itself) is there are no reminders for non MD-type appointments for some reason, though they will bill you. Hard, and not really mention it (rarely, they have) [billing was mentioned above]. I don't know why they don't remind for some services, it can waste Dr. and patient time, money too. It may only affect the unorganized and forgetful like me, and isn't their responsibility. Just, IMHO it would be more consistent to... be consistent with reminding/confirming all appointments. \n  Otherwise nice people, professional and non-intimidating environment.\nParking can be from Mineral Point Rd. (by the old Uno's Sign) or coming from the west part of West Towne turn left at the Gloria Jean(or whatever it's called) Coffee across from the strip mall with Peir1, etc in it, and the parking lot's on your right.","useful":1,"user_id":"M1UrTf3PH-st3Q6u8VovTQ"}
{"business_id":"EM_D_kcnN2gB0mi0tCqETw","cool":0,"date":"2017-03-13","funny":0,"review_id":"mjFNxOdQ_rzyEMT4RywVCw","stars":1,"text":"Nice people here but lack of effective communication lead the individual seeking help possibly feeling more helpless.  I made an appointment for a specific diagnosis of concern and desperately needed help. At the time the appointment was  made, I was not explained the very lengthy process of seeing a general therapist who may or may not have expertise in this area of concern at least  a few times  for \"intake\"  before being seen by a psychiatrist to be able to make diagnosis and perhaps then get started on a desperately needed plan of focused therapy.    I just felt it was a long process of expensive \"entertainment\" in the meantime, you, the one seeking help, are still longing for assistance from a psychiatrist. \n\n\nSo, if you are seeking help and are wishing for effective treatment which at times requires a diagnosis and consideration for pharmacological therapy sooner rather than later... choose carefully.  \n\nI do not always write reviews, but if I honestly think it will help people who, in this case might need a more than leisurely approach, I take the time to write.","useful":0,"user_id":"W2BgIQc9Mi4EJpe0nhDf5g"}
{"business_id":"EM_D_kcnN2gB0mi0tCqETw","cool":0,"date":"2017-01-27","funny":0,"review_id":"3hMBfnzH0vWFgJFz29oRkQ","stars":1,"text":"I have scheduled 3 appointments and my counselor has cancelled 2 of the 3. The last appointment, I waited for 30 minutes in the office waiting, only to be told I wouldn't be seen. I am hoping a different counselor will make a difference.","useful":0,"user_id":"Feep0okZNfwHu7D-aH-afQ"}
