{"business_id":"FEtwr6J4mcF1mFlxO-AlFw","cool":0,"date":"2014-06-15","funny":0,"review_id":"6cztDu-b1E83fLUMEklj4w","stars":2,"text":"I'm sure this is the right chiropractor for some people but I was not one of them. I was also paying out of pocket and seeing him 5, then 4, then 3 times a week for several months (per his instruction). I knew we were eventually working on very old alignment issues so I hung in there but there were some things that were really hard to take. \n\nHe will not take more than 10 minutes with you, for one thing (on the few occasions you are in a private room someone will knock on the door at five minutes and he is gone). He does all adjustments in a public space with three tables so there is no privacy. If you have to ask him a question he will answer it, but he will start to back away while talking, heading to his office. He just doesn't seem to want to take any extra time, even though the adjustment, itself, is only about 90 seconds to two minutes. \n \nIt also seemed weird to me that I never got instructions about things I might do to help strengthen or loosen my spine. I mentioned core strengthening at one point and he gave me some exercises but never really mentioned it again. The care is all about 'the activator method' so it is really about just coming in for adjustments as often as he says is needed. \n\nI really should have paid attention to my gut when we first met. I was in excruciating pain and, as I was leaving he said he really couldn't recommend ibuprofin (which I was using for a few days at that point to be able to get any sleep at all). Despite my crying from pain, he didn't seem to get how bad it was or how desperate I was, or that I needed to sleep. \n\nHe is passionate about the activator method (had zero recommendations of other chiropractors more convenient geographically - I've never heard of a practitioner not having one person they respect in their field). He is not a very compassionate guy, in general, though. \n\nHe takes some insurance and is certainly competent, but if you are paying out of pocket or want a practioner who is a good listener, respectful and genuinely interested in your concerns and questions, you might do better with someone else.","useful":0,"user_id":"sSDt0MX-zeKzIb9ITBMawg"}
{"business_id":"FEtwr6J4mcF1mFlxO-AlFw","cool":0,"date":"2017-03-31","funny":0,"review_id":"y7j9j3WKhp03V-v3CqzzXQ","stars":5,"text":"Dr. Anunson has been a godsend to our family. I'm not really sure the other reviewers have met the same man I have because he is warm, genuine, and desperately wants to help his patients in any way that he can. We started seeing Dr Anunson six years ago. My husband in his mid twenties was throwing out his back at least twice a year from old sports injuries (or so he thought). Every doctor he'd been to recommended PT or muscle relaxers (all useless). Dr Anunson actually cared to find out the root of the inflammation causing the spasms in the first place. With some Chiropractic care, digestive enzymes and some dietary changes, my husband hasn't thrown out his back since he began treatment with Dr Wade (I should also mention he doesn't even get adjustments regularly since he travels so often). He also helped me deal with chronic migraines I've been having since the age of 9. I've gotten two MRIs, I've been to neurologists, allergists, taken several medications, and have seen other chiropractors. The only thing that ever made a long term difference was seeking care with Dr Wade.\nWe also began bringing our autistic son to Dr Anunson to see if he could help him. He goes to regular treatments each week and takes a couple of enzymes. We've also made some changes to his diet as well based on Dr Wades recommendations. Our son is a completely new boy. He's finally not getting sick all the time, his tantrums have almost stopped completely and he's saying new words every day when just a few months ago he barely uttered anything. \nFor those complaining about the cost, chiropractic care is cheap in comparison to what you'd pay out of pocket to see an MD... and an MD is only going to treat your symptoms, not address the actual root of the problem or look at your body as one entire being. Insurance companies should have better coverage for things like chiropractic care and the fact that they don't isn't Dr Anunson's fault. He charges a fair rate for his services and makes sure customers don't spend all day waiting around to be seen (again, unlike MDs). We would highly recommend him to anyone!","useful":0,"user_id":"HhLqWvtJHCtmiazccrULrw"}
{"business_id":"FEtwr6J4mcF1mFlxO-AlFw","cool":0,"date":"2013-10-28","funny":0,"review_id":"4AlAFdcwKNEU-QIZUBowmg","stars":1,"text":"I thought I would try to spare others, seeing as how Yelp is how I found this chiropractor:\n\nI came here after years of chronic back pain while I was in between jobs.  I was uncertain if my insurance would cover the treatments, so asked the billing people to make absolute sure that any work done would be covered.  \n\nAfter being assured that the treatments would be covered, I was quickly asked to have X-rays done, and then told I should start coming in 3x per week.  \n\nIt was not until 6 months later that I would be told that the treatments would not be covered, and the 10% of the bill I was promised I would be paying would need to be paid completely out of pocket.  Billing dept. admitted that I had been misled but was completely unwilling to do anything about the whopping bill that had accrued. \n\nShady deceptive practice, ineffective work, completely impersonal treatment... I would be very careful about going here.","useful":0,"user_id":"DUcBtnv7xGIcyrMnS-pleg"}
