{"business_id":"FkQX1VIdmrmZKwvX6ZXHHg","cool":0,"date":"2012-07-12","funny":0,"review_id":"ppvUZpbnLJHQp6a6SI0AoQ","stars":3,"text":"Don't get their BIOFINITY contact lenses made by Cooper Vision. I've had 3 pairs so far with different prescriptions even though both of my eyes are at the SAME prescription. It's really hard to read when your eyes are at different prescriptions.  \n\nThe past 2 times the staff have been ok/ cautious about giving me a sample lens to compensate for the busted lens. It's annoying to deal with and I wear my lenses as little as possible to deal with the problem, which defeats the point of buying contact lenses in the first place.","useful":0,"user_id":"HBz1Ym5yFQrPBMpIxHIEKQ"}
{"business_id":"FkQX1VIdmrmZKwvX6ZXHHg","cool":0,"date":"2012-05-31","funny":0,"review_id":"wG-qKcM7RrPYD1WnIoGbJQ","stars":2,"text":"I've been going here for several years and overall it has been a good experience, which is why I'm not giving it only one star. My last two visits, both at the Mineral Point location, were not pleasant. The second occasion was similar to the other reviewer who wanted to buy their frames online. Both the staff and the doc acted like politely asking for my pupil distance was an outrageous request. From a business perspective, I understand that they don't want people to buy online. But I think it's still important to maintain a professional demeanor with a customer, especially when all I wanted was my full prescription for a medical device. I'll be taking my business elsewhere. But, if you don't buy your contacts or frames online then you probably won't have any problems at Eye Contact.","useful":0,"user_id":"7JDT8hEOd9byLccRjnpErw"}
{"business_id":"FkQX1VIdmrmZKwvX6ZXHHg","cool":0,"date":"2012-07-21","funny":0,"review_id":"hGJ-MwMkRo8qw7FUPbypvA","stars":1,"text":"I've tried all three branches and had bad experiences at all of them. \n\nFirst off they are overpriced. I needed a part for my Adidas sun glasses. It took them 3 days to get back to me about if the part was even available - when they did it was twice as expensive as another local shop. The other shop checked the warehouse immediately and had it shipped the same day. That was their east side branch.\n\nThey take my insurance which is why I went to them downtown... The doctor was good - billing a different story. I just got a bill for $10 about a month after my visit. I asked if everything was covered by insurance and they said yes. While the amount is small - the principal annoys me.\n\nOn the west side I went to get contacts, I had to wait 90 minutes to be seen even though I had an appointment. That was a long time ago (a year) but combined it really irks me. Overall I should have learned my lesson the first time... they don't seem to get customer service and their prices are very high. \n\nI think there are better places in Madison.","useful":0,"user_id":"RyY_oT-Tl7FYyBwCEHYz_A"}
{"business_id":"FkQX1VIdmrmZKwvX6ZXHHg","cool":0,"date":"2010-09-17","funny":0,"review_id":"_iTT4UfL-XaWjhMErx06Cw","stars":4,"text":"So helpful, competent, and friendly! Costs were reasonable. Would give 5 stars if they accepted VSP\n\nPer the other rating I was cautious and asked for prices, and explained I'm a \"poor graduate student.\" They didn't seemed deterred by me asking the prices and were fine when I didn't upgrade.\n\nThey have up to date technology, all of the staff were friendly (including the optometrist who spent a lot of time with me, talking about my needs for contacts and explaining my prescription), and walked me through the cost at the end, including how to get a rebate from the company. \n\nIf they accepted VSP, I would make them my primary eye care center.","useful":0,"user_id":"7RmfH0UK1CTayYbs2QKGLg"}
{"business_id":"FkQX1VIdmrmZKwvX6ZXHHg","cool":0,"date":"2011-07-19","funny":0,"review_id":"Rfch9f0FfhEJz9LHKpSqmA","stars":4,"text":"We went into this place looking for sunglasses, we went to 5 other eye shops before this one and it was our last stop.  The doctor came out and talked to us and said why the glasses we were looking at were cheap, but still awesome.\n\nHe made a lot of sense, saved us $50-$100 on polarized sunglasses, and we still get compliments.  \n\nI don't know about the service of the doctors for eye appointments, but in general the place could use something to make the floor a little less dingy-looking.","useful":0,"user_id":"cVX9uszVLZsERDcpa1jBwg"}
