{"business_id":"f5fOS5sPvSDu8oG5U4lHMg","cool":0,"date":"2012-08-31","funny":0,"review_id":"Gf5ALbsBhnsLMNrDmkt4Tg","stars":5,"text":"I loved seeing Gregory. He gave me the best massage I've ever had! It was really nice to see a masseuse who worked with me instead of \"on\" me. \n\nHe even gave me some stretching/self-care recommendations!","useful":0,"user_id":"eh9_nXZXDB_EV_z9oc9-mg"}
{"business_id":"f5fOS5sPvSDu8oG5U4lHMg","cool":0,"date":"2013-09-13","funny":0,"review_id":"WeQ5nBaLu34ivbIh2PJtZw","stars":5,"text":"The best massage I have ever had. He found all my trouble spots and targeted them. Yet he never pushed beyond my level of pain tolerance. I feel a million times better. \n\nI recommend this for anyone. Both beginners and people that have been going to massages for a long time. \n\nThe location is in the building with the comedy club. You go to the third floor and enter Melt Studio. \n\nMake sure you take off your shoes. That is a rule at Melt.","useful":0,"user_id":"X8zKxLeRAgo7sY3UWp3e1g"}
{"business_id":"f5fOS5sPvSDu8oG5U4lHMg","cool":0,"date":"2016-03-19","funny":0,"review_id":"yjr9Si-k21nlrhgVPocMiw","stars":5,"text":"Gregory gave me the best massage of my life! I never knew what a real massage was until\nHis session. I left feeling relaxed, rejuvenated, and amazing! He books out in advance so schedule ahead!","useful":0,"user_id":"pedCWsyjD54LKtxMCQM7Fg"}
{"business_id":"f5fOS5sPvSDu8oG5U4lHMg","cool":2,"date":"2016-06-17","funny":1,"review_id":"5cQ_wtjb8vsPkjuwZgHL6A","stars":5,"text":"GREGORY IS MAGICAL.  I have had many massages in many locales around the world and this was the best I have ever had.  I am a new mom and had a lot of stress and soreness in my neck/shoulders/back.  Gregory paid special attention to detail and really pinpointed these problem areas.  He seems like he is very well educated in the science of the body and not just massage.  And Gregory himself is a sweetheart- I will be back time and again!","useful":4,"user_id":"V-8fL-KJlcWRY2lxuiMfyA"}
{"business_id":"f5fOS5sPvSDu8oG5U4lHMg","cool":0,"date":"2014-07-17","funny":0,"review_id":"NCyKkqGlCRCYlyUzaw-bqw","stars":5,"text":"I appreciated this bodywork tremendously.  It was very deep and intense, but I survived, and will certainly go back for more","useful":0,"user_id":"eB2NMM2Gl5EMx18xRZ5zoQ"}
{"business_id":"f5fOS5sPvSDu8oG5U4lHMg","cool":0,"date":"2009-05-22","funny":0,"review_id":"1SlTI4e6zPzsta2Bd-LEiw","stars":5,"text":"I'm visiting Madison from California -- and I needed a massage to recover from a night on the red-eye.  I have a chronic neck problem and issues related to old sports injuries and too much time at the keyboard.  I regularly get massages with deep tissue work, trigger point therapy, and myofacial release.\n\nI have to say that Gregory is an absolutely amazing massage therapist. If I lived in Madison, I'd definitely be a regular customer.  I will be back to see Gregory whenever I come to Madison.  Highly recommended.","useful":0,"user_id":"qJf0EtnstGB4b3760dpVbQ"}
{"business_id":"f5fOS5sPvSDu8oG5U4lHMg","cool":0,"date":"2012-07-08","funny":0,"review_id":"YQt7koiGffCFt-svmtV-UA","stars":5,"text":"Gregory is outstanding! I saw him 1-2 times per month for chronic orthopedic pain during the 2 years I was in Madison for grad school. He goes far beyond the relaxation promised by most massage therapists; his deep tissue massages are intense. He focuses on treating the root cause of pain, not just the symptoms, bringing in elements (at least in my amateur eyes) of myofascial release, yoga and physical therapy. \nHe's super friendly and reads people well - he could tell whether I was in a happy, chatty mood or would rather just shut my eyes and be in my own head for an hour. He's a one-man shop so his studio is small but it's comfortable, clean and relaxing (hint: enter on the 3rd floor through the door labeled Melt).","useful":1,"user_id":"Soafvih5HKR7JaG2_u8zTg"}
