{"business_id":"FGBfG9i6nRxV2757ML9iDg","cool":0,"date":"2016-02-02","funny":0,"review_id":"oXqPta1GeDWL952EtbLkTA","stars":2,"text":"I've had variable experiences with Madison Women's Health. The clinic was originally recommended to me by a friend who really loves her OB/GYN. My friend has had 3 children in the time that she has been with the clinic, so I took her advice and made an appointment. A few pros first--I find the office to be very nice--modern, clean, and beautiful. I also like that this is a female-owned and opperated clinic.\n\nMy friend's doctor was not accepting new patients at the time and I was assigned a different doctor. I've seen her for about 4 years at yearly appointments and my impressions are luke warm. When I expressed my intent to start trying to have a family last year, I didn't get much input or advice except for her to hand me a pamplet on Pregnancy Planning and to say \"good luck.\" I had to initiate the conversation about prenatal vitamins and her response was that I didn't really need to start taking them until I actually got pregnant. That whole scenario and her advice didn't sit well with me because it was in contrast to what I was reading and hearing from other women (including friends who are nurses and doctors). However, as I understand that there can be different opinions on such matters, I was willing and able to take all information available to me to make a decision on the approach I was most comfortable with--but the whole situation made me feel isolated in the decision and without sound advice from my physician.\n\nMy main frustration and issue with this clinic is that I can't get an appointment for 3 months each time I call. I find the clinic administrators to be condensending in their communication style and unapologetic about the lack of availability. Most recently, I reached out for advice related to an upcoming trip to the Carribean (Zika virus concern) and was told that no one could talk to me for 2-3 months--full stop, not even the offer of a phone call. So, again, I feel like I am on my own in my health care decisions. \n\nI am also frustrated that my Primary Care Physician, who is an OB/GYN, will not see me for important Primary Care issues--which I've requested exactly twice in 4 years time. I think that shuffling patients around to a bunch of different doctors and NPs leads to inconsistency in care. I'd really like a doctor who knows me. This may be a trend in health care in the US. And, I have no doubt that MWH is comparably good clinic in the grand scheme of things...but it makes me feel like this clinic is too large and way too impersonnal. My experience has been \"meh\" so I can't rate them high.","useful":3,"user_id":"GkiBztG1_UEhEehSiLVjMg"}
{"business_id":"FGBfG9i6nRxV2757ML9iDg","cool":0,"date":"2017-06-26","funny":0,"review_id":"wu4KK_hfvmA_NhS2LFO8ug","stars":5,"text":"Madison Women's Health is where many area physicians go for their care (my primary care physician is affiliated with a different local health care group but still recommended Madison Women's Health). I can personally recommend Dr. Kate Sample and Dr. Erin Schoenecker. As for nuts-and-bolts: Excellent physicians, nurses, and support staff. Welcoming reception (love their fireplace and tea!) with a gorgeous view. Convenient on-site blood draws and ultrasounds.","useful":0,"user_id":"KA22zXGz6pIspbQwaVbfFw"}
{"business_id":"FGBfG9i6nRxV2757ML9iDg","cool":0,"date":"2012-05-23","funny":0,"review_id":"b-D9cv62TNnJbHKii9uGcQ","stars":4,"text":"Other than the slightly strange location (in an office building, so you're occasionally riding up to your OB/GYN appointment with a bunch of twentysomethings coming back from their lunch breaks), this office is gorgeous. Beautiful, new, lovely view. And most importantly, an experienced, knowledgeable, friendly group of female RN's and physicians dedicated to women's health. Every experience I've had here, from appointments to lab work, has been positive.","useful":0,"user_id":"ooVHToZJxCyEvYTdfhM_AQ"}
{"business_id":"FGBfG9i6nRxV2757ML9iDg","cool":0,"date":"2015-02-09","funny":0,"review_id":"zYpysUYikzujJ_oqnD9xmA","stars":5,"text":"I am a physician myself and I can say without any hesitation that this is a very well run practice with excellent physicians and nurses.  I put my trust in them completely and have been very happy with the care I have received here.","useful":0,"user_id":"wY2JxSNJ68QFpYtKZa6aXA"}
{"business_id":"FGBfG9i6nRxV2757ML9iDg","cool":1,"date":"2017-01-13","funny":0,"review_id":"H_TJXHJHh0NJGdxdH_Czzg","stars":5,"text":"Madison Women's Health is an excellent medical practice. The office is clean, modern, and appealing. The staff, from receptionists to doctors and nurses, are friendly and accommodating. I've never felt rushed during appointments, and the doctor will always answer all of my questions. The nurses have gone out of their way to accommodate a slew of outside blood work that I needed to have done in the MWH lab. Also, don't forgot about the expanded care offerings at MWH--you can go here for routine care and not just for gynecological issues.","useful":2,"user_id":"1Sg3J5jh5YSOqmEKT0PC0w"}
{"business_id":"FGBfG9i6nRxV2757ML9iDg","cool":1,"date":"2013-03-07","funny":0,"review_id":"3ejGQr8DR1XJgc-EYXw5kw","stars":5,"text":"HIGHLY RECOMMEND!!! My first visit to this place today. The doctor, nurses, receptionists, lab people all were incredible! Super friendly, helpful and caring. No waiting whatsoever. Very high tech with their medical records and lab results available online.  Also, this was practically the nicest building I've ever been in. There is a fireplace in the waiting room, for example.","useful":1,"user_id":"8QCARCkUC7Wi43Gzjj8rxQ"}
{"business_id":"FGBfG9i6nRxV2757ML9iDg","cool":0,"date":"2012-06-14","funny":0,"review_id":"rRiVf3lGD540RocxC7nQbA","stars":1,"text":"Dr. Katherine Sample of Madison Women's Health delivered our son on 11/6/2010 and fractured his skull, killing him almost instantly. She has devastated our family and I would advise everyone to stay far, far away from her in particular. Hopefully this post helps save some lives...","useful":1,"user_id":"fc0BVh61yv62kxC3gLuvpA"}
{"business_id":"FGBfG9i6nRxV2757ML9iDg","cool":0,"date":"2012-09-27","funny":0,"review_id":"yV1cNgm_oC8d-8tvo3Njjw","stars":4,"text":"Great doctors, not so great nurses.  Doctors are great at actually listening to patients and helping keep me healthy. The receptionists are also very kind and helpful. Most of the nurses I've dealt with are extremely rude and careless. If it weren't for the rude nursing staff I would've given 5 stars.","useful":0,"user_id":"EJLsnsI53YKBHq9te2KSiQ"}
