{"business_id":"fM43wl5n_21X_0JXg3Eelw","cool":0,"date":"2016-08-12","funny":0,"review_id":"1ASfld4_4yubFOItuJAAaw","stars":1,"text":"I've been to a variety of chiropractors, some good, some bad. This one is particular charges upwards of $50 for approximately 3 minutes of service. Dr. Anderson is by far the pushiest chiropractor I've ever met, his main focus is to deep into your pockets and get you locked into a relatively high rate. I am warning you now that it will be very difficult to break services, he has many unprofessional tactics to keep you locked in.\n\nIn terms of quality of service, he does a decent job to eliminate spasms and pinched nerves. I was there for 2 years and noticed zero long-term improvement beyond pinched nerves. He will make claims such as curing cancer, diabetes, hearing loss, scoliosis, and so forth. \n\nAnother word of warning, he will want you to be exposed to a LOT of X-rays. This is immensely expensive, and is quite a bit of radiation.\n\nAt the end of the day, his clients empty their pockets so they can spend 3 minutes with him while the guy drives a $300,000 supercar. Find something a little more local and personable for pinched nerves, get some deep tissue massage for muscular issues, and talk to your medical professional for health concerns before you wind up in the hospital or worse.\n\nOne last thing. HE PAYS PEOPLE TO GIVE 5-STAR REVIEWS. Read them with a grain of salt.","useful":1,"user_id":"InxD-8gVSu8nJkcm2aFHzA"}
{"business_id":"fM43wl5n_21X_0JXg3Eelw","cool":0,"date":"2013-04-05","funny":0,"review_id":"VwgdgujaDnlAXq3KhklWdw","stars":5,"text":"I have been coming to ChiroUSA since October 2011. Initially I came for my right shoulder. I have been being treated for both my lower back and right shoulder. Dr. Pat has been able to keep me relatively pain free, for  which I a very grateful!  The office staff is very  friendly. I especially like the monthly  free education sessions.  They are especially informative.\nIf you have aches and pains it is worth giving them a try. My 94-year old mother had been having back pains for years and had gone to all types of doctors  and specialists, since seeing Dr. Pat, she has been  pretty much pain free.","useful":0,"user_id":"FWSHBTX6lVrS1rL0VWOIXQ"}
{"business_id":"fM43wl5n_21X_0JXg3Eelw","cool":0,"date":"2013-08-07","funny":0,"review_id":"3QwHTZPw3suR4u8yjUE5pQ","stars":5,"text":"Dr. Pat is great at spinal adjustment and extremity treatment. I was able to finish an Ironman Triathlon thanks to the continuous care for my body I received with him. He not only adjusts you to get to maximum potential but also does a good job explaining why it's needed (even if you don't feel any pain)\n\nThe staff is great and professional as well. Let them take care of you!","useful":0,"user_id":"Uw4vJu3gvN_boqqSfvE_0Q"}
{"business_id":"fM43wl5n_21X_0JXg3Eelw","cool":0,"date":"2015-02-27","funny":0,"review_id":"F4tUF5Fms1cldBF3WeBH-w","stars":1,"text":"Maximized Living is a national organization of Christian doctors who incorporate Christianity into their practice. I was VERY turned off by this and chose to stop going to Dr. Pat for that reason. They play Christian music in the office. They ask you about God on health assessment forms. They tell you that God gave your body the ability to heal itself through proper alignment of the spine. I completely respect people of faith. I used to be a really committed Christian myself. But I do not think medicine and science should integrate with religion. And if they do, I should be made aware of it before paying money for medical services and treatment.","useful":3,"user_id":"EN8eBPmMtmjyJa0Z2bGLeQ"}
