{"business_id":"gxr4EQjEgohrCNSUHeLLuQ","cool":0,"date":"2014-06-16","funny":0,"review_id":"zUcyo0VtanU675ZlEbV6xQ","stars":3,"text":"I was referred here by my dentist for wisdom teeth removal. Dr. Scott Hoyer and his staff were wonderful!  They were so friendly and did everything in their power to make me feel at ease and comfortable.  They did a great job of walking me through the process, and what I should expect. Wait times were minimal at all my appointments. The day of surgery I was in and out in about 40 minutes flat. I even received a phone call from the nurse the next day to check up on me and my recovery.\nI wish I could say the same about the front counter.  My experience with the front counter staff was disappointing from beginning to end.  My initial phone call to get things squared away with my insurance I found out that this office out of network.  My insurance (BCBS) required that the office call to answer a few questions for a pre-certification process then I would be able to receive in-network rates.  The woman insisted that it was not their responsibility to make these phone calls.  I then insisted that she double check with billing, she eventually apologized and had billing make the phone call.  It was suggested that I complete my paperwork a head of time on-line.  The paperwork was lost,  I had to fill it out again before my appointment. \nWhen surgery day came, which was schedule over a month later, my insurance had not been run and I was charge the full amount to be reimbursed later\n\nTo sum up my experience,  the work I needed done was done beautifully once I got pass the not so helpful front counter.  Be prepared to pay up front.  I ended up paying about 2 1/2 the amount of what was estimated to me at my evaluation. I got the impression that they were more on the insurance companies side than mine.  Well hopefully I will be getting a check in the mail soon.\n\nFannicia H.","useful":0,"user_id":"mwXBBSahusvYQ3VRCJJVcw"}
{"business_id":"gxr4EQjEgohrCNSUHeLLuQ","cool":0,"date":"2015-05-08","funny":0,"review_id":"yT0woPDbGd9khmH7o2330g","stars":5,"text":"I was very pleased with my experience at Madison Oral and Maxillofacial Surgeons. I had all four wisdom teeth removed and remained awake with local anesthetic. They were very kind and patient and took a lot of time to be sure that I felt comfortable and informed. I was very nervous about being awake for the surgery but the procedure was painless and amazingly fast. Dr. Hoyer and Jen went above and beyond to make the experience easy for me. I can't say enough how grateful I was to have chosen to stay awake and have my wisdom teeth removed at MOS. I fully recommend them.","useful":0,"user_id":"LEwhqQp2ZE3A9AxVRKuTlA"}
{"business_id":"gxr4EQjEgohrCNSUHeLLuQ","cool":0,"date":"2014-05-13","funny":0,"review_id":"FYjILQ_R_IuSQW8ipqjWCQ","stars":5,"text":"MOS is honestly the BEST experience I have EVER had at a dentist, and each time I have been there has been for extractions. My most recent experience was last week when I had all four wisdom teeth removed, and I was awake for the whole thing! Dr. Alton (who has been my surgeon both visits) is the most comforting, gentle oral surgeon I have ever encountered. I actually knew I had to have all of my wisdom teeth removed for over 3 years and kept chickening out. It went as far as me being in intense pain before actually scheduling the surgery. It was recommended I go under for the procedure (I was petrified to do so). I show up for my original apt 7 weeks ago and have a full on panic attack. Dr. Alton and his nurse Connie E. Calmed me down and assured me everything would be alright. I still couldn't get over the paralyzing fear of going under. He calmly offered the option of taking valume and rescheduling (used valume with the last removal of a molar). I did, for almost 2 months out! Finally, it's go time and I'm still REALLY anxious...wait time in lobby less than 5 minutes. I am greeted by the same nurse Connie E. The valume helped take the edge off and I was brought to my room. Less than 2 minutes till doc was in and explaining the procedure again. Got me numb in no time flat (really has good technique at making that part not suck as much) and it was go time. He talked me through each step, continually asking me if I was comfortable. Two teeth were not numb enough and I told him, right away he added more, and calmed my nerves.  I am not exaggerating when I say I truly believe I am the most anxious patient alive. Whole procedure from start to finish was under half and hour! All four teeth! Granted they were all erupted, but still...amazing!! I also report no swelling after day one, and NO pain. I really had ZERO pain after my surgery (some minor discomfort and soreness that was fixed w ibprofin). ZERO pain! I seriously can't get over this! I was in much discomfort prior to surgery and now I'm feeling so much better! If I could recommend this to anyone I would! MOS is professional, amazingly staffed, and truly cares about you and not just your wallet. And yes, receiving a follow up call \"just to check up on me\" the very next day was icing in the cake! Go here for any oral surgery needs, and see Dr. Alton if possible!","useful":2,"user_id":"f21hwY5Nu_yBtbnnPNb2_Q"}
{"business_id":"gxr4EQjEgohrCNSUHeLLuQ","cool":0,"date":"2010-08-23","funny":0,"review_id":"uWMG1uhlHHVKH70jOZqIXQ","stars":5,"text":"I had all four of my impacted wisdom teeth out in June. Dr. Stroncek did the surgery. He was fantastic! I was so nervous going in, as I had never had any surgery before. I had minimal pain afterward and never even swelled! Within a week I felt back to my normal self...couldn't have asked for a better experience! The staff is also very nice and helpful.","useful":0,"user_id":"mU1j8F-JejI3Pna9v5fTCw"}
{"business_id":"gxr4EQjEgohrCNSUHeLLuQ","cool":1,"date":"2017-05-11","funny":0,"review_id":"pcDL8o_MhHOIWD0jF79P5w","stars":5,"text":"I cannot say enough positive things about this office. The staff was courteous and helpful. The surgeon performed a molar extraction and took the time to patiently explain the process before and during the procedure in a calming and informative manner which alleviated any anxiety I was feeling about the procedure. He used two numbing agents which led to a pain-free experience--much to my surprise. Even now that the anesthetic has worn off, I have only had to take a few ibuprofen to manage a little bit of achiness. Job well done!","useful":0,"user_id":"A2MFmI0j-mu5XoC_u3_lmQ"}
{"business_id":"gxr4EQjEgohrCNSUHeLLuQ","cool":0,"date":"2014-01-07","funny":0,"review_id":"8bGkAImJMUgf4bNB-4jgMQ","stars":4,"text":"I know this may seem like kind of an odd place to review on Yelp, but I've got time on my hands and I think Madison Oral Surgeons deserves a good word.\n\nI had my wisdom teeth taken out Friday (3 days ago), after a looong, successful history of avoiding it. I haven't been under general anesthesia in a long time, and I was still very nervous by the time the big day rolled around, but Dr. Alton and the nurses at MOS really did everything in their power to make me more comfortable.\n\nMy consultation visit was short, but helped to ease my nerves, because it was all about me: what my procedure would be like, what kind of anesthesia I wanted, what my questions and thoughts were so far.\n\nOn the day of surgery, I was pretty scared, and I just wanted to get the whole thing over with. Key things that made me feel a little more trusting: a super-short wait in the waiting room, plus consistency. I don't remember moving from the operating chair to the super-calming, dimly-lot recovery room, but I distinctly remember my nurse (I wish I could remember her name - started with a J?) being with me the ENTIRE visit, from prep, to comforting me when I cried loopy post-anesthesia tears to her and my mom (yeah, that happens), all the way to physically walking me out to the car. \n\n(The only confusing thing I've found so far is that the instructions you get in their post-op brochure, online, and in person all differ slightly from each other. However, this is probably due more to the fact that every case is so individualized, rather than an oversight.)\n\nTL;DR - I was a terrified stick-in-the-mud about my wisdom teeth, and the folks at MOS were clearly skilled at dealing with people like me. They're kind, gentle, compassionate, and very informative. Bonus: They call you a few days after your procedure to check up on you. You're in good hands here!","useful":3,"user_id":"-WMhXcdzVV-o3PN06-yzRA"}
