{"business_id":"gGCCLxKWDdglVFdq29oi-Q","cool":0,"date":"2013-03-23","funny":0,"review_id":"ylzBaTNwFxO1p2O53j38Ug","stars":5,"text":"Radiant Smiles Dentistry is AMAZING! I had sudden excruciating pain in a back molar while I was at work. It was so bad, I went home and began calling dentists. I hadn't been to the dentist in a long time and did not have a dentist. I called 11 other places and was refused any help by any of the dental offices because I was not a patient.\n\nAlthough Radiant Smiles was a bit out of the way for me, I called them, in tears, explaining my situation. The gentleman who answered the phone explained to me that they were closed but then asked me to hold while he spoke to the dentist. \n\nTHEY STAYED OPEN FOR ME. I was not a patient and they stayed open for me to make a 25 minute drive over. They had to perform a root canal immediately and stayed very late to do so. I can't thank them enough. I have been blown away by how friendly and caring the staff at Radiant Smile Dentistry is. They helped me when I really needed help and even though they are not near my home, I am definitely a patient for life. Couldn't be happier!","useful":1,"user_id":"JrK6_3UVjgj_B1MPcsV1Eg"}
{"business_id":"gGCCLxKWDdglVFdq29oi-Q","cool":0,"date":"2014-11-24","funny":0,"review_id":"MMk7wx4f1ivM2cxJivB0kw","stars":5,"text":"Went here today, just transferred my dental service from Minneapolis to Madison. This dentistry was great, the staff was professional and personable.","useful":0,"user_id":"zdBz0mAWjVm67MlgunUeRQ"}
{"business_id":"gGCCLxKWDdglVFdq29oi-Q","cool":0,"date":"2014-07-25","funny":0,"review_id":"_a3SfBXNMV0CLIllPA0rpQ","stars":5,"text":"I can't recommend this dentist enough!! They have done wonders for my husband's teeth and his self esteem.  They do wonderful work.  The office and staff are always warm and inviting and are always eager to answer any questions I have. Thank you!","useful":0,"user_id":"DNsG8ceXSz-lx-ecwai38w"}
