{"business_id":"gL0GOZ3ZMgTFHrwb3w8bKw","cool":1,"date":"2017-04-26","funny":0,"review_id":"4FcaIBY7XK8WMTT0oPBpPg","stars":4,"text":"My son saw Dr. Tony for several years and really liked him.  My son is uncomfortable at the dentist and the extra work they do to make him comfortable, and Dr. Tony's terrific bedside manner really helps.  However, it is really difficult to get appointments so we switched to our family dentist.","useful":0,"user_id":"CV5yJHEAXtMXQ3nRLhp3Qw"}
{"business_id":"gL0GOZ3ZMgTFHrwb3w8bKw","cool":1,"date":"2016-02-11","funny":0,"review_id":"LMoyTw9EQCQtJgjORHImPw","stars":5,"text":"My three boy's have seen Dr. Tony for the past few years.  My son had one filling and it went great.  Our routine visits have gone very well, my boys look forward to their appointments!  Very friendly staff, they make my kids comfortable.  Highly recommend.","useful":0,"user_id":"KT3eb5S4F2_gwvlYpD3BWQ"}
{"business_id":"gL0GOZ3ZMgTFHrwb3w8bKw","cool":0,"date":"2010-08-26","funny":0,"review_id":"CZapOMEvITGx3kCk93n1xQ","stars":5,"text":"Dr. Tony, as the kids call him, is a genuinely sweet and kind doctor. Good staff, fun place. Clean and well-cared for office. I wish I'd had it this good when I was a kid. My daughter loves to visit with Dr. Tony and his staff.","useful":4,"user_id":"SOegnrCTG9gPmrQMU6x82A"}
{"business_id":"gL0GOZ3ZMgTFHrwb3w8bKw","cool":0,"date":"2017-07-03","funny":0,"review_id":"H5nN6n5gw7lXCTzAXzwZBQ","stars":5,"text":"My daughter is an extremely shy 6 year old that does not take well to people she doesn't know and half the people she does know.  I was freaking out when the dentist told me she needed 5 cavities and recommended I take her to the Children's Dental Center of Madison.  I took her for her consult and was pleasantly surprised how well she took the entire process and best of all they have a television mounted right above the chair so she didn't mind the dentist taking a peak at her teeth and she did extremely well getting her cavities filled.  The staff was so friendly and informative and made the whole experience good!","useful":0,"user_id":"wk8M6mzJulhtGRh28lZT4w"}
{"business_id":"gL0GOZ3ZMgTFHrwb3w8bKw","cool":0,"date":"2016-02-03","funny":1,"review_id":"RUQ5khwZ1aPgK7SYSK6s4g","stars":2,"text":"If you insist on checking this place out, I would ONLY go with Dr,. Tony, since I have heard good things about him.  We were referred here by another dental office and ended up with Dr. CeCe.  Our initial consultation was ok.  They were extremely nervous and apprehensive about doing non-sedated appointments, so they were going to start small for the first filling.  Her first appointment was fine and went well.  What was weird is they were still pushing sedation appointments.  The second appointment and the appointment after that just steadily got worse and so did the assistants.  So many of the assistants and Dr. CeCe didn't do a consistent job of talking kids through the appointments and explaining in kids friendly terms what's happening in their mouths.  The chairs are not kid friendly, and their lighting is excessive.  They also push the laughing gas and make children use it.  I was really disappointed by how this place treats kids.  I did find out there is a lot of turnover and great vacation packages, which is why they have employees working there that really don't want to work with kids.  If you're in need of a kids dentist, I would definitely be careful which doctor you try.","useful":0,"user_id":"5GCRxbF59G1ae38H7SdMOQ"}
