{"business_id":"GuU7z2pU6OrPEzIe8rGj4w","cool":0,"date":"2015-10-25","funny":0,"review_id":"itzwyG907357nwvrj4jd4A","stars":2,"text":"Wish I could say that I have had a good experience but from the check in for Urgent Care the woman at Registration desk was so rude.  I asked her to scan my new insurance card into Epic.  So at first refused to scan my insurance card and I had to make her do it so that my insurance was on file.  I also told her that she should not argue with a patient who happens to be in pain.  The horrible experience continues.  The nurse who finally took me into a room was truly more concerned with just getting her job done instead of someone who is in pain.  She was so short tongues and did not care really.  She did not offer a wheel chair when she came out to get me an made me walk to the most far away room from the waiting room.  Keep in mind that I am being seen here for a foot problem that is very panful and hurts to walk on or put weight on.  Only after she did vital signs was did she ask me if I wanted a wheel chair if I may get an X-ray.  Really????  I am already in the room, walking on a foot that could potentially be fractured.  No I'll just keep walking on it.  Yeah, that's a great ideA!","useful":0,"user_id":"vYnpjwF41i13sH-gMlS66A"}
{"business_id":"GuU7z2pU6OrPEzIe8rGj4w","cool":0,"date":"2016-02-23","funny":0,"review_id":"xfQXcxXVS0BAo_ZLrGJPww","stars":5,"text":"Daughter is out of town with no insurance.    Went to Urgent care and was diagnosed with Strep Throat.   In my daughters words the Dr's were cool and in my words the price was right.   At $135.00 plus $29.00 prescription we took care of it and that was that.    When going inside be sure to go where it says Urgent care on the sign...   Daughter and I are very happy with walk in clinic..","useful":0,"user_id":"g-8te11R7ycyq-fdY4WQAA"}
{"business_id":"GuU7z2pU6OrPEzIe8rGj4w","cool":0,"date":"2016-07-18","funny":0,"review_id":"RUWTo6r4Jq6yZrJSnCBbvA","stars":2,"text":"My kids used to see a pediatrician at the UW East Clinic, but the wait times were unacceptable. We'd wait 20 minutes (one time it was 30) in the exam room for the doctor to show up after the nurses had finished with taking vitals. This, combined with the uncaring reception staff in urgent care and ridiculously long wait times in urgent care, made me switch the kids to a family practice doctor in our suburban community. It's such a relief not to have to deal with the UW Health East clinic anymore. Of course, we still have no close alternative for urgent care and we use it MAYBE once a year. Every time it's a horrible experience (illness aside). \n\nUrgent care reception staff could use a morale boost. I realize they encounter all sorts of people and temperaments in their job as the \"gatekeepers\" between the medical staff and a bunch of frustrated sick people ... and I'm sure they get tired of us. But they don't hide it well at all.","useful":2,"user_id":"krTXvpaRz5b6r_m3p4DpcQ"}
