{"business_id":"HRHaHCQ9UQWtHFAeXTo1WQ","cool":1,"date":"2013-08-07","funny":1,"review_id":"-BseEa1yRy8KwOyFoZdWKQ","stars":4,"text":"No insurance... UTI... a small cash investment netted me a script with refills for pain relieving , sleep allowing , life saving antibiotics... JOY!","useful":0,"user_id":"5OoYRfOa_ClNxsQuQlAYCw"}
{"business_id":"HRHaHCQ9UQWtHFAeXTo1WQ","cool":1,"date":"2013-09-11","funny":5,"review_id":"QiMcJRqEXCr6OPRhfI8MWw","stars":1,"text":"You can't be 100%, 100% of the time. \n\nIt's something I tell friends, \nbusiness owners, \ninternal me \nall the time. \n\nBut you have to strive for consistency, you can't be so vastly different time to time because people won't know which way is up. They'll start to lose faith and worry about what next time will be like.\n\nNo worries here, there won't be a next time. \n\nI'm appalled, angered and actually contemplated removing my first review (5-stars) but I felt it was important to see just how abysmal my experience was today as compared to last time. \n\n3:50pm\n\nIt started with a woman at the front who asked me to fill out new patient paperwork even though as she was pulling out folders, shuffling papers and readying a clipboard I explained 3 times I had been there before. \n\nShe told me she'd find my paperwork and asked me to sit down. \n\nAnother woman called me up, the associate director of operations. She asked me for my insurance card and I again explained it should be on file... I had been there twice this year. \n\nShe told me they had a new system and asked me to pull it up if I could. I took my seat and did just that. \n\nI went back up to the desk with my ID card on my phone, she said she found a copy in my folder and told me I could take a seat. \n\nSame woman called me back up to the desk and said it would be $105 today. Huh? For what? I haven't seen anyone or been diagnosed with anything? I told her that I thought it was $10 for an office visit. She said last time we didn't charge you enough, so it'll be $105 today and asked me if I wanted to pay the whole thing up front or in installments. Really now, WHAAAAAAAAAAAAAAAAAAAAAT?! \n\nI HAVEN'T SEEN A DOCTOR! What is $105? Seriously, where did you get that number? What am I paying for? \n\nShe told me they'd \"figure it out\" and told me to take a seat. \n\nTime passes. (A lot of time.)\n\n4:30\n\nI'm finally taken back. \nHeight. \nWeight. \nBlood pressure. \nThen the nurse leaves and the Doctor comes in.\nI explain my symptoms, she says she wants to run a throat culture. I'm guessing here she only listened to the fact that I have throat pain, a mild cough and post nasal drip, and neglected to hear the fact that I've had a low grade fever, chills and a lack of appetite. \n\nTimes passes.\n\nA medical assistant comes in with not one but TWO throat cultures. Offices can run a quick test for strep on the spot, they can also send one out to a lab. The Doctor decided she wanted both. In my foggy haze I'm trying to put the pieces of this puzzle together but I just can't quite get there, but I also know it doesn't add up. \n\nTime passes. \n\nDoctor comes back and says their test shows it's not strep. (I'm shocked. ) She says they aren't going to send the other test to the lab because the in office test is 95% accurate. THEN WHY DID YOU PERFORM BOTH? Why not the in office test first, followed by the other? Advanced apologies to my insurance which I sincerely hope denies Concentra's claim. \n\nTime passes.\n\nI finally have some scripts for what this Doctor deems is acute sinusitis. \n\n5:40\n\nThe place is dark. I'm talking lights off y'all, everybody went home. There isn't even anybody at the desk anymore who could take a payment. \n\nI'm walked to my car because I'm the last person there.  \n\nBut it doesn't end there. \n\nNow I'm at Walgreen's where I'm told one of the prescriptions has a $40 copay, and it's the equivalent of cough syrup and an antihistamine. The pharmacist points me towards OTC drugs that total $10 and achieve the same desired effect.\n\nConcentra, you've lost me.\n\nNot only in the confused WTF way, but as a patient too. \n\nYou are just too inconsistent for me to trust you with my well being.\n\nYour slogan is \"Treated Right.\" Put some power behind that because right now those are meaningless words.","useful":11,"user_id":"JUT0U3HTSB3kz9Wh7N0GqA"}
{"business_id":"HRHaHCQ9UQWtHFAeXTo1WQ","cool":1,"date":"2017-06-07","funny":0,"review_id":"sbVEDC3t3U1QfWaVasz9KQ","stars":4,"text":"I visited Concentra on Tuesday, 6/6/17, for a pre-employment physical and drug screening. No appointments were available, so I went for a walk-in around 3:45 pm. Wait time was minimal, and every staff member was very pleasant. Kari O., the professional who gave me my drug test, Hepatitis B vaccine, and blood drawing, was extraordinarily friendly and even funny. I expected this process to be boring at best and grueling at worst, but Kari O. in particular made it a positive experience. The doctor was also professional and kind. I was in and out within 1 hour.","useful":0,"user_id":"IRmiKSihz-Rj2hbat6k95Q"}
{"business_id":"HRHaHCQ9UQWtHFAeXTo1WQ","cool":1,"date":"2014-08-23","funny":1,"review_id":"BkwYqL7XwHONC0NgRavgSw","stars":1,"text":"The only reason why I went to Concentra is because I will be starting a temp job through an agency who uses Concentra for their clients. I had to get a TB test and showed up as scheduled: 8:30, Easy right? Wrong... let me back up.\n\nTo my own fault, I didn't realize there were parking spaces in the back of the building. I ended up parking at the PDQ where the sign clearly states \" Parking Only for PDQ Customers. Violators will be towed\". Because I'd arrived a bit earlier than my appointment time, I didn't think it would be a long wait and parked my car there ( huge gamble). \n\nWalk into the facility and am instantly turned off. I cannot stand being in any kind of office that doesn't give you and the staff member privacy. The line was nearly out the door. Everyone had to get in line just to sign in, THEN take a seat. Once the line was clear, they called you up by name in the order you signed in. This completely defeats the purpose of having an appointment. Does this make sense to anyone? Certainly not me. Keeping in mind... I am parked in a place I shouldn't have parked my car. Afraid to move it, I crossed my fingers I wouldn't be towed or tickets. I didn't to to leave, have them call my name and miss my slot. \n\nMy name gets called and I think it's time for my to get my TB. Instead, I must go up and fill out paperwork. Why couldn't this be done sooner? The receptionist was quite rude. She was trying to do too many things as once instead of giving me proper attention. No professionalism at all. At any rate, I filled out the paperwork and went to sit back down. If I am becoming repetitive, it's because my actions were repetitive. \n\nOne receptionist, instead of calling the gentlemen to approach the desk, she begins asking him questions across the facility. Not only is this rude but considering the waiting area is the size of an average living area for a home, it causes distractions. Confidentiality should ALWAYS be maintained at such facilities. \n\nI am clock watching like crazy and getting nervous. Every second that goes by, I am risking my car being towed. 9am rolls around.... still waiting... 9:10 rolls around... still waiting... Finally at 9:25 I was called. Almost 1 hour AFTER my scheduled appointment time.\n\nThe TB shot took 2 minutes. Literally 2 minutes and I was out the door. \n\nI am not sure what kind of system Concentra seems to be working with but they need to squash it and rebuild including offering some classes for their front desk staff on learning how to be professional in the work place. \n\nA side note, when I went back 2 days laters to get my TB read, the waiting time was 3 minutes which I appreciated. I was also seen by a Medical Assistant Student. I have nothing wrong with this but as a note, please do keep in mind that Concentra does staff students. Some may take no issue with this while others do. Considering it was on a TB read, I was cool about it. That being said, I will NOT be coming back here. I take my confidentiality seriously and hold my health care providers to a higher level. Considering I am paying a crap ton of money for health insurance, I demand better service. If my primary health care provider treated me like I was treated at Concentra, you better believe by that night, I would have dropped my coverage. Avoid this place if you can. If not... Godspeed to ya. \n\nOh... and I didn't get a ticket or was towed. Happy, happy, joy, joy.","useful":2,"user_id":"dxjehLpGgh08vby2BksV6g"}
{"business_id":"HRHaHCQ9UQWtHFAeXTo1WQ","cool":0,"date":"2017-03-28","funny":0,"review_id":"rIuvpvsbk0FU0Z3YdA6rig","stars":1,"text":"Concentra is the Aldis of doctors offices. Only reason I ever go is if a job sends me there. I was sent there for a TB test a couple years back and was told I had TB..  I argued with the nurse and the Dr explaining that I have had a skin reaction to it before but no TB..  They continued to tell me I have it , told my job,  and informed the state health center. Well I recently went to UW health and had the blood drawn test they now have and it's negative.  Concentra and their fake play nurses and doctors need more training, if a patient tells you that they have some type of allergic reaction to the test before, that should be taken into consideration.","useful":0,"user_id":"mSw98n1gt8bCmSs0fznfQg"}
