{"business_id":"haNK_nOgwc5NGsbFPf2E4A","cool":0,"date":"2014-03-18","funny":0,"review_id":"gDK1n4cm2eLIJBsy4U_58Q","stars":4,"text":"After writing this review, I was contacted by a Midwest Dental representative to discuss my experience. Carla was incredibly attentive and helpful -- she gathered information from me and then went to visit Dr. Spiewak's office to discuss the issue with them. After doing so, she promptly called me back and offered to cover half the services now billed. While the experience overall was still frustrating, I really appreciate how quickly someone at Midwest Dental responded to my concerns and willing they (including Dr. Spiewak) were to accommodate me given the circumstances. Hopefully, my experience was an aberrant one, but I really appreciate how professionally and promptly Midwest handled my claim (even if the dental assistant who helped me initially was much less helpful).","useful":0,"user_id":"p42VAkW9IMkAKvegn_veIA"}
{"business_id":"haNK_nOgwc5NGsbFPf2E4A","cool":1,"date":"2016-08-01","funny":0,"review_id":"O_khnSS7L2pM4YI8_1LHfg","stars":5,"text":"Chelsea Boyle is the best hygienist in Madison she's goes the extra mile! Dr Ena Lee is great and efficient she is professional kind and caring. She is quick and polite! Dr. T subbed for her nice guy said I had beautiful teeth so can't complain! He was also very professional and efficient. Again Chelsea Boyle is an amazing hygienist funny quick w X-rays tells you what u need to do to improve you're oral hygiene and most of all very personable and connects with her patients! Office staff bills easily as I had two insurances and they took care of everything. Hats off to Chelsea Dr Lee and her team for an amazing experience for the past two years dental wise!","useful":0,"user_id":"6fzuXBePgLW5LCsd-xEKjQ"}
{"business_id":"haNK_nOgwc5NGsbFPf2E4A","cool":0,"date":"2011-08-21","funny":0,"review_id":"3MtXdCIZ7dib7PEGsezu4A","stars":1,"text":"Dr Lee is very thorough but overall this office is worth skipping.  Each appointment they will find a new procedure needed (cavity filling, x-ray) even if you take their dental health advice of changing new toothpaste, etc.  This office is a waste of time- too bad Dr. Lee is part of this group.","useful":0,"user_id":"_moFuiZpv8ttk3ISSCLWUA"}
{"business_id":"haNK_nOgwc5NGsbFPf2E4A","cool":0,"date":"2012-09-12","funny":0,"review_id":"mfBojQ3CQwVpqSSjs579lA","stars":5,"text":"I've been going here for a few years now, and always enjoy it. When I first became a patient there I had to get some significant stuff done (fillings, sealants) and I think Dr. Lee did a great job (Nothing to compare it to, just have never had issues afterwards). Dr. Lee and one of the dental hygienists (sorry, can't remember name) are really funny and their conversation always kept me entertained while they were working on my teeth. Maybe not the reason to choose a dentist, but could help you relax if you get nervous I guess. \n\nSome cool things about this place, they do text message and phone call reminders. You can take the bus there, or there is a bike path that goes right behind the building.  I've seen some funky stuffed animal puppet things in the rooms, so it seems like they work with kids. Overall, everyone is really friendly, pleasant place.","useful":0,"user_id":"8ne9Az5722bDrEHBPuuBxA"}
{"business_id":"haNK_nOgwc5NGsbFPf2E4A","cool":2,"date":"2013-02-27","funny":1,"review_id":"GoQf_-t1k-Te4sRtAHv0PA","stars":5,"text":"Don't believe the bullshit said here about Dr. Ena Lee.  \n\nShe's good people.  In fact, she's the nicest dentist I have had the pleasure of knowing.  Sometimes Yelp ratings just completely misrepresent a business, and in this case I definitely have to say Midwest Dental has been misrepresented.  \n\nFirst, they offer late hours on Mondays and Tuesdays so you don't have to take off of work, and they offer some of the most progressive dental work available.  Don't roll your eyes at me!  This stuff matters!  It is good to know I have a dentist that actually reads, and implements, the recommendations given by the American Dental Association. It's called evidence based practice, and all those articles and research papers are not just there to clutter bookshelves and be ignored.  \n\nSometimes I think locals who have never lived outside of Madison are spoiled snobs.  Go chill out in a few dental clinics in Milwaukee and you'll come back groveling at Midwest Dental's door, begging for a second chance.  \n\nMidwest Dental is stellar, and I like their intake process because I'm a social worker and I get it.  I get the process, and why an assessment is best practice before treating.  \n\nDr. Lee explained to me why she was doing what she was doing.  That's a first for me, and I appreciated it.   \n\nMay I also mention they have a huge basket of trial sized toothpastes sitting in the waiting room for your taking?  And they give out really nice toothbrushes?  Oh yea, and a $20 gift card for new patients.","useful":4,"user_id":"ISJ860z59OPGcuBbo-kjXg"}
{"business_id":"haNK_nOgwc5NGsbFPf2E4A","cool":0,"date":"2014-10-31","funny":0,"review_id":"V2Zla73Ip_AzyHyJmeLotA","stars":5,"text":"I have been going to Midwest Dental for many years, so this review is long overdue.  While I've been in college, my home visits usually incorporate the routine teeth cleaning.  Although not something I've ever looked forward to, per se, the staff have always been very friendly and Cathy can usually fit me in on short notice, which I always appreciate.  \n\nTrinley usually cleans my teeth and is very pleasant to work with.  I enjoy the \"gifts\" he sends me home with--usually multiple soft bristle toothbrushes, floss, and travel sized toothpaste.\n\nDr. Spiewak is very thorough and reviews my dental history each visit.  He also is very patient, since I normally have a few concerns to discuss each visit.  He initially asked me a few years ago if I was grinding my teeth and asked if I had morning headaches (I was).  I did not realize I was doing this.   Anyways, Dr. Spiewak was able to make me a custom fit special mouth guard for me to wear at night; it fits perfectly and prevents me from grinding my teeth, and hence prevents morning headache.   I appreciate him always taking the time to discuss my options and treatment plan with me.  \n\nOverall, I have had a very pleasant experience here with all of the staff.  I find it to be a friendly, welcoming environment.  HIGHLY RECOMMENDED.","useful":0,"user_id":"nf9qKJyE_rKAqs_U7C5koQ"}
{"business_id":"haNK_nOgwc5NGsbFPf2E4A","cool":0,"date":"2013-12-24","funny":0,"review_id":"20JNClvbtryuuKVlqUUrdQ","stars":5,"text":"So I recently moved to Madison and was looking for a dentist. One of my PPO providers happened to be Midwest Dental. I went online and, honestly, was very skeptical about going to this place after reading some of the horrible reviews. In any event, I decided to give it a shot. And I must say, Dr. Ena Lee is a wonderful dentist! She explains everything and gives you options and suggestions. Becky and her are such great team. They always talk about fun stuff while working on my teeth. It is such a good distraction. This is the first time IN MY LIFE that I actually do not mind going to a dentist. These guys are simply awesome!","useful":0,"user_id":"F3hnU1e6pyyljDb_GsewHg"}
{"business_id":"haNK_nOgwc5NGsbFPf2E4A","cool":0,"date":"2010-04-27","funny":0,"review_id":"EB-AkxRVKNTu4hLfXNk7GQ","stars":3,"text":"Yay to Dr. Ena Lee.  Nay to  Dr. Michael Spiewak.\n\nFYI, they do a new patient visit and then schedule you for a dental cleaning so you can't get it done same day. Saw Dr. Lee for my first appointment.  They do a full set of x-rays here which I find a little annoying because I really think that a full set is unnecessary if no problems are found.  Anyway, Dr. Lee was nice and I liked her.\n\nThen for the cleaning, Dr. Spiewak was the attending dentist (had teeth cleaned by hygienist). My dad is a dentist and I have chosen not to get my wisdom teeth removed  because they are impacted but not coming in crooked but they are just hanging out under the gum.   The dentist freaked out when I said that I wasn't removing them for now and he was like \"OMG there's bacteria festering under there if you were my daughter I'd tell you to do it!!!\"  I've read the scholarly journals.  There's not significant evidence that getting wisdom teeth out as a preventative measure is helpful.  I've gone here for another cleaning and yet again Dr Spiewak has harassed me about the wisdom teeth.\n\nSo  overall, I liked Dr Lee but not the other dentist.  If you choose to go here, consider saying that I referred you!  We both get $20 gift cards if you're referred.","useful":0,"user_id":"fJ_qSZH_akvWzHUPMqab1g"}
{"business_id":"haNK_nOgwc5NGsbFPf2E4A","cool":1,"date":"2017-02-08","funny":0,"review_id":"KKeozJBIDrKYghF7HeZfWg","stars":5,"text":"Dr. Spiewak is great! I had a horrible experience with a different dentist about 10 years ago and didn't go to the dentist again until recently. He listened to my concerns, explained what had to be done and why, worked to make sure I was numbed correctly (which apparently is not an uncommon issue, but not all dentists take steps to learn about it), and was kind to me. I highly recommend this place and Dr. Spiewak to anyone!","useful":0,"user_id":"Kd0nwReD4vOA8Wv64mRyoA"}
{"business_id":"haNK_nOgwc5NGsbFPf2E4A","cool":0,"date":"2013-02-26","funny":0,"review_id":"CQw_iaGq5Z7YXmA4viCmdQ","stars":1,"text":"Dr. Ena Lee is the most judgmental, condescending and rude healthcare provider I have ever had. She was rude every time I went in and missed major issues in my dental care.  Dr. Spiewak tried a little too hard to get my husband to buy expensive and unnecessary procedures and cosmetic treatments.  They charge way more than the going rate even for a simple cleaning and do tons of unneeded xrays most insurances won't even cover. I went 3 different times and really gave Dr. Lee a chance to be nice, but trust me, she's incapable.  Also, don't try to get your records for free - they charge to transfer them.","useful":0,"user_id":"djwAxFoUQZaPBzhL2yTqQA"}
