{"business_id":"HkbuJoSihh8cpszWq2vDKg","cool":0,"date":"2014-10-29","funny":0,"review_id":"1VRcOVUHzjZdeomAiSoFwA","stars":2,"text":"My kids used to see a pediatrician at the UW East Clinic, but the wait times were unacceptable. We'd wait 20 minutes (one time it was 30) in the exam room for the doctor to show up after the nurses had finished with taking vitals. This, combined with the uncaring reception staff in urgent care and ridiculously long wait times in urgent care, made me switch the kids to a family practice doctor in our suburban community. It's such a relief not to have to deal with the UW Health East clinic anymore. Of course, we still have no close alternative for urgent care and we use it MAYBE once a year. Every time it's a horrible experience (illness aside). \n\nThat said, I liked our doctor there. I believe he's retired now. Despite the fact I liked him, I didn't like him enough to put up with the overall stressful, time-sucking experience of visiting the UW Health East clinic. The nurses were generally good, although I encountered a bitchy one after we'd been waiting 30 minutes in the exam room and I poked my head out to NICELY inquire whether we'd be waiting much longer. \n\nUrgent care reception staff could use a morale boost. I realize they encounter all sorts of people and temperaments in their job as the \"gatekeepers\" between the medical staff and a bunch of frustrated sick people ... and I'm sure they get tired of us. But they don't hide it well at all.","useful":1,"user_id":"krTXvpaRz5b6r_m3p4DpcQ"}
{"business_id":"HkbuJoSihh8cpszWq2vDKg","cool":0,"date":"2015-10-30","funny":0,"review_id":"XSUHSKzVKzfO-ZzdktpaAQ","stars":1,"text":"Worst experience I ever had. There's a reason a Urgent Care place is called Urgent Care !  Better plan to wait 2  hrs  in the waiting area n then another 1 hr in the doc office. U'll probably be dead by the time they see u!.","useful":0,"user_id":"HZ0GhY609S5613RegETp4w"}
{"business_id":"HkbuJoSihh8cpszWq2vDKg","cool":0,"date":"2014-07-18","funny":0,"review_id":"9dHS3WBjdMrGl5NBF6UkrQ","stars":3,"text":"Pretty much on par with the other UW clinics. You make an appointment and they make you wait 20 minutes past the appointment time. Then when you are in the office it is rush here and rush there. \n\nTruthfully, healthcare always seems to run slow. The people are friendly and the location is great. What else can you ask for?","useful":0,"user_id":"tbycp0aRhRsiAVYUAVR_uQ"}
