{"business_id":"Hdp_N3M5qdyAe2fGKZ-VzQ","cool":1,"date":"2015-08-18","funny":0,"review_id":"n5n-aVgJ1I90ExWb3NL9kw","stars":5,"text":"Dr Sam at the East location is awesome!  From the time I first walked in the door (with doubt of course) until today I'm 99% pain free of neck and back issues.  I wish I would have done this sooner.  Dr Sam treats the problem and works the area over and over again until you are feeling better.  I was always told I would need surgery and that's why I kept putting it off, due to knowing that doesn't always work!  Kuddos to Midwest Spine and Nerve Center! I\"m one happy patient!","useful":1,"user_id":"5D9I50DLwP2tLz82W4F6FQ"}
{"business_id":"Hdp_N3M5qdyAe2fGKZ-VzQ","cool":1,"date":"2015-11-10","funny":1,"review_id":"SOlDAKnK7MJa-rTgaP4IxA","stars":5,"text":"Dr. Sekanick has done an amazing job with my lower back pain and does a great job of working around my schedule.","useful":1,"user_id":"R8pCoETYcyoq6_yqaJw-9A"}
{"business_id":"Hdp_N3M5qdyAe2fGKZ-VzQ","cool":1,"date":"2015-07-06","funny":0,"review_id":"B9MbcfaQ45eILIoZbX36Fg","stars":5,"text":"I met with Dr. Chris Sekanick on Demming Way and was so impressed with him as he tested me for deficiencies and had all the equipment that my sophisticated MD's were lacking. They seem to think the answer to everything is Big Pharma and throwing their patients a pill which isn't my philosophy as I want to get to the root cause and watch what I eat. So glad I found them as they are wonderful and I'm looking forward to our relationship. I was so happy to find him and was so relaxed that I fell asleep there. So great to find someone that's ahead of everyone out there. Definitely recommend to everyone. This guy knows what he's doing!","useful":0,"user_id":"vssTksoQIg4KAjD2wF_y0w"}
