{"business_id":"I3bpKv7poyu8cjBPO21Dpg","cool":0,"date":"2014-04-14","funny":0,"review_id":"79zIw3dbqSD4xKeRQ1uX4w","stars":5,"text":"I have been going to Smile Solutions for over 3 years, and my experiences with them have been positive. \n\nSome notes:\n\n*The office always looks welcoming and tidy, and their equipment is all very modern. \n*The staff, as well as dentist Dr. Kavegh, are always extremely warm and chatty. I never feel rushed out the door. \n*They also send out lots of reminders before your appointment, via text and email, so that you won't forget you're going to see them. Along with that, they also honor appointment times; I have never had to wait in the waiting room for more than about 5 or 10 minutes (and I might have been early on one of those occasions). \n*It seems that every holiday season they offer some kind of deal (usually 50% off) on an oral health product. Last year I got a night guard for $300, and this year I got a teeth whitening kit for $50.\n*I've had two minor cavities since I've been going to Dr. Kavegh, and both times he performed the most minimally invasive procedure that he could with them, not giving me novocaine, which would have been unnecessary. \n\nMy only less-than-positive note would be that the location, while being right on Odana off of the Beltline, can be hard to spot right away, being kind of tucked in between a couple of more visible businesses. \n\nIt's nice going to a dentist you trust!","useful":1,"user_id":"NLyNvJ9LGG0DFAvUph97wQ"}
{"business_id":"I3bpKv7poyu8cjBPO21Dpg","cool":0,"date":"2013-09-23","funny":0,"review_id":"o_qLXE0DSZgHdkJLDh2rmg","stars":3,"text":"I've held off to write this for quite a while. I had a deal for a cleaning and the counter woman was very nice. \n\nMy hygienist was also very nice. She talked to me and listened and shared relevant conversation. She cleaned my teeth effectively and was uber pleasant. \n\nThe dentist ran with the theme of niceness and was polite during the cleaning. I was told that more dental work was needed in the near future. \n\nAfter my teeth are bright and shiny, another nice woman sat me down and explained on detail what I needed done and then I was told the cost. I said I would consider it and let them know. \n\nSince my appointment I have gotten several calls and post cards letting me know that they would like my business. I would consider them again but they're more expensive than other local dentistries. (+$100 more  just for the average tooth cleaning)","useful":2,"user_id":"BS3qOK1iRLcWtoV9KnwyXg"}
{"business_id":"I3bpKv7poyu8cjBPO21Dpg","cool":0,"date":"2012-12-31","funny":0,"review_id":"g4aBKDyCKocBDtSuFkhigQ","stars":5,"text":"Love Madison Smile Solutions! Me, my husband and both my kids go and we all love them. They office is state of the art. Everybody that works there is nice and makes going to the dentist enjoyable.","useful":2,"user_id":"iWFKqLigOw14YXrW21462A"}
