{"business_id":"in7ne7A3fhah-gSA5UzuoQ","cool":0,"date":"2016-04-09","funny":0,"review_id":"zfRrgnnxPOht-DCoqIBQyQ","stars":1,"text":"REALLY BAD CUSTOMER SERVICE! Not to mention that the manager does not set any examples either. She was just as condescending and rude to me. She walked off and and was dissmisive as I was trying to explain my situation. I hope that you the consumer, consider all your options before Stanton Optical (Madison, East side Location). In my situation there were so many errors and questionable information. As in my case if you dare to request a refund you will be treated like a second class citizen. Oh, and dont' bother going there on a Saturday. I waited for more than an hour each time before anyone even said more than a word to me. The deals and offers they advertise is nothing but bait and switch. REALLY SAD AND VERY DISAPPOINTING.","useful":0,"user_id":"_tEgOwKqH-tkE8XwqCn8pg"}
{"business_id":"in7ne7A3fhah-gSA5UzuoQ","cool":0,"date":"2014-12-17","funny":0,"review_id":"1k7_OHA5ZvdL2TzRTsNglA","stars":1,"text":"This would be a negative star ratings if possible. We got my brother 2 pairs of glasses from here this past summer. Both pairs broke by September. I took them in because they have a warranty. They had me pay a deductible, so we only fixed one pair, they took the lenses out and placed then in the frames off the wall, later that week surprise the lenses fell out, I took them back in they said they would order new lenses, they called to say they were in I went to pick up and they had NO idea what i was talking about. They re-ordered them, fixed them. One month later they broke again. I took them in. I was told I would have to pay the deductible again. The lady was rude, interrupted me every time I talked, and made it seem like I was the one that was in the wrong. Needless to say I did not get his glasses fixed, and I will NEVER be going here again. The customer service is crap and the glasses break within months.","useful":1,"user_id":"WaWZTWMKZV0KOe-wnW47Jg"}
{"business_id":"in7ne7A3fhah-gSA5UzuoQ","cool":0,"date":"2016-03-08","funny":0,"review_id":"BwYY84VPNd-y4bc5t1ufLA","stars":1,"text":"went and got new glasses, a month and a half later their \"scratch proof\" coating was scratched. they wanted $125 to fix them! NEVER GO HERE! RIP OFF.","useful":0,"user_id":"HdqNKka_KM1kDf2Nkw0E-A"}
{"business_id":"in7ne7A3fhah-gSA5UzuoQ","cool":0,"date":"2014-07-25","funny":0,"review_id":"9UkqgSItYzeNREmR0_EXFg","stars":1,"text":"After waiting a week for my glasses and hearing nothing back about them being ready i decided to stop in. The guy took me over to the fitting area and said they were ready for a day or 2 already. Gee thanks for the call.","useful":2,"user_id":"yVGGjI9LOqzyRP47HwxyFQ"}
{"business_id":"in7ne7A3fhah-gSA5UzuoQ","cool":0,"date":"2014-03-02","funny":0,"review_id":"DMqFrTUrDR7R8f7BuMjkyg","stars":1,"text":"went to the westside store and it has been a nightmare for 2.5 months .  dr. webb was so creppy I thought I was in a saw movie . not only is he a freakshow he totally f uped my rx . I have astigmatismn in both eyes and he only made a rx for the right . plus the lenses were marked and  cut wrong for progessives . both pair of glasses were wrong . after the redo , because they insisted that they could fix them with the rx I got done at a professional dr office . these SECOND PAIRS  glasses are the wrong ! they didn't make them transitions as I ordered and PIAD FOR . ALL I WANT TO DO IS SEE CORRECTLY . THESE PEOPLE HAVE NO BUSINESS BEING IN THE  EYECARE FIELD .  THEY ARE CLOSED ON SUNDAYS SO NOW I WILL HAVE TO GO BACK FOR THE 4TH TIME ON MONDAY . it shouldn't be this hard to get glasses from an eyecare business !","useful":0,"user_id":"PsM3T6k1MfbHJcSX3WuMeA"}
{"business_id":"in7ne7A3fhah-gSA5UzuoQ","cool":0,"date":"2015-06-01","funny":0,"review_id":"vEZEmP_o8-RYayJGuFErcg","stars":1,"text":"If it were possible to give 0 stars I would.  The free eye exam is a bait and switch if you wear contacts.  The quality control stinks.  First attempt my contacts and glasses were both blurry.  Second attempt contacts were made right.  On my 5th attempt with glasses for a very simple single prescription.  They can't even make a simple pair of glasses.  When I asked for a refund this morning they were not willing to refund my money.  DO NOT GO TO STANTON OPTICAL ANYWHERE!!!\n\nhttp://sacramento.cbslocal.com/2012/11/09/call-kurtis-investigates-blurry-glasses-from-stanton-optical-2/ - This is happening in Madison too, not just Sacramento, it's corporate wide.","useful":0,"user_id":"Hwd0-C-tGqwq9vLUMwc9zw"}
{"business_id":"in7ne7A3fhah-gSA5UzuoQ","cool":1,"date":"2015-06-04","funny":1,"review_id":"mPlNq4SN0exgqfgngrq0dg","stars":5,"text":"I have been a customer of Stanton Optical for a few years and have never had a bad experience.  I regularly get new lenses using my two pairs of existing frames as each gets scratched, etc.  and each visit has been better than the last.  This most recent time, I stopped in and was helped by Alex, the store manager.  My lens warranty was slightly out of date and given the fact that my spare pair which needed adjustment had clearly never been worn, he was able to have the lenses reworked for next to nothing.  Alex clearly outlined the expected date of return and as that date approached, I called the store to see if the glasses might be done a day early since I was leaving on a trip the next day and wanted the new, scratch-free glasses for the trip.  Kari, the manager trainee, fielded my call and was eager to help me out by bumping my glasses into the on-site shop for pickup later that day in order to accommodate my trip schedule.  I certainly did not expect that, but her ability to send me on my way with the new glasses was definitely above and beyond the call of duty not often seen anymore.  I very much appreciated the great service and value I have received here.","useful":0,"user_id":"6UA7vUdtikVqEJbkxw6a0Q"}
{"business_id":"in7ne7A3fhah-gSA5UzuoQ","cool":0,"date":"2017-04-07","funny":0,"review_id":"qbVA7-12fKJvrus1giBtiQ","stars":1,"text":"I don't know what happened to this place. I bought glasses there 5 years ago and they were great. This time, they remade them 5 times and they're still horrible. I've wasted too much time to go back there again. Don't waste your time and money going here.","useful":0,"user_id":"-h7Hq0oK8DS1i4zDpR9Myw"}
{"business_id":"in7ne7A3fhah-gSA5UzuoQ","cool":0,"date":"2013-10-18","funny":0,"review_id":"Rebpo-fIyicxT_pJlZFung","stars":1,"text":"Don't bother paying the additional $69 per pair for the scratch resistant coating.","useful":2,"user_id":"MKfSmd55C6twzWiwfUfing"}
{"business_id":"in7ne7A3fhah-gSA5UzuoQ","cool":0,"date":"2017-03-04","funny":0,"review_id":"wFkrSiLd83QlFyb8UDIb4g","stars":2,"text":"I am not a huge fan of this place... I'm actually not a fan at all. They don't have a ton of good frames here, maybe none at all. Calling this place is terrible, you can't get through to anyone half of the time and when they answer they transfer you to another line where you have to then leave a voice message and when you actually get someone on the line you are immediately asked to be put on hold after already holding. The lines to just do a simple pickup is ridiculously long. Getting your prescription is like pulling teeth. I just wanted my prescription and go to a place in town. There's no point for me to drive to Madison for a place I'm not even a fan of. I would rather pay out of pocket.","useful":1,"user_id":"PFhGejjJ-IHzM8XeZIXgIw"}
{"business_id":"in7ne7A3fhah-gSA5UzuoQ","cool":0,"date":"2015-09-13","funny":0,"review_id":"4kDup6BBFn9ZdF_nCvmqbg","stars":1,"text":"DO NOT TRUST POSITIVE REVIEWS. CUSTOMERS ARE OFFERED DISCOUNTS IF THEY SHOW THEY HAVE POSTED A POSITIVE REVIEW ON YELP OR GOOGLE REVIEWS.\n\nGood luck trying to get in and out with minimal service in less than two and a half hours. Seriously expect to be in there for a really long time. If you have a specific budget you're trying to stay within, and/or if you don't want extra add-on features like warranty, UV protection coating, etc etc, be prepared to say \"no\" like 50 times. They go far, far past good salesmanship and deep into haranguing and annoying territory. Their commitment to nickel and diming you for $10 or $20 at a time is going to cost them customers.\n\nIf you want them to honor the satisfaction guarantee, be prepared to be VERY AGGRESSIVE, persistent, stand your ground and budget lots and lots of time (hours) to demand your refund. Otherwise you'll be referred to corporate who will give you a whole new level of run-around. Do not leave the store until someone TAKES ACTION that complies with the satisfaction guarantee. Again, be prepared to be in there for a very long time if you're trying to get corrective action for a product you're not satisfied with. Normal service can easily take more than two hours. The process to fix a problem will take much, much more than that. If you're not happy with the service you get, you are in for a very, very, very, very long and torturous process.\n\nDon't forget to post a positive review to get your discount!","useful":1,"user_id":"kgXPnrPtwMhdYG6T-pRj-w"}
{"business_id":"in7ne7A3fhah-gSA5UzuoQ","cool":0,"date":"2012-12-20","funny":0,"review_id":"kqiLdF7oenaVgViJzERxFQ","stars":4,"text":"Great prices (with groupon) and great service !!!\nI had frames and needed new lenses, I threw away the old lenses, they took the time to figure out the shape of the lenses and custom cut them for me.\nLenses were polycarbonate, anti-glare and scratch resistant all for $62 (normal price would have been $212 just for the lenses but i had a $50 groupon for $200 worth)\n\nI would definitely use Stanton again and will refer others.\nanother downside, they require several days to finish the lenses (no 1 hour or same day service).\n\nP.S. if it had not been for the Groupon, I would not have used them as the price would have been higher than most.","useful":0,"user_id":"rd9AMpcUcb44nfJpI9b1Xw"}
{"business_id":"in7ne7A3fhah-gSA5UzuoQ","cool":0,"date":"2014-12-31","funny":1,"review_id":"xheuXYoZtH5uq8QUDai3nQ","stars":1,"text":"I decided to go to Stanton because my insurance changed and I can't go to my regular eye doctor anymore.  I just needed a prescription renewal for my contacts, so I thought this would be fine until I find a new one. This place is a total nightmare.  I made an appointment so that I wouldn't have to wait for my eye exam, but that did nothing.  I got there 5 min. before I was scheduled and there were 2 people ahead of me.  I signed in and sat down.  I'm a patient person, so I didn't really care.  While I was waiting, there was a weird incident with the doctor passive-aggressively sort of yelling at one of the employees, right in front of about 5 customers- not cool.\n\nAfter about 15 minutes I was taken in for my pre-exam. That went fine, and then I was sent back to the waiting room.  Where I sat for over an HOUR.  It was the most bizarre experience.  The doctor took the other 2 patients first, and their exams went pretty quick.  I was a little annoyed since I had an appointment, but I thought maybe they did too and things were running behind schedule.  So I sat.  Once the doctor finished the other two I waited to be taken to the exam room, but that never happened.  The doctor instead got on the phone.  She kept making phone calls and going in and out of her office.  My husband finally asked her what was going on, and she said she had to contact corporate because we had been waiting so long. WHAT?!  I had been waiting forever because she was on the phone- SHE was causing the wait!  And she was making it longer.  I asked her if there was someone that could do my exam and she said yes, her, but she had to talk to corporate first because she had to follow protocol.  She asked if we could come back, but I already had been sitting there for forever and had my contacts out, so I told her I just wanted the exam done and would wait.  She wasn't very happy about that.\n\nEventually another employee came back to the waiting room to ask what she was doing and she said the same thing- she was calling corporate and the lines were tied up.  She told the guy that if she couldn't get thru to someone she was leaving.  He looked shocked and asked why she would do that, to which she replied \"because I can.\"  Then she yelled at him to go do his job.\n\nAfter that outburst I put my contacts back in and left.  I've never experienced anything quite like that before, and I hope I never do again.  This doctor was so incredibly unprofessional, rude, and just bizarre.  She needs to be removed.","useful":7,"user_id":"LojGJbyHJbWM4AsMRRah1w"}
{"business_id":"in7ne7A3fhah-gSA5UzuoQ","cool":0,"date":"2016-01-08","funny":0,"review_id":"Ive5T9tRhry3Cfcngq6w4w","stars":1,"text":"This review is for Stanton Optical Madison East, this company use to be very good with the price and quality of their glasses when they just open, we've had several glasses made for our family of 4 wearing glasses for years, got good deals for price, but the last time we were there and order new glasses was pretty bad, the sale is the bait and switch game. Ended up paying $300.00 for one, the buy one get free at the time sale not worth anything. The quality of the lense and the workmanship on the eye glass itself was so poor, was not polish when I received it, had to go back many times, every time they polished it, the lenses on both sides are not lined or crooked. After a year it had cracked, it absorbs so much grime and dirt,Had to clean it many times during the day, just staying home not even working around dirty environments.Ended up not wearing it. Toss it in the garbage.!","useful":0,"user_id":"79Kc3c-JS1ItqMt67uFhZw"}
{"business_id":"in7ne7A3fhah-gSA5UzuoQ","cool":0,"date":"2016-06-01","funny":0,"review_id":"goPHOiJ0zIzREDydB6BWEg","stars":1,"text":"Went in this morning to get the nose piece for my glasses fixed. Walked in at 9am. There was one worker who failed for 15 minutes to greet me. After sitting there for 10 mins another customer walked in and was greeted. I have never had such terrible service. If there was an option for 0 stars that's what would have been given.","useful":0,"user_id":"u-OJtnfUFaVqteeI5aufgw"}
{"business_id":"in7ne7A3fhah-gSA5UzuoQ","cool":1,"date":"2017-03-06","funny":0,"review_id":"nfrHuCwiBSq4kvBJf_AUWw","stars":4,"text":"Went there for my own glasses last year - and got great treatment and deals. Went back over the weekend and was able to save $390 over going to another major eyewear retailer in the mall. Both myself and husband are very happy with quality and product - but mostly with explanation of pricing, and customer service that was received.","useful":0,"user_id":"yohlYyxTBYE9g_RuBmNOPg"}
{"business_id":"in7ne7A3fhah-gSA5UzuoQ","cool":0,"date":"2013-09-18","funny":0,"review_id":"qcyfTICQXJVTW_4SC2sDuw","stars":1,"text":"I went here with my girlfriend for there 2 pairs for $69 and we ended up paying over $200. I would also like to add that the bigger guy with the curly hair is extremely rude!","useful":1,"user_id":"CLBhU0yc2OPoJTRRSdqN8Q"}
{"business_id":"in7ne7A3fhah-gSA5UzuoQ","cool":0,"date":"2014-09-29","funny":0,"review_id":"D_W7sqgpY8T8P4dx8XqL6w","stars":1,"text":"Do not waste your time!!\n\nThis place is a disaster. So many things went wrong I don't even know where to start. The people are rude, unprofessional and unkept. The store is filthy and it's obvious there is no communication between employees. It's a little scary thinking the people who work there are handling peoples vision. Yikes!","useful":0,"user_id":"c3qKUx7biCPq93YRh20mRA"}
{"business_id":"in7ne7A3fhah-gSA5UzuoQ","cool":0,"date":"2015-06-27","funny":0,"review_id":"HrVHXtrttKzH3SdfCzUO1Q","stars":1,"text":"The glasses ended up like you were looking out of smeared grease on.  Went to a new company and got different glasses.   Went back to get Stanton ' branded fixed,  seeing there was a warranty for a year.  Well I guess we didn't read the fine print.  Even though it was before a year, we'd have to pay a percentage.   It would have cost $80 after we paid already $600.  It was their defect of the glare resistance. They said if we would have come in within a month they could have done something.   Sorry we didn't realize the year warranty was really only a month.  Bad business.","useful":2,"user_id":"GXYDQduL-jg50yE0vMJ_5A"}
{"business_id":"in7ne7A3fhah-gSA5UzuoQ","cool":0,"date":"2016-10-03","funny":0,"review_id":"PsJ7Ga5_4zLQ9DKTjQBrjg","stars":1,"text":"I've worn glasses and have been getting my eyes tested for almost 20 years at various places and this was the worst experience I've ever had anywhere. I wish I had just paid more somewhere else.  I was brushed off from the moment I walked in until I walked out.  The only person that was helpful was Winona, the woman who did the pre-test.  Everyone else, especially the eye doctor, was rude and dismissive.  I brought up a concern about blurry vision and the eye doctor just said \"That's just how eyes work.\"  I will never go back to Stanton Optical again.  If I could leave no stars, I would.","useful":0,"user_id":"NAkMK0_IqZ5x8E7OEsdTDg"}
{"business_id":"in7ne7A3fhah-gSA5UzuoQ","cool":0,"date":"2017-04-11","funny":0,"review_id":"2tV5JOtGeB6FuJolUUNFsA","stars":1,"text":"I have never experienced Such Bad service I ordered two pairs of glasses Took two weeks to get them Received the wrong frames on one pair went back and Had one person tell me They were the right frames. Explained that they were not told They would fix the problem Two weeks later I have to call them So far almost a month has passed. Told me they do the work right there Not true. If I could I would Take away stars. And as for their prices Two pair .$417.00Wish I had read a yelp review before I went Oh and to compensate for all this they gave me a dollar in store credit That's a laugh I will never go back","useful":0,"user_id":"J0sY9pHDVCghncVCWaoDlQ"}
