{"business_id":"IQDOSTF0NpeHlku6woaWLw","cool":0,"date":"2013-01-26","funny":0,"review_id":"DWMvx_DvJJ9HuW_bSsBAKA","stars":1,"text":"Avoid this place at all cost! I have great insurance, but just moved to the area and haven't found a primary doctor yet. However, I was in pain (not the kind that called for an emergency room, but still very uncomfortable) and this place was only 5 minutes away, so I gave them a  try. \n\nWon't do that again. I sat in the waiting room for 90 minutes while everyone who came in before and after me was taken care of long before I got in to see a doctor. Many, but not all, were obviously in there for drug tests. I'm fairly certain there was only one doctor on staff who wasn't handling those tests.\n\nThe doctor was clearly working in a place like this because any decent place wouldn't have him on staff. He spent all of 30 seconds with me before dismissing my issue as something that would go away in a few days. It didn't, by the way - fortunately I received care elsewhere after this and they immediately recognized and fixed the issue. \n\nSo, if your employer sends you here for a drug test - fear not, the place seemed to be clean and you will survive it. But if you need any sort of medical attention for any other reason, do NOT go to Concentra.","useful":3,"user_id":"jcaLhEuPvyFoQal4qQA2mg"}
{"business_id":"IQDOSTF0NpeHlku6woaWLw","cool":0,"date":"2015-02-27","funny":0,"review_id":"bVmG-KLVIq2ahrWvTKofTg","stars":2,"text":"These facility seems geared mainly towards drug testing as the waiting is filled with many individual in work uniforms(fed ex, construction, etc) holding paperwork and leaving shortly after being seen. I witnessed on my last visit, (for an pre-employment drug test) a woman struggling to get her young daughter to be seen and waiting longer than anyone else. This is not someplace I would suggest for actual medical care. Unfortunately, I found out recently my insurance company lists this place as my only option to use for urgent care unless I go to an ER. Consequently I recently called to see if I could get in and this place closes at 5! If I was sick after rush hour traffic, then I am out of luck and would have to go to an ER for help. Sad. Other medical centers which are truly for medical care are open until 9pm at the very least. Again, another reason I would not visit this place unless it was a last resort.","useful":3,"user_id":"sZRmM65USAdC1u6TVYc-Gw"}
{"business_id":"IQDOSTF0NpeHlku6woaWLw","cool":1,"date":"2014-08-04","funny":0,"review_id":"zE3ucrJtU51cHGgzBb7cSQ","stars":2,"text":"Had to go here for a TB test for work, will never go here again. When I was injected with the test substance (some bacterium?), the woman who injected me did not wear gloves!! I get that this is a routine procedure, but my health is more important than the mild inconvenience of using gloves. If you ever want to go to a skeezy urgent care clinic, this is the place for you.\n\nOnly reason for 2 stars rather than 1 is that the people are pretty nice, despite not being sanitary...","useful":2,"user_id":"Xa-eVm3h7MDJMY8MW2U2Rg"}
{"business_id":"IQDOSTF0NpeHlku6woaWLw","cool":0,"date":"2015-04-24","funny":0,"review_id":"rdZ1ViTXPJnYxPC-jUBJHA","stars":4,"text":"I have always had great service here.  The people are very friendly and the nurses have been super kind and helpful.  They treat you as a person and explain any questions you have.  However, I have only been here to have my blood drawn and for an employment drug test.  I cannot attest to care from a doctor nor how easy it is to see one.  Four stars due to wait time.  I went right when it opened.  There were at least 10 people already checked in and waiting, which made me wonder if they opened earlier than posted.  If you need a good place in Madison for blood work that is covered by insurance, I highly recommend.","useful":0,"user_id":"OeQrJAdRWWbFfuCS9ojhJQ"}
