{"business_id":"IHXVhIFaxVA1OAL4_mNAJw","cool":0,"date":"2013-01-14","funny":0,"review_id":"tfMYbfFHtBEoa8sipvSs0Q","stars":5,"text":"I herniated a disc in my back several years ago and have been dealing with back and sciatic nerve pain since.  For the most part NSAIDs and stretching keep my pain pretty well under control.  Last week however, I fell skiing and the pain and inflammation was almost as bad as my initial injury.  I went and saw Cathy on Friday when I had constant low back pain with burning in my buttocks and shooting pain down my leg that was not responding to my usual at home treatments.  On Saturday I woke up and had no pain but some did come back once I got up and started moving around.  By Sunday I was able to go to the store and clean my house with minimal pain.  And today, Monday, I have no pain at all!  I went to the gym this morning and have been cleaning out a closet and rearranging the kitchen just to see if I can pick things up and move them pain free and I most definitely can.  I cannot recommend Cathy or Atwood Acupuncture highly enough.","useful":0,"user_id":"OoG71iOP5KJLUPDULBgt7A"}
{"business_id":"IHXVhIFaxVA1OAL4_mNAJw","cool":0,"date":"2012-02-29","funny":0,"review_id":"B7STv3am1uh3Q5wDDNzPqQ","stars":5,"text":"Cathy Chase is as good as it gets when it comes to acupuncture in Madison.  Her needles are practically painless, and her bedside manner is warm.  She asks specific questions about your goals and listens closely to your needs so that her treatment is as effective as possible.  \n\nMy personal experience with Cathy and her needles has been a profound influence in my life.  After knee surgery for an ACL reconstruction, and even after a year of physical therapy, I was in constant pain from tendonitis and my body was thrown out of whack by uneven strength on the different sides of my body from the resulting post-surgical weakness.  I was convinced that I would never be able to run again, or to walk up stairs without knee pain.  \n\nAfter my first session with Cathy, my knee felt light and pain-free.  I was able to bend it all the way back to my bum as soon as I walked out of the treatment room, and I felt hope for the first time in a long time.  \n\nGive Cathy a try.  You won't be disappointed.","useful":0,"user_id":"WpWj8WYRl0PiIv76roJ-Fw"}
{"business_id":"IHXVhIFaxVA1OAL4_mNAJw","cool":0,"date":"2011-03-20","funny":0,"review_id":"Ygqn7s5fI3Gx7SHcOP7BCg","stars":4,"text":"One liner:   Super clean, super friendly.\n\nThey do a GREAT job here for massages.  They will listen to exactly what you need and want and try to meet your needs.\n\nOne hour massage is $70, so comparable to other locations.","useful":0,"user_id":"2_SZnjs84LTD2ima6K1CMg"}
{"business_id":"IHXVhIFaxVA1OAL4_mNAJw","cool":0,"date":"2012-10-25","funny":0,"review_id":"xVSSegElogcLLIkiSnlN8w","stars":5,"text":"I have been frequenting the Atwood Acupuncture Center weekly for Acupuncture and Massage for many years. It's a beautiful and relaxing facility full of positive, insightful, and healing body workers. Atwood has a wide variety of massage styles and therapists to choose from, with flexible hours and a convenient location. Cathy Chase is an amazing acupuncturist and I highly recommend her.  I love Atwood Acupuncture and I'm sure you will too!","useful":0,"user_id":"2QaJsq6P2agZqhcC2nS1iQ"}
