{"business_id":"jyyk8qQ9Do9ITKsU3fqIdw","cool":1,"date":"2014-07-30","funny":0,"review_id":"NrKdiiHoK7HQf1NIN726Qw","stars":5,"text":"This was the most spa-like dentist experience I've ever had. Everybody was sooooo nice and the space looked more like a hotel lobby than a dental hygenist's torture den. Sure, I got goosebumps from the sound of metal scraping against my tooth enamel, but that's my own fault for drinking coffee. They didn't give me any stickers or plastic rings, which would have been a star off if it weren't so affordable--and price matters to an uninsured gal like me!","useful":4,"user_id":"KQeqQksfB3GMD3_rjBuXNg"}
{"business_id":"jyyk8qQ9Do9ITKsU3fqIdw","cool":1,"date":"2017-06-28","funny":0,"review_id":"V5gQVfVVx9M4g1OWNHbvpw","stars":5,"text":"This place is first class all around.  Lindsay was an amazing dental hygienist.  Courteous, knowledgeable.  Dr Mierick was great too.  Receptionist as well.  Great hospitality, latest technology.  I made a great choice!","useful":0,"user_id":"YkTy1et6hFUhceCXJnAn4g"}
{"business_id":"jyyk8qQ9Do9ITKsU3fqIdw","cool":0,"date":"2015-01-21","funny":0,"review_id":"tH28i6G20daioMHcbQ8guQ","stars":5,"text":"I have been to dentists in three different cities (college, moving around, etc).  This is by far my favorite.  For one, the energy and ambiance (not usually something discussed when talking about going to the dentist!) is amazing.  The waiting area is relaxing with ipads to use, bright colors, interesting books.  The exam rooms have huge windows that face the street with tons of natural light.  Everyone (from the front desk staff to the hygienist to the dentist herself) introduced themselves, were super friendly, and wanted to get to know me.\n\nThey were great at listening to any dental concerns I had and worked with my insurance company for me.   The dental exam and cleaning were comfortable and great. \n\nAlso, they have a cool recycling program for toothbrushes and other items as well as wellness events every couple months!\n\nCan't recommend them highly enough!","useful":0,"user_id":"PcMREI0dNiBPQpy9uHPBaQ"}
{"business_id":"jyyk8qQ9Do9ITKsU3fqIdw","cool":1,"date":"2015-01-08","funny":0,"review_id":"XDYLZd2rE38iqknW7aRZRg","stars":5,"text":"I had a great experience, from the time I called in December to schedule an appointment, through my initial visit in January. The first thing they did was call my insurance provider before scheduling my appointment to be sure my visit would be covered. Secondly, all their required forms are available online, so you aren't stuck completing a pile of paperwork during your first visit. I love that everything is electronic, and it's in keeping with their philosophy of utilizing reclaimed or recycled materials wherever possible.\n\nKayla T was my hygienist. She was professional and careful. She explained everything she was doing before she did it. She also did things like only gently using the air hose on my teeth and gums, not the painful blast I've experienced at other clinics.\n\nFull disclosure: I've never had a cavity and am an easy dental patient. However, based on my experience with Kayla, I would definitely recommend Artisan Dental for someone who experiences anxiety when visiting the dentist. Dr. Andersen was pleasant, but since I didn't have any issues, we didn't speak for long.\n\nThe office space is beautiful and comfortable. The lobby even has an iPad bar so you can surf the Internet while you wait. This should not be an indication that there will be a wait, though, as I was promptly taken to a chair to begin my service.\n\nFun fact: If you save old toothbrushes and toothpaste tubes, you can bring them into the office for recycling. Madison does not recycle these items, but Artisan has a vendor they use for that.","useful":2,"user_id":"CH9VC7aLLsV8NFdaoU_uog"}
{"business_id":"jyyk8qQ9Do9ITKsU3fqIdw","cool":0,"date":"2015-12-24","funny":0,"review_id":"3ua0Dm9I7oHglPPBN8kFQQ","stars":5,"text":"These people are great! Dr. Anderson is amazing. They are professional and helpful. They are very helpful in wading through insurance coverage. They do a very thorough exam and go over options with you in detail. I hate going to the dentist, and they make it so it isn't all that unpleasant!","useful":0,"user_id":"Y6bRurDCKeE0QBHJgXPc1A"}
{"business_id":"jyyk8qQ9Do9ITKsU3fqIdw","cool":1,"date":"2015-09-22","funny":0,"review_id":"n6Kri14A7Z5G-M57VKsFgg","stars":5,"text":"My experience with Artisan has been WONDERFUL. As a semi-responsible, soon-to-be 26 year old, I realized last minute that I was about to lose my dental insurance. I contacted Rochelle at the front desk to see if they could squeeze me in with just a few days notice before my insurance was about to expire (a wishful act in the medical/dental world). Not only did they fit me in for a cleaning with Kayla and Dr. Andersen yesterday, they were able to fit me in today for fillings (my very last day with dental insurance). I have never seen a more caring, understanding, and flexible team in all my medical/dental experiences (and I have had a LOT). Not only did they provide me excellent dental care, they also saved me a ton of money by adjusting their schedule so I could still receive dental services while insured. \n\nAll in all, it's very rare to find such a passionate team and I am so so so incredibly grateful for their understanding and flexibility. Also, their office is very modern, very clean, and has an overall positive feeling when you first walk in. 10/10 would recommend!","useful":3,"user_id":"PV1Y4V6SBVrqNLui0Oxlbw"}
{"business_id":"jyyk8qQ9Do9ITKsU3fqIdw","cool":2,"date":"2016-03-02","funny":0,"review_id":"lsWBfqny1GxSApL0jc_Giw","stars":5,"text":"I had a wonderful experience with my recent visit. Not only that they are very perfessonial, they really listened to what I wanted done. \nThey know how to interact with their patients. \nI personally don't like going to the dentist and I would never say this about the dentist ever but if is this dentist place, I would and want to go back. \nThank you Jessica and everyone for being genuine awesome.","useful":0,"user_id":"E3TEJziDWROlg2MNsD088A"}
{"business_id":"jyyk8qQ9Do9ITKsU3fqIdw","cool":0,"date":"2017-03-22","funny":0,"review_id":"y9-FlFPC9hOXSg8Ni3aRkw","stars":5,"text":"Fast efficient service in a calming and welcoming atmosphere. I didn't know going to the dentist could be like this. \nLarge windows with natural light welcome you in both the waiting room and in the treatment rooms. Everyone who works here is friendly and professional. I had my metal fillings replaced here and they did a great job. I also had two cavities filled and I was in and out in an hour! I have the same dental hygienist each time I visit for a cleaning and she is wonderful. And they accept Delta Dental! \nExtras....\nFresh lemon water while you wait... \nThey have a recycling program for old electric toothbrushes. \nThey have a referral program and give you gift cards to great local businesses when you send your friends, coworkers and family in. \nThey have the most wonderful free lip balm made with soothing natural oils. \n\nNever going anywhere else as long as I live in Madison.","useful":1,"user_id":"aR6rQMWqxMBVch13dGCnSg"}
{"business_id":"jyyk8qQ9Do9ITKsU3fqIdw","cool":0,"date":"2016-11-03","funny":0,"review_id":"u9L_1fm6RrW3a6TEqAAL7g","stars":1,"text":"The doctor and dental hygienist were very nice. The staff was pretentious and unhelpful. Clearly this office thinks very highly of their \"artisan\" image and very little for actually servicing the needs, circumstances and well being of their clients. The visit started off with the receptionist giving me attitude about having to look up my insurance group number. Then after the check up they refused to do a regular cleaning when my insurance would not cover the deep cleaning procedure I needed due to a required waiting period. They expected me to pay out of pocket for the deep cleaning and refused to give me the cleaning I am covered for in the interim. \n\nBasically they would rather leave me without any sort of preventative procedure for almost a year than miss out on nearly $1k from my pocket. When I asked for my records to take them to another dentist who would actually work with me, I received short, snide responses to my requests. All pretense at politeness was gone when the dollar signs walked out the door.","useful":1,"user_id":"YHSNdsgo_0YT-434ftD4xA"}
{"business_id":"jyyk8qQ9Do9ITKsU3fqIdw","cool":1,"date":"2016-02-03","funny":0,"review_id":"ExYO8eCpzTOUWVfNlF2_hA","stars":5,"text":"I had a great experience at this place--as far as going to the dentist goes.\n\nThe check-in process went smoothly. Kayla kindly introduced herself at the front desk and took the time to point out what's available in the waiting room: TV, free wifi, iPads/tablets, magazines, and water. There really wasn't a wait time for me because my hygienist, Megan S., was already at the door to let me in.\n\nMegan was great; very personable yet professional. She led me to my room, which had a great view of the street and the snow falling with the floor to ceiling window. Very different from the usual plain walls at a dentist's office. \n\nShe did her thing; very thorough (at times I wanted her to be done already!), but I appreciated the time she took to do my cleaning. She explained everything she was doing before doing it and told me what instruments she would be using next. None of the instruments were new to me, but it's nice to get a heads up that she'll be drilling in your mouth. \n\nI met Dr. Anderson after an hour of cleaning. She was very well spoken and talked to me about her concerns, but ultimately, let me be the decision-maker on how to proceed. I feel like she really listened to me, my thoughts, and concerns and didn't push anything that I didn't think needed to be done. I really appreciated that.\n\nThe appointment ended with Rochelle, the patient coordinator, to talk to me about any treatment plans, insurance coverages, etc. She gave me detailed information on what I needed to know. It was a nice way to end the whole visit. \n\nThis place makes me not mind coming to the dentist.","useful":2,"user_id":"BXuxdO-lBL4tdg1-AthsaQ"}
{"business_id":"jyyk8qQ9Do9ITKsU3fqIdw","cool":0,"date":"2016-09-23","funny":0,"review_id":"HekbRQX4J39l7fvIILanNQ","stars":5,"text":"Fantastic dentist.\n\nI am usually wary of places that have all five star reviews.  I mean common, everyone one can't like them that much. 10 five star reviews, how is that possible ?\n\nBut from my experience, the five stars were earned.\n\nI was visiting my dad over the weekend and a crown fell out.  No big deal, any dentist can do that in 10 minutes.  This one just happened to have an opening.\n\nArtisanal dentist?  Great prob. run by hipsters.\n\nHowever my experience there was exemplary.\nThey too care of arranging with my insurance.  I was seen right away and they did a fantastic job.  Literally better than new.\n\nI just came in to have a crown glued back in. \nThey wanted to take an xray to check for any possible deterioration and actually went to the trouble of making sure it was covered in my insurance (otherwise I would have passed). \nWhen gluing the crown back in the doctor was meticulous in the fit and comfort.\nI used to have a little space between the crown and gum where food would sometimes get lodged.  They took care of that also.\n\nBetter than new.\n\nThis place would be my new dentist, but I live in Chicago.\n\nThanks!","useful":2,"user_id":"IKYKSk3XHyPzZwyTDOYU5g"}
{"business_id":"jyyk8qQ9Do9ITKsU3fqIdw","cool":3,"date":"2016-03-24","funny":0,"review_id":"W1BWb7QZe_ubp7CH88D8ig","stars":5,"text":"I am terrified of the dentist - or at least I was before finding Artisan. I have severe dental anxiety that was compounded by not having insurance for some time and being ashamed that it had been awhile since I had seen a dentist. I finally talked myself into seeing Dr. Andersen based on other reviewers' experiences.\n\nThe first key to making my experience comfortable was being able to schedule online and write out exactly what fears and issues I have. When I came in for my first visit everyone was on board with my terror including reception - the lovely woman who did my intake didn't even bat an eye when I was near tears just walking up to the counter to check in. \n\nI've had to come in for a couple of visits and have met several members of the staff and none of them are judgmental. Everyone was entirely accommodating and made sure that I was doing okay. I am pretty sensitive to pain and it takes more than one shot of numbing - unlike past experiences I wasn't questioned or treated like I was being dramatic. They also weren't bothered by me literally shaking in the chair as they were working. I get very tense and anxious and tremble through every appointment but for them it's no big deal.\n\nI don't like admitting publicly that I am a nervous wreck when it comes to the dentist, but I want other people who are too nervous to go to know that they will be comfortable here (as comfortable as you can be at a dentist, anyway). A lot of the things that made visits unbearable for me in the past aren't a problem here.","useful":5,"user_id":"wd3xoNaDLib8dhQ7BxUl6g"}
{"business_id":"jyyk8qQ9Do9ITKsU3fqIdw","cool":1,"date":"2015-08-06","funny":0,"review_id":"nzpLk--GN_sWgd5NGTBpBg","stars":5,"text":"What a wonderful experience! Each person I encountered at Artisan offered the best combination of warmth, professionalism, and competence. The office and equipment were also top-notch and appear to support the latest technology.Thank you.","useful":0,"user_id":"_v7cBxyGMQVBBtmdpub9BQ"}
{"business_id":"jyyk8qQ9Do9ITKsU3fqIdw","cool":0,"date":"2016-04-13","funny":0,"review_id":"pGHLEfOyX14L7VEg8ZpizA","stars":1,"text":"So this is my first review and the reason being is I am a person that usually doesn't go out of his way to voice my opinion.  With that being said that should tell you how upset I am with my experience.\n\nI first showed up to Artisan Dental in November of 2015 when I moved here from Florida.  I scheduled a cleaning.  While there they told me I have a cavity on my second back molar.  So I schedule a appointment to have the filling for the cavity done in mid December with Dr. Andersen as I thought she seemed like a nice dentist and her reviews were good.  \n\nA week after the cavity was done, I still wasn't able to chew on the side that the filling was done on, and if anything that was mildly cold would make tear up.  I then decided probably something was wrong and I needed to go back in.  At the beginning of January I had a follow up appointment.  Dr Andersen took new X-rays to see what the possible problems could be.  You could see in the X-rays that she had possibly aggravated the nerve root while performing the filling (I work in the medical field and review films on a regular basis, by no means am I a doctor but it was evident she hit the nerve).  Instead of taking drastic measures she wanted to desensitize the tooth and see if that helped the symptoms.  I agreed that was fine.  \n\nThe symptoms never got better instead worsen.  I was beginning not to be able to eat any room temperature food and water from the kitchen sink would lead to extreme pain.  Finally late January I came back in unable to sleep and function regularly.  Dr Andersen said that the only remedy would be a root canal.  She gave me some pain medication to help with the pain until my root canal the following week.  After that appointment is when everything went from bad to hell.  \n\nThe following night, I wasn't able to function without a ice cube in my mouth.  If the ice cube dissolved I would start to tear up and the pain was excruciating.  I called Dr Andersen emergency line around 5 pm and left a voicemail describing the situation and need of help.  Never received a phone call for the entire night.  I broke into chills followed by a 104 fever.  The fever broke the following morning.  Artisan Dental did call the root call specialist that morning and I was able to get into the office that afternoon for a emergency root canal.  Capital Endo who performed the root canal said that last night I was experiencing the nerve root dying and infection setting in.  No Lie this was one of the worse nights of my life.  \n\nLast week I canceled my basic cleaning with Artisan Dental and told them the story I have written above.  They said they were sorry of my decision not to come in.  The reason I am writing all of this is still to this day I never received a apology from Dr Andersen.  I am truly in aw of the unprofessionalism that was given to my situation.  This small cavity has now gone from a filling, to a root canal, to another filling, and in the future a crown.  All said and done it will cost is a small fortune.  I just couldn't believe the lack of remorse thus leading to this review.  I can only hope this does't happen to someone else.","useful":1,"user_id":"9d6XGIXq_spEfzdA-xid4Q"}
{"business_id":"jyyk8qQ9Do9ITKsU3fqIdw","cool":1,"date":"2016-06-10","funny":0,"review_id":"6VDYOjlJ4OgGeIaGH-7DBw","stars":5,"text":"I used to have major anxiety associated with seeing the dentist. Not anymore. Artisan Dental is great. The dental hygienists - which can usually make or break your experience - are top notch. I definitely recommend them.","useful":0,"user_id":"oO1bjaZta-9UtRxshcxoIw"}
