{"business_id":"JTOxJsmZiIjAbwRmioNtvg","cool":0,"date":"2015-07-06","funny":0,"review_id":"letAV9LqvnBnjmvF7I_5SQ","stars":5,"text":"The whole staff here is terrific. I found myself in Madison without my contacts, and Bonsett-Veal Vision Source went above and beyond to get me a replacement pair. As soon as they got her prescription, they broke open a set of lenses and sent me on my way. They were efficient, polite, and helpful. If we lived in Madison, Bonsett-Veal Vision Source would be our only choice for eye care.","useful":0,"user_id":"yzyxSXC2-GCklXnjya9yjw"}
{"business_id":"JTOxJsmZiIjAbwRmioNtvg","cool":0,"date":"2014-02-24","funny":0,"review_id":"Fp3mVsT4KjBaR2SX1VRv9w","stars":5,"text":"I have been going to Dr. Bonsett-Veal for over a year and my experience has always been incredible. His staff is friendly and helpful and they are always able to fit me in for last minute appointments. They even have extra late hours one night a week. I have a pretty terrible prescription, and Dr. B has been wonderful at helping me get the best contacts and glasses for my eyes. I have been wearing contacts for 15 years and have never had contacts fit so well and feel so good! He is very kind and attentive. I am a recent college grad and Dr. B has been great at helping me figure out all my eye needs! I would 100% recommend this office!","useful":1,"user_id":"3Qz3xY2zIydgQu-RxrFAtw"}
{"business_id":"JTOxJsmZiIjAbwRmioNtvg","cool":0,"date":"2016-03-18","funny":0,"review_id":"Tfx5iSr7wd5i6zuiwLb_TQ","stars":5,"text":"Great experience with Dr. Bonsett-Veal. He's friendly, helpful, and make you feel at ease. I'd definitely go back if I hadn't moved.","useful":0,"user_id":"nXVdNQmaUboP7lIcVS45og"}
{"business_id":"JTOxJsmZiIjAbwRmioNtvg","cool":2,"date":"2014-03-19","funny":0,"review_id":"UxxbpSlFOF39P8YBDgk2Vw","stars":4,"text":"I have gone to Dr. Bonsett-Veal for over 4 years. I have found his prices to higher than other eye specialists. I feel that he is an excellent doctor and I don't mind paying for that. However, his frames and lenses are higher than most other places. My prescription for glasses purchased from him cost over $500. I wanted sunglasses. I went to a local shop, I was able to get the sunglasses and frames for $245.75. I am on a fixed income so this was a great help to my purse. I have found his staff to be personable. The office has the latest equipment for diagnosis of the eyes.","useful":2,"user_id":"FWSHBTX6lVrS1rL0VWOIXQ"}
{"business_id":"JTOxJsmZiIjAbwRmioNtvg","cool":0,"date":"2013-09-24","funny":0,"review_id":"ZdnAtoYQt0GnIlOOcP5iAg","stars":2,"text":"I had a pretty frustrating experience with the Bonsett-Veal office similar to Christopher H's review. I chose their business over others simply because of proximity to my house and I expected a quick and simple prescription renewal like I've had for years at my old optometrist's office. Their staff is friendly and Dr. Bonsett-Veal is nice enough but the \"scientific method\" that another reviewer refers to isn't conducive to easy, breezy prescription renewals.\nI've had a stable prescription for many years and have never run into an optometrist who had an issue finding the right glasses and contacts prescription. With my first appointment, I was given a both glasses and contact prescriptions that were considerably lower than I have had in the past but I trusted that they would work. \nIt took multiple visits to the office to finally get comfortable contacts and a prescription close to what I've had. Weeks later, I had to return to their office after ordering glasses using the Bonsett-Veal prescription and it being just as awful as the contact prescriptions. \nDuring each appointment, I felt like the staff was rushing me and that no one really believed that the prescriptions weren't effective. I'm due for my yearly appointment with them but I definitely won't be returning because of how much of a hassle it turned out to be.","useful":2,"user_id":"hdfieCYVbebhzxnsY5BkLQ"}
{"business_id":"JTOxJsmZiIjAbwRmioNtvg","cool":1,"date":"2017-07-20","funny":0,"review_id":"d1P6unUmJ_jE94BudR-uxw","stars":5,"text":"Excellent patient experience and fantastic service! The entire staff was professional, the online forms worked seamlessly, and payment was quick & easy. Highly recommend!","useful":0,"user_id":"W0WcYBfrrxw7mTvcWZ8Ouw"}
{"business_id":"JTOxJsmZiIjAbwRmioNtvg","cool":1,"date":"2010-06-25","funny":0,"review_id":"WwZMqf8bD8qOWevp7tGD-Q","stars":5,"text":"Dr. Bonsett-Veal is awesome!  Of the big three doctors (family doctor, dentist, eye doctor), I always hated the eye doctor the most.  Dr. Veal's chairside manner and general personality make him awesome though.  He's very enthusiastic about eyes and seems to really know what he's talking about.\n\nI was particularly impressed with his \"scientific method\" approach to some new contact lenses for me.  The first pair he gave me fitted great, but the prescription didn't seem quite right.  So, upon going back for my checkup, he gave me some more \"is it better with this, or this\" options and fine-tuned the prescription.  He gave me a new contact for the trouble eye and is having me try it out for another week before he writes the contact lens prescription.\n\nHe has a fantastic selection of designer frames too!\n\n5 stars for Dr. Veal!","useful":4,"user_id":"p3mCb6kBbo_qNUPbwHik1w"}
{"business_id":"JTOxJsmZiIjAbwRmioNtvg","cool":0,"date":"2017-01-18","funny":0,"review_id":"7DrQpFsdXB2SXkJF2Gj3Og","stars":5,"text":"Wonderful doctor! Dr. bonsett-veal is an extremely friendly person, and it's clear that he cares for his patients and the community.","useful":0,"user_id":"tMomRZccgxKR7qoejIkTrQ"}
{"business_id":"JTOxJsmZiIjAbwRmioNtvg","cool":0,"date":"2012-09-22","funny":0,"review_id":"HfnMLoSZCXVe7PcW_Nm5_w","stars":4,"text":"Dr Bonsett-Veal is incredibly quirky and funny! He is incredibly personable and explains everything in great detail. The office staff are friendly and helpful as well.","useful":2,"user_id":"WaM2y9KsXqKOSlYhK9EIcA"}
{"business_id":"JTOxJsmZiIjAbwRmioNtvg","cool":0,"date":"2013-08-23","funny":0,"review_id":"xuiHLEu6m-Go-e-_DHcy5g","stars":2,"text":"Everything started out OK with Dr. Bonsett-Veal.  The staff is friendly, and the location is nice and convenient.\n\nI have a high prescription, so I'm used to most offices not stocking anything near my prescription.  All that was OK--at first.\n\nAfter the third or so brand that didn't work, Dr. Bonsett-Veal began to get frustrated.  \n\nI work until the evening, so the only appointments I could get were on their Wednesday night hours.  This seemed convenient at first, but no one would offer to make an appointment with me for the fitting.  They'd just say that Dr. Bonsett-Veal would be quickly checking my eyes.  \n\nThey'd squeeze me in to an already booked schedule.  I'd wait for 10-20 minutes, and then I'd be rushed in between appointments.  My eyes were quickly checked, and when it wasn't quite the right presciption, he'd order another pair.  \n\nHowever, this meant I'd have to come back to pick them up when they were open.  As a result, I'd have to wait two weeks between visits.\n\nThe whole process took three months.  After that time, they told me Wisconsin law requires that the prescription for contacts is written 90 days after the exam.  Someone mentioned this to me at first.  I asked what happened after 90 days.  They responded that no one ever takes 90 days.\n\nAfter 90 days, Dr. Bonsett-Veal called me and wanted me to schedule *another* eye exam with contact fitting.\n\nOn the phone, he was calculating out loud how many visits I'd had and how much that cost.  He said for the $100 or so I'd paid, I had gotten what he thought was a pretty good deal.  Five visits or so at $10 each.\n\nI paid for an eye exam and contact fitting.  I left, after several months, with no contacts and a lot of wasted time and money.\n\nI'd recommend checking somewhere else before getting an appointment there.  Overall, it's more expensive than other similar clinics in Madison.  You'll find frames are significantly cheaper elsewhere, too.","useful":2,"user_id":"jhV56YKeCxaPWfVdVkUhlw"}
{"business_id":"JTOxJsmZiIjAbwRmioNtvg","cool":0,"date":"2011-07-19","funny":0,"review_id":"1qCGw6_gh5webSzGgmx8AA","stars":4,"text":"Dr. Bonsett-Veal was great!  I think he is very personal and related to me quickly.  He was my first eye-doctor visit ever and I felt great.  He also explained my options, like whether to get glasses or not for my slight vision correction, and an extra 'eye-mapping' test.  Which I got and he emailed to me so I have on my records!  \n\nI went sunglass shopping there because he recommended it, they were very helpful to help us look around, however the prices were higher than other places, and the cheap glasses didn't fit as well as we would've liked, besides that I thought it was perfect.","useful":1,"user_id":"cVX9uszVLZsERDcpa1jBwg"}
