{"business_id":"jqXX6SWhYAMDRuGw2zci9A","cool":0,"date":"2015-08-26","funny":0,"review_id":"Xz08jOfwcDf3uolcg3c5Mg","stars":5,"text":"I've been going to this dentist for 5 years and have never had a bad experience. I just got 2 fillings today. I went in for 3, but they determined that I didn't need the 3rd during the procedure. They were courteous, professional, and kind throughout, and I experienced no pain during the 45 minute procedure.\n\nThis is definitely a place you go to and stay with once you've been. The hygienists are friendly and take good care of you.","useful":0,"user_id":"Sn43Ng6mICCIE6kqvKV0AQ"}
{"business_id":"jqXX6SWhYAMDRuGw2zci9A","cool":0,"date":"2013-05-29","funny":0,"review_id":"E3cy3I4ierN4_ysDRDP5Qw","stars":5,"text":"Just had a crown made for a fractured molar.   Also had my first appointment with them for a cleaning last week.    Totally impressed with  their entire operation.  This may sound like hyperbole, but I'm so pleased,  I've already made my six-month appointment for my next cleaning, which I never do.   in fact I hate going to the dentist so  much,  it's been five years since my last trip to the dentist.\n\nOne  reason I've always hated going to the dentist is things always hurt,  the scraping, the poking, and the  drilling under \"anesthesia\".   I thought that's just the way it was.  In the past  I never  seemed to get enough anesthesia.   With other dentists, they simply didn't ask  before drilling away.  I once had a  filling  done with only  laughing gas, and  when I told  him the drilling  hurt, he got all huffy and gave me the injection  anesthetic along with all kinds of attitude.\n\nBut Dr. Hazen  made absolutely sure I was fully and completely numbed out.  He did have to give me a second round of  anesthetic injections,  so maybe I have a high tolerance or something.      Even after verifying that I was completely numb  and proceeded with the  grinding and photos  etc., he continued to ask  it was I okay, or did that pinch, and made sure that I knew I could stop them at any time to voice  any concerns.  \n\nIt was Dr. Hazen  and   Kim who performed the crown  procedure.   it was pretty amazing to see them work.    Their incredibly fast, though without seeming in a hurry.  Their speed seemed  much more  to do with skill, experience, and talent than with haste.  \n\nThey also used some seriously futuristic technology to make the crown.    It was an  incredibly high powered digital imager used to make a hi-res 3-D image of the molar in question.  I thought  the image would be used merely  for diagnostic purposes.  But once the computer finished rendering the image, that data was then used to make the crown in the next room!    \n\nFive years ago, I had a crown made on the other side, and it took two appointments (the first to fix  the broken tooth and  make a mold of it;  you then go away for a week with temporary crown while the permanent crown is being manufactured at some other office;  then the second appointment to install the crown),  which I believe is the industry standard.   Doing it all in one  visit was worth a lot to me.","useful":1,"user_id":"dL841jctibQE7qEGYMHxwg"}
{"business_id":"jqXX6SWhYAMDRuGw2zci9A","cool":1,"date":"2015-03-07","funny":0,"review_id":"pdX3q5mbXgDmklf1-7PTpQ","stars":5,"text":"Whenever I have a new friend move to town and they are looking for a dentist I always recommend this place! Everyone there is super friendly, service is great. They never try to sell products or push things on you. They simply give you tips on how to have great dental health. \n\nI went in one day for a cleaning and also had a mild toothache, without an appointment Dr.Hazen was still happy to take a couple of mins of his time and check it out. \n\nAs for parking there is almost always a few free 2 hour spots right outside on west wash so for those who hate parking downtown it's not a problem at all.","useful":2,"user_id":"srFZ0_Q7ktL5USL63yzrHQ"}
{"business_id":"jqXX6SWhYAMDRuGw2zci9A","cool":1,"date":"2016-05-26","funny":0,"review_id":"5vHe01bmeoNe6SgoTZhapQ","stars":5,"text":"I love Dentistry for Madison! I've been coming here many years. Their central location downtown is perfect for where I live. Dr. Jay Hazen is a rock star, literally. He's a drummer in a band, Axial Pain. I enjoy his friendliness and his expertise. I'm also a big fan of my hygienist. She's very detail oriented and keeps me on track with my flossing. Plus they're big fans and supporters of the Madison Mallards. Highly recommended.","useful":1,"user_id":"L3D5k7jR3IfxTIoaIkuAVg"}
{"business_id":"jqXX6SWhYAMDRuGw2zci9A","cool":0,"date":"2013-10-08","funny":0,"review_id":"FLQW3E0fazHUWoUCLTwCdA","stars":5,"text":"I love small businesses like this! I had been looking for a dentistry office in Madison and Dr. Hazen and the rest of his staff are awesome and so so helpful. Everyone is nice and treats you like a valued customer. I was in about a month ago for a regular check up and it was very thorough. The only thing that was kind of weird was the baking soda rinse...definitely something to get used to. Overall a great place to go, very happy with my choice!","useful":2,"user_id":"fqz6TBmIdWR8sQOOIyzB7g"}
{"business_id":"jqXX6SWhYAMDRuGw2zci9A","cool":0,"date":"2015-06-03","funny":0,"review_id":"5lo8V03HiHr7Aj4R1MR-pA","stars":2,"text":"I would recommend elsewhere. The dentist is generally pretty good and a nice guy, but the prices are very expensive, even for routine procedures. The front office seems to be a bit of a mess and unorganized, both in terms of scheduling and billing. You could probably find a worse place, but you could also very easily find better.","useful":0,"user_id":"hT_gXqe_GsrunjL2wWDnTQ"}
{"business_id":"jqXX6SWhYAMDRuGw2zci9A","cool":0,"date":"2012-06-20","funny":0,"review_id":"SXLnsnZ3Qz5ZFACFpRXQFg","stars":5,"text":"Dr. Hazen and all staff are great! everyone is friendly and helpful! \nI reccomened Dr. Hazen to everyone!","useful":1,"user_id":"DYuATxJ9cPLIkD6XCrmNMw"}
