{"business_id":"jyNbbVuekVIcxJbnReqAig","cool":0,"date":"2013-10-05","funny":0,"review_id":"wHH9T7v1H5WRiXlc1WCqRw","stars":5,"text":"Having been to many Chiropractors throughout my life l can honestly say Dr. Rob has been one of the best I have seen...he's very thorough and adjusts the body as a whole.\nGives helpful lifestyle suggestions and works hard to get to the issues that are causing the problem.  A very family friendly environment, he also adjusted my son when he was 5months old for an ear infection that cleared a few days later without antibiotics.\nI would highly recommend  him to anyone.","useful":1,"user_id":"U7RWTdEBXNrW6tgFJpRFmQ"}
{"business_id":"jyNbbVuekVIcxJbnReqAig","cool":0,"date":"2012-07-18","funny":0,"review_id":"p-vvtUft-vrT7g9zfuA-Rw","stars":5,"text":"I almost don't want to add to the raves, because I selfishly don't want them to be so busy that it's hard to get in. If you are hesitating for some reason, if you are distrustful of chiropractic, take the leap and just try them. I went because I had an acute injury, but I have spent 25 years with chronic pain. Spent countless hours with doctors, osteopathic doctors, physical therapists, other chiropractors, accupuncturists, massage therapists, but never fully healed. \n\nJust a couple of visits with the Tinnens fixed me. I walked out after my first visit feeling better than I have in decades, and after my second I was actually pain free for the first time that I can remember since my childhood. It will take a lot of time and work to reverse so many years of damage, but their skills are allowing me to exercise and sleep without immediate pain and that's what I have to do to heal permanently.\n\nThey didn't promise miracle cures. They suggested supplements but it truly felt like a suggestion that I could take or leave (I took them), and they were respectful of my preferences. I cannot recommend them more highly.","useful":1,"user_id":"e9jHN4cTfCFjJqJk2i3cCQ"}
{"business_id":"jyNbbVuekVIcxJbnReqAig","cool":0,"date":"2011-12-09","funny":0,"review_id":"p3KLaWzxClA-RAtc5_93Ag","stars":5,"text":"I went to Dr. Rob Tinnen the first time with severe back issues due to a labor-intensive job and an illness which left me bed-ridden for over a week.  Gradually, but efficiently, he brought the strength & health of my back to the point it had been over a year prior.\n\nNot only is he a reliable resource for adjustments when work builds up to back/neck/hip/ankle problems, he also has given me direction in other areas.  He immediately noticed the tiny, red bumps on my forehead that had bothered me for years.  After I took his suggestion to cut back on gluten & dairy, due to a probable irritation, my skin has improved dramatically.  He also taught me exercises and posture/stances to build weak muscles and/or avoid positions that were poor for my health to begin with.\n\nI have visited him over a dozen times and continue to walk out the door very satisfied every time.  Between dietary suggestions, supplements options, and general lifestyle tips, I've had the opportunity to make life-long improvements.  He makes patients feel comfortable and realize that they can make adjustments of their own to improve overall health.  I recommend him to co-workers and friends at any chance I get!","useful":1,"user_id":"KWMnmwwXl-kU6jZFw6TAxQ"}
{"business_id":"jyNbbVuekVIcxJbnReqAig","cool":0,"date":"2011-11-08","funny":0,"review_id":"Kw40CtFKfTx5X9qymMnHzA","stars":5,"text":"As a sole proprietor of a business that involves lifting, standing on hard floors, and physical work, Tinnen Family Chiropractor has enabled me to stay healthy and on my feet many times already.  This last weekend, I had a big work weekend to prepare for and on the Monday before my lower back \"went out\" and left me struggling to even stand upright or get out of a seated position.  I was relieved that Rob Tinnen was able to fit me in his schedule several times beforehand, and by the weekend I was able to do the physical work I had to do.  Not only that, but his work on my back had helped to the point where doing that physical work did not leave me back where I started, but continued to help heal my injury.\n\nThey take a well-rounded approach making gentle, effective adjustments, using heat, electro-stim, ultrasound, and lift tables.  Rob has suggestions for helpful diet choices, supplements, and exercises to aid the healing.  \nDr. Tinnen is also observant and respectful of what you personally want to get out of your visit.  I am not a fan of having people observe me and watch me exercise, he noticed this and makes suggestions for what I can try at home rather than push me to do what makes me uncomfortable.  I appreciate being able to make decisions like that about my health care.  All in all, this is comfortable and professional, great chiropractic care.  Check it out!","useful":1,"user_id":"kbuYe00pzpZ_bjAp6Mredw"}
{"business_id":"jyNbbVuekVIcxJbnReqAig","cool":0,"date":"2010-12-22","funny":0,"review_id":"KUub3WzYoXBItiLt7QFxOg","stars":2,"text":"These guys are amazing. Definitely worth checking out. They do not practice the usual \"snap, crackle, pop\" that is so common with other chiropractors in the area. They re-assess your situation with each visit and treat accordingly. Dr. Rob is intense, super smart, a loving papa (you can often find their toddler children around the office), and a very effective chiropractor. Devry is a little more mellow paced, super gentle, and very good with adjusting kids and pregnant mamas. \n\nThey are very fair priced (only $35 per visit), and they even accept Medicare, Insurance, and credit cards. These folks are not scammmers and really do care about what they do and what they say. We've been treated for ADHD, Depression, Food Allergies, Car Accident Trauma, and migranes. I've never had such great results with any other chiropractor. \n\nI would highly recommend checking them out. Parking is available on the street and the Willy St. coop is just across the street also. You will not be sorry you gave them a try.","useful":1,"user_id":"lxqgVaffm5laNfyUeASk1w"}
{"business_id":"jyNbbVuekVIcxJbnReqAig","cool":0,"date":"2013-12-18","funny":0,"review_id":"dgBiB3zyXGVJ7ofRnNT4Rw","stars":5,"text":"After having a very bad experience with a GHC chiropractor, I never thought I would try using a chiropractor again. Then I was introduced to Dr.  Robert Tinnen at a mutual friend's party, and told he was the best chiropractor around and he had helped my friend get relief from his chronic back pain. I too had been experiencing constant pain in both my hips and neck for months, and decided to try chiropractic care one more time.  Both Robert and his business partner (who is also his wife)  treat the whole patient by asking questions about your life style, nutrition, and activities, along with adjusting your whole body (not just your neck and spine). Besides the expected   adjustment, I was given advice on posture, nutrition, stretches, exercises, and supplements that could benefit me. Over a short period of time I found relief from my pain. When I then developed  intense foot pain from doing a lot of barefoot activities like yoga and aerial dance, he found the bones that were out of place in my foot and made it good as new in a few visits. These folks are kind and caring professionals who listen,  are nonjudgmental, and  see their patients as individuals, and want them to get better. The clinic itself  is friendly, warm, open and homey with local art on the walls, and toys for the kids. I am so happy that I found an effective medical practitioner that sees me as a person, and not just a unit to be pushed in and out of the door a fast as possible as so many doctors are forced to do these days.","useful":1,"user_id":"IwOVQST6oj-Q3IMkQmCR7g"}
{"business_id":"jyNbbVuekVIcxJbnReqAig","cool":0,"date":"2011-12-13","funny":0,"review_id":"SB4vTJEUd2IH_83Z2g9Z-w","stars":5,"text":"It's been over a year since I found Tinnen's chiropractic to help a bad neck injury. I had been previously going to another practice in town for months and didn't feel like I was making improvements. I liked that Tinnen's is a family business. After my first visit I felt a tremendous relief in my body. Robert understood the problems I was describing and was able to make immediate adjustments to help with the pain as well as suggestions for exercises and dietary changes to help strengthen my body. In the time I have been working with Robert he has helped me through neck and back pain that I've struggled with my whole life as a result of a hip replacement. I trust his advice completely and truly appreciate his holistic approach to body, mind and dietary health. Robert encouraged me to try removing gluten from my diet when I was struggling with stomach problems. I have been happier and gluten free for 2 months now. Thanks Robert!","useful":1,"user_id":"9-CWDQc4UtfFwr9ui5grcQ"}
{"business_id":"jyNbbVuekVIcxJbnReqAig","cool":1,"date":"2017-07-04","funny":0,"review_id":"Wx7EC98t1xeQFa5roqkejw","stars":5,"text":"I love Deverie and her healing hands. She has a nack for finding the parts that hurt and alleviating my pain. I highly recommend Tinnen Family Chiropractic!","useful":0,"user_id":"r8lSFHtdOXdl9NLZOGCJCg"}
{"business_id":"jyNbbVuekVIcxJbnReqAig","cool":0,"date":"2012-02-25","funny":0,"review_id":"4TpWtpjypIf8Xz189EYYPw","stars":5,"text":"I love these guys! I've been going to chiropractors for years and have a lot of experience with all types.This is the best experience yet.  Rob is awesome at getting right to the root of the problem and explaining it to you while adjusting the WHOLE body. I love how they consider the entirety of an individuals lifestyle without judgement. Plus they have toys for my kid to play with. :)","useful":1,"user_id":"dFaWQ7f8frChqk8V_YBVYw"}
