{"business_id":"JubiY4ZOhaOwgcC1O0U67g","cool":0,"date":"2013-01-02","funny":0,"review_id":"tZAKYrrBcRY9A0kvlv59Ew","stars":5,"text":"In the summer of 2012, I was admitted to St. Mary's with a severe case of Lyme Disease, that led to total heart block. The physicians knew about LD (many don't), treated this aggressively and promptly, and I was out in ten days, with no signs of LD since.\n\nThe physicians, nurses, and financial department were top-notch. They even wrote off the remainder of my bill that my insurance didn't cover, due to me taking a low salary for a non-profit organization.\n\nI can't say enough good things about St. Mary's. They turned a tough experience into a very positive couple of weeks in my life.","useful":0,"user_id":"XvvSCV38H1XfqOLZhCODcw"}
{"business_id":"JubiY4ZOhaOwgcC1O0U67g","cool":1,"date":"2017-04-14","funny":0,"review_id":"4gPLbAcIsbuKiPGOsUwMrQ","stars":5,"text":"This was like being at a spa/resort/vacation at the birthing suites best nurses and doctors ever!!! I wish I would have had my other 2 kids here:/","useful":0,"user_id":"OK6podSBFi-6LLkML1AaBg"}
{"business_id":"JubiY4ZOhaOwgcC1O0U67g","cool":0,"date":"2011-06-21","funny":0,"review_id":"PK4DjlMBzAtiGg9X727z4Q","stars":5,"text":"Pro: Awesome hospital. I am not sure about the service, but as a visitor, the waterfalls were wonderful. This hospital was one of the best designed hospitals I have ever seen. Very beautiful. \n\nCon: Cafeteria. Maybe, because it was Sunday.","useful":0,"user_id":"zkgcXdIrtRNhA1MuIw1BgA"}
{"business_id":"JubiY4ZOhaOwgcC1O0U67g","cool":0,"date":"2013-03-09","funny":0,"review_id":"BRzVdJn3A0mG5kf6Izu9rw","stars":5,"text":"Unfortunately, I fell down and hit my head on the ice over the weekend.  After slurring my words, and feeling light headed I was pretty convinced I had a concussion. So, I drove to St Marys Emergency room. I figured I would be waiting a long time since it wasn't much of an emergency. But they got me in and out in less than 30 minutes. Nice Job!","useful":0,"user_id":"JlNWZ_lBYzkBMsQAqBLvCw"}
{"business_id":"JubiY4ZOhaOwgcC1O0U67g","cool":2,"date":"2014-04-01","funny":0,"review_id":"P3Su9az1QoImapB-DEaahA","stars":5,"text":"I stopped here last week to visit someone in the hospital.  Though I was not there for myself I still found myself impressed by the facility.  It seems to be pretty new as everything looked very modern; outside and inside alike.  On the walk in, I noticed that there was a nice garden that looked to be a good place to sit should you find yourself there longer than anticipated.  \n\nAs mentioned the place was huge so naturally I asked for directions from staff; I got very clear and concise directions.\n\nMy friend had a great view of a lake and a much larger flat screen than I have in my house.  They also seemed to have a very nice menu; I didn't order from it but my friend seemed to be impressed.\n\nThough my wish is never to find myself in the hospital, if I were to find myself in one, I would not mind it being in this lovely facility.","useful":2,"user_id":"VHoz-_mf_jFQCINNkBMKSw"}
{"business_id":"JubiY4ZOhaOwgcC1O0U67g","cool":0,"date":"2014-04-24","funny":0,"review_id":"-QiPy0QHzm1rDjq99_B4Ug","stars":5,"text":"From the moment we walked in the door we felt welcomed.  The setting is comfortable, the people were so nice and you never felt like you had to wander to find where you needed to go.  Fantastic!","useful":0,"user_id":"NB2JGf4DS4VGP6fKx5S_Fw"}
{"business_id":"JubiY4ZOhaOwgcC1O0U67g","cool":1,"date":"2016-01-25","funny":1,"review_id":"m2vvJg9wvg9bzKS7uMK01A","stars":5,"text":"Is it super weird that I'm Yelping about a hospital? Maybe, but that just goes to show how impressed I was with St. Mary's! My sister-in-law gave birth to my adorable nephew at St. Mary's and I was blown away by the cleanliness and modern feel. It felt like I was a hotel, not a hospital! There were cascading waterfalls, outdoor gardens (granted, it wasn't open when we went in the dead of Wisconsin winter), and so much more! I admit I don't have many hospitals to compare it to, but it had that flooring that looks like hardwood, but it's not actually hardwood, and a nice family lounge were we ate our takeout Chinese food (come on, what else is open on Christmas Eve?) The food court was really nice with a variety of options (they had a whole turkey meal with all the fixings on Christmas Day, but they also had sandwiches, fruit, etc. for the other health conscious people like me). And, I don't know if this is the norm for hospitals, but they gave her a double bed, so my brother could even sleep with my sister-in-law, with their newborn in sight. The staff was super friendly and they even gave my nephew a green and red knit hat -- the perks of being a Christmas baby! :)\n\nI would seriously consider moving, at least temporarily, to Madison just to give birth to my unborn child at St. Mary's!","useful":0,"user_id":"tipqo_i_FAf2iCUNqqO-wA"}
{"business_id":"JubiY4ZOhaOwgcC1O0U67g","cool":0,"date":"2012-10-10","funny":0,"review_id":"W2ooPIvqmuAcZsHjPSVyRw","stars":1,"text":"Parking is a ripoff and all signs in the building are posted poorly.  Going from the parking lot to a level on the Atrium elevators is a complete maze.  Information staff lacks customer service skills by texting from their personal phones instead of greeting customers.  When I approached the desk with a question, one woman walked away without acknowledging me and the other took her time on a phone call.","useful":2,"user_id":"CdUuDToyZ8pKCgPGED2noQ"}
{"business_id":"JubiY4ZOhaOwgcC1O0U67g","cool":1,"date":"2012-04-23","funny":1,"review_id":"4WNW86PEIT8jiqkgmZGgKQ","stars":1,"text":"Girl I worked with had a son who needed numerous operations. Every time they went to St. Mary's, the hospital had to borrow equipment from Meriter. Finally, she just switched insurance so they could go to Meriter. That was 20 years ago. Two years ago my father in law was rushed to the ER. It turned out he had A plastic anemia. They again had to borrow equipment from Meriter. It was unbelievable! The whole experience was so bad that all six family members decided we would never to to St. Mary's if possible. I do like my Gastro Intestinal doctor, Dr. Hamilton, but I would avoid the hospital whenever possible. I've had surgeries there, and my last I was astounded by how filthy the room was where I was first taken. The nurse also had me walk in my encapsulated shoes into the operating room. I guess they never heard of MRSA or other germs. Meriter is the only hospital in town where I feel safe.","useful":1,"user_id":"WFP_CgkAjYpvUBDa01GMlA"}
{"business_id":"JubiY4ZOhaOwgcC1O0U67g","cool":0,"date":"2013-10-05","funny":0,"review_id":"uybVNmZS58JxJm0RGZHAaw","stars":3,"text":"My wife had to have an operation here so I found myself investigating this place. I'm naturally nosy.  Truth is, she was in good hands here. They were running a little late as a patient before her had some complications. The nurses were very compassionate and the facility was clean. Parking was a breeze too!","useful":0,"user_id":"SbJ7iiOb6Sj3gaREn-JUZA"}
