{"business_id":"KhSwRL575cE4DP63io87lg","cool":0,"date":"2015-09-10","funny":0,"review_id":"zBClsFhRWRBn1bzv8_hKDg","stars":4,"text":"I've read a few of the other reviews so I want to give the short version of this review up-front:\n1.(most important) Dr. Kramer was respectful, up-front and down-to-Earth during the consult and did an excellent job on my wisdom tooth extraction.\n2.(not nearly AS important) Multiple, but not all, of the receptionists at this place were condescending, rude and not that helpful.\n\nSo having said that here are the details of my experience at the Center For Oral & Maxillofacial Surgery's Downtown location:\n\nI was referred here by my dentist for wisdom tooth removal and I'm pretty sure this is one of the few oral surgeons that works with Momentum insurance.  For the consult I arrived and met with Dr. Kramer.  He was straightforward with me about my options and his recommendations.   I felt like multiple option were presented to me as well as the rationale behind them AND I was not pressured into doing anything in particular.  I decided to have both of the recommended teeth removed and went to set up a date with the receptionist.\nShe was another story.  She immediately told me that she did not think that my insurance would cover the procedure but she would check anyway.  We set up an appointment for surgery and she said I would get a call in a few weeks to explain what it would cost me.\nI waited until 5 days until surgery and then I decided to call the office back.  It turned out they STILL did not know what my insurance would cover.  After pestering them they did give me a call back and I learned that my insurance WOULD cover over half of the procedure.  I felt like I should not have had to be the one making the call to find this information out.  In addition, after telling me about what I would owe, they then gave me the pre-surgery instructions.  I felt that had I not called they would have forgotten to  call me back with either the insurance information or the pre surgery instructions.\n\nFlash forward to surgery day, the procedure went forward without a hitch.  Dr. Kramer was very polite and did a wonderful job.  In addition they made sure to explain everything to my husband (who had to wait for me in the lobby) and gave us an instruction sheet to take home.\n\nI think they should really work of their PR skills as people (including myself) get nervous about having a surgical procedure performed and also anxious about costs.  It helps to trust in the practice if the reception staff is empathetic, professional and polite, something that this place needs to improve.  As far as the MOST important part, the surgery, is was done well and I would definitely recommend this place based on that.","useful":3,"user_id":"IYSP1bia4DH3mI2em4N53Q"}
{"business_id":"KhSwRL575cE4DP63io87lg","cool":1,"date":"2016-01-24","funny":0,"review_id":"nEh3NrIW2PHFc3GS9BmC9Q","stars":5,"text":"Dr. Pansegrau is awesome! He is very sensitive to his patients' needs. I needed several teeth extracted and he was good about asking me how I was doing. I did not have any difficulty with any of the other staff.","useful":0,"user_id":"Kzns6j-yFIHYsaWnlLy6kw"}
{"business_id":"KhSwRL575cE4DP63io87lg","cool":0,"date":"2014-07-12","funny":1,"review_id":"oWADSGR0acdNhSENDA13gg","stars":2,"text":"If I was rating the success of the surgeon I would rate 5 starts.  However the service at the front desk is why I only give them 2 stars.  \n\nTrying to keep it brief, after a years of pain and dodging getting my wisdom teeth out I finally ask for a referral.  I choose this place because it DID have good reviews and I checked multiple sites and decided this was the place to have the procedure I've been putting off for the better part of 10 years.  The dentist was great and after the consultation I said okay let's do it! You can imagine the let down I feel when the receptionist just said \"oh this is not covered\".  She said this without doing any kind of checking into or looking up anything.  She just asked my insurance and I told her and that was her response.  So I was confused and said \"how do you figure?\" and she just said \"I work here, I know its not covered\" and I was kind of shocked about her matter of factness about it.  So since I was pretty much tired of being in pain on a daily basis I ask about the costs and she is helpful, I guess, while telling me its going to be about $1,300.00 for me.  SO of course we have to say we need to call back.  We decide its necessary and pay for it on a credit card that we took out specially for this....  Anyway I get the surgery, everything is fine, months pass..... Then what happens?  We get a $900 check in the mail as a refund... because guess what? IT WAS COVERED!  The only portion that was not covered was the anesthesia as I decided to go under.  \n\nSO yeah, I would not recommend this place on that basis, unless you want to get screwed around.  Then by all means!","useful":2,"user_id":"ZV0AG42X1eXkskLFayRqiA"}
{"business_id":"KhSwRL575cE4DP63io87lg","cool":0,"date":"2016-11-15","funny":0,"review_id":"zN4tj4ut_u-RepkTwm-JFw","stars":1,"text":"Worst experience ever. I knew my tooth procedure was not going to be covered by insurance, so I asked to pay in full on the day of the surgery. I paid about $400 that morning and received bills for hundreds of dollars more during the following months. They are thieves milking the system. Be prepared to get billed from them, then Wisconsin Pathologists, then from Meriter Laboratories, and more. In total, my insurance and I have been billed for $2,145 for taking out 2 teeth...a procedure that took less than an hour! My surgery was on March 1, 2016. I'm writing this review on Nov 15, because I just got another bill!!!!","useful":0,"user_id":"dHY_mx_AGhzxk6tx6pzWMw"}
{"business_id":"KhSwRL575cE4DP63io87lg","cool":0,"date":"2011-01-21","funny":0,"review_id":"yApn0WVPAgnWj5Tp__KcDw","stars":3,"text":"So, I've been back here a few times since my initial surgery. My faith in this place has kind of faltered. It's not the worst, they're clean, and they're professional. They don't have a high rate of dentists coming and going and they did a pretty good job on my mouth and my surgery.\n\nSo why am I dropping it? It's a little long, but bear with me because it's pretty legit.\n\nI got an infection shortly after having it; this isn't their fault, but I was out of town. I initially called them about setting up a return appointment just to check on things and the receptionist said, \"Oh! You don't need to come back unless you're in pain!\"--which, I thought was kind of weird because after most surgeries (I've never had one myself, but I'm going on family and friends' histories here), your health provider would like to see you in case something DOES go wrong. Here's detraction reason #1.\n\nAnd it sort of, in a minor way, did. As I said, I was out of town. I went to a surgeon in Cedar Rapids, IA who gave me a check up and noticed the minor infection. When they got my file from this place, they noticed that I was prescribed Amoxicillin.\n\nExcept, I never got it. My dad was given all my pharmaceutical prescriptions shortly after leaving and Amoxicillin was not on that list of ones given to us. I had to explain to the Cedar Rapids dental surgeon that no, I never received it, so I'd have to be put on Clindamyacin. That went off without a hitch, fortunately, but if you prescribe someone something like an antibiotic and they don't have it? That's a little side-eye worthy right there. They also told me it was kind of weird that they didn't have a scheduled appointment to see me after the surgery. Ugh. Detraction reason #2 and #3.\n\nI came back because the pain in my jaw didn't go away. It wasn't a dry socket, per se--just in the jawline. When I came back to visit, the dentist had kind of an air of \"Ugh, you again?\" and kind of seemed dismissive. I dunno. I'm probably being too sensitive, but that was the feeling I got. Detraction reason #4. I just got my clove strip, went home, came back two days later and had it out.\n\nI still think these guys are pretty good and definitely ought to be considered if you're having dental surgery, I just got rubbed the wrong way with some of the run-around.","useful":2,"user_id":"8_fAttH_yKopBDrT_2ugHA"}
{"business_id":"KhSwRL575cE4DP63io87lg","cool":0,"date":"2012-02-13","funny":0,"review_id":"_1flSgl9yI4bcZ3yNapngA","stars":4,"text":"I was really nervous about having my wisdom teeth out. My dentist recommended Dr. Kramer and I'm so glad he did. Dr. Kramer was straight up with me--he said that my roots were long and curved and he would have to do a lot of work to remove them, particularly the back right. He also said my recovery would be a little rough. I appreciated his honesty. Fortunately, they were easier to get out than he thought, and I had an easy recovery. I do think it's slightly odd that they never at least called to check up on me, but I do believe they would have been attentive if I'd experienced a lot of pain post-surgery. I would recommend Dr. Kramer to any of my friends who need their wisdom teeth removed.","useful":1,"user_id":"cmmYFJa0bD2FZmlpLGBBog"}
