{"business_id":"KgLlzBcsqJkjx09zAQ2-ZQ","cool":1,"date":"2016-07-14","funny":0,"review_id":"PpGp3-ktdnwOshqrBCS_zA","stars":5,"text":"Had an appointment with Curtis based off a recommendation from my sister. Hour long session. Place was easy enough to find. Price was great for what I received. $20 discount for first time clients. My massage was amazing. The sweet spot between hard enough to do the work and soft enough that you can truly enjoy the hour. Curtis tells you a ton about your spine, muscles, body, etc. when the session is over and recommends what you can do to prevent further pain and soreness. I left feeling great and not in any pain. My only slightly negative critique would be that I prefer a darker room/atmosphere but that seems nitpicky. Apparently Curtis only works Thursdays so do yourself a favor and make an appointment pronto!","useful":0,"user_id":"OuEhLs_dhKjOZYKEhAWO9g"}
{"business_id":"KgLlzBcsqJkjx09zAQ2-ZQ","cool":0,"date":"2015-06-25","funny":0,"review_id":"dTW9NBYkIg6V1tjhXv7C-w","stars":4,"text":"All the therapists at A Better Body Massage are fantastic.  If you want therapeutic work, they have it.  If you want relaxation/stress relief, they have it.  Every therapist is very knowledgeable about the body and gives recommendations for self care at home for in between appointments.","useful":2,"user_id":"yflcX0Ks1JNrOXiB0AxUXA"}
{"business_id":"KgLlzBcsqJkjx09zAQ2-ZQ","cool":0,"date":"2013-06-26","funny":0,"review_id":"VJN1PWYgPf0bTfXypjSxww","stars":5,"text":"Kaitlin at \"A Better Body\" is simply amazing. \n\nShe's lovely, professional-yet-friendly, and has remarkably strong hands. (If you ask for deep pressure, you might be surprised by how strong she is!) I've seen Kaitlin a few times, and she is easily the best L.M.T. I've ever visited. \n\nA few specific notes:\n- Her office is very clean and tranquil. \n- It's private and calming from the moment I walk through the door. \n- The music, the aromatherapy, and massage oil are all just right. Light and soothing. (The oils also didn't harm my clothes when I got dressed after the session, for anyone worrying about that.) \n- Kaitlin also seems to have a nice feel for whether the client wants to chat, or just quietly enjoy the session. \n\nSo, in a nutshell, each visit has been a wonderful experience. Truly relaxing. I just wish I could see her more often!\n\nIf you want a tremendous massage, I absolutely recommend seeing Kaitlin ASAP. You won't regret it.","useful":1,"user_id":"5-eLp0PdMxH_0uxqAVVK5A"}
{"business_id":"KgLlzBcsqJkjx09zAQ2-ZQ","cool":0,"date":"2015-08-02","funny":0,"review_id":"xVzAaowZfmpaPCuzmf9S0Q","stars":5,"text":"Best massage therapist hands down!! Pun\nI'm always sore and stress out from work and I'm an athlete so I need very specific body work. They're VERY knowledgeable and friendly! I've been all over madison booked many groupons just a waste of money! Its Worth every penny!!!","useful":1,"user_id":"INfXd80Rb73Tg7lGmaQhgw"}
