{"business_id":"keUgtaEoNfDsDe2f0ZHuQA","cool":2,"date":"2015-09-01","funny":0,"review_id":"hikPZ5fSj_vl1-ituafM-Q","stars":5,"text":"This was my second time having a message.  I was nervous about going, but was put at easy very quickly during the event.  They are very detailed and curious to your needs.  Prior to starting and during the event, everything is explained to ensure our needs are met.","useful":1,"user_id":"pgqoh3R5RqP18Er-Ieo17g"}
{"business_id":"keUgtaEoNfDsDe2f0ZHuQA","cool":0,"date":"2014-07-13","funny":0,"review_id":"9J5bpspZPSw_iuIKHCsEmQ","stars":5,"text":"Used a groupon for this place. The place was very relaxing, and the staffs were pretty nice. I am very satisfied with this place, and I am definitely re-visiting this place again.","useful":0,"user_id":"vPkJfb3jyh-EqSwM6fvrHw"}
{"business_id":"keUgtaEoNfDsDe2f0ZHuQA","cool":0,"date":"2013-09-26","funny":0,"review_id":"P2Squk8601woEbMTIJKciA","stars":4,"text":"My husband and I had purchased a Groupon for a couples massage and recently redeemed it. What a nice experience. My masseuse was Elizabeth and she was excellent. She found my trouble spots and worked on them. It was so relaxing. My hubby enjoyed his tremendouly as well. The only negative thing I might say was the room was lit fairly well and I prefer darker rooms for a massage. Maybe some blackout curtains? But I'll be going back!","useful":0,"user_id":"nIcdksIlV49Kpv8eTTP2GA"}
{"business_id":"keUgtaEoNfDsDe2f0ZHuQA","cool":0,"date":"2014-02-13","funny":0,"review_id":"a59wp5TaMvsEfP3ic2Mqrg","stars":5,"text":"Got the groupon for 3 massages (an amazing deal), and went in for my first one today. The location wasn't particularly special - just a nondescript office building - but there was a nice view of the trees out the window and they've done a nice job making a relaxing atmosphere. \n\nStephanie gave me the massage and she was excellent!! Perfect pressure, so relaxing! Can't wait to go for my next few massages. \n\nMy only complaint was that I could hear someone having a conversation near our room (I think some sort of session as they were talking about products). Walls are thin so it would be nice if folks kept voices a bit lower, but it didn't distract much from a fabulous experience.","useful":0,"user_id":"p2FGdli5V7H-Gu1CvCgWUQ"}
{"business_id":"keUgtaEoNfDsDe2f0ZHuQA","cool":0,"date":"2013-04-30","funny":0,"review_id":"6Nu-Fly4NNmQE2gY26JFhw","stars":5,"text":"The few staff I've interacted with have been very pleasant and helpful, and the acupuncturist Matt Wagner has been fantastic at diagnosing and treating my allergies and sinus issues with acupuncture and herbs.  It's too early to say anything for sure but this has been my best spring for awhile!","useful":0,"user_id":"TOtQVE1RUnll48b_15kjVw"}
{"business_id":"keUgtaEoNfDsDe2f0ZHuQA","cool":0,"date":"2013-12-24","funny":0,"review_id":"dHUACMPWLMPUfpFgmaZXdQ","stars":5,"text":"I bought a Groupon for a one-hour massage. I had a choice between a therapeutic, acupressure, and Swedish. Since I don't like to be petted and am super ticklish, I went for a therapeutic one. Stephanie was amazing. She did a great job loosing up the knots I have in my shoulder area and she stretched me well too. I am very happy with the service I received. I would definitely recommend this place!","useful":0,"user_id":"F3hnU1e6pyyljDb_GsewHg"}
{"business_id":"keUgtaEoNfDsDe2f0ZHuQA","cool":0,"date":"2015-02-16","funny":0,"review_id":"WyH3ThRNZzrR3TgqjDpbvA","stars":5,"text":"I bought this Groupon as a gift for my ex, but ended up using it myself.  I was not disappointed!  \nThe waiting area is a meditation lounge, with orange water and soothing music/decor.  I was offered tea as well.\nGary made me feel very comfortable, and the aromatherapy was an extra treat I wasn't expecting (especially nice that I got to choose the type of scents I like--cuz lavender and I are not friends).  He focused on my problem areas while still giving me a full relaxation massage.  He was extremely pleasant and I walked outta there feeling like a melty stick of butter.  \nWill definitely go back.  Thanks so much!","useful":1,"user_id":"WeHffRGwXVuqdQyOxsAg0Q"}
