{"business_id":"KUaaFFQ5ClCc2EJAHP7ZRQ","cool":0,"date":"2014-08-21","funny":0,"review_id":"wUBWPYSi3NHPYTKXyYUk0A","stars":5,"text":"For a person who hasn't been to the dentist in a while and coming back, Tamim and his staff made me feel very comfortable. Tamim explained everything that needed to be done and they were very flexible with their schedule, especially their late hours on Monday nights which really helped with my schedule. Now my teeth are looking great! :)","useful":2,"user_id":"t8vDCPg-8z-d9ePghOTXWQ"}
{"business_id":"KUaaFFQ5ClCc2EJAHP7ZRQ","cool":2,"date":"2015-08-20","funny":0,"review_id":"m4bqJoOuKFv5O8T_NFpRAQ","stars":5,"text":"SmartDental is one of the few places in Madison that takes Momentum insurance and so far I have had a great experience here.  Dr. Sifri and his staff were all friendly, polite and respectful.  I have a holistic attitude towards medicine and It had been several years since I had been to the dentist.  I find that both of these things often elicit judgmental responses.  Dr. Sifri gave me his medical opinion and advice without making me feel uncomfortable or judged.  I have gotten my teeth cleaned here and been referred to an oral surgeon and I have been happy with every visit.  One heads up, it takes a while to get an initial appointment, however, I think it is worth it, as I trust Dr. Sifri not to recommend non-necessary treatments.  Both my husband and I have had experiences with several dentists  in Madison and SmartDental has by far been the most positive and high quality of them all.","useful":0,"user_id":"IYSP1bia4DH3mI2em4N53Q"}
{"business_id":"KUaaFFQ5ClCc2EJAHP7ZRQ","cool":0,"date":"2014-03-10","funny":0,"review_id":"o7e_qwln4sHGfeSAvkJe7Q","stars":5,"text":"My husband and I have been Dr. Sifri's patients for a couple of years. We both came to see him after several years of neglecting our dental health and he took great care of us. He is very knowledgeable, professional and nice as a person. He is the best dentist we've ever had, and we'd definitely stick with him probably for life if we didn't move to a different state. We highly recommend Dr. Sifri.","useful":3,"user_id":"RNBx2DwtZL6ZNT3c-uzHbw"}
{"business_id":"KUaaFFQ5ClCc2EJAHP7ZRQ","cool":0,"date":"2011-11-09","funny":1,"review_id":"MydygD5AmspCW1jfpNaRXw","stars":5,"text":"I went to Smart Dental for my first root canal and a general cleaning.  Dr. Sifri was able to save me a lot of extra time and pain by recognizing the issue early.  The process was relatively painless, although I'm sure the laughing gas helped.  You can tell the dentist here cares for his practice and genuinely wants to provide the best care for each patient.  The office at Smart Dental also had great magazines, although the wait was short.","useful":2,"user_id":"3S09bJaUfL58U0b4cCkWCw"}
{"business_id":"KUaaFFQ5ClCc2EJAHP7ZRQ","cool":1,"date":"2013-06-06","funny":2,"review_id":"G7cN9i-geFhm7YlZBDS5Ew","stars":5,"text":"Just got back from my initial visit at Smart Dental with Dr. Sifri.  I feel like I just went to the Cadillac of dentists (DISCLAIMER:  I just moved from Chicago where my dentist was a Botox lipped lunatic whose goal was to sell me Invisalign...so it might not take much to impress me.)  Friendly, clean, modern, good magazines, nice view from my dentist chair.  My appointment involved a sit down meeting with the dentist?  What?  Dr. Sifri went trough my forms and asked me questions that let me know he was actually paying attention and had the best interests of my teeth and my wallet in mind.  The staff were very polite and everyone invited me to a cookout they are having later this month. My dentist is making me lunch on the 21st. What I appreciated most was how clear they were about everything-when I made an appointment, I received a call back from the office to confirm that I wouldn't need to pay a copay at my appointment.  I also made 2 other follow up appointments and I was told I would receive a call about the cost of those as well.  All other dentists I've been to play dumb about the cost and make me figure it out myself.  I have a good feeling about this place!","useful":6,"user_id":"dAdmWvykaBvtzHMaQTUomQ"}
{"business_id":"KUaaFFQ5ClCc2EJAHP7ZRQ","cool":0,"date":"2011-11-16","funny":0,"review_id":"kP0vaQEScjTbAmf0PknYMg","stars":5,"text":"Dr. Sifri is awesome (patient for 2 years).  I know he is always going to tell me honestly what I'm doing is not good for my teeth (too much soda!), and that he really has my overall health in his best interest.  I love the fact that if I have random questions I can post them on his facebook page and he always gets me answers right away!! (Crystal Light really isn't better for your teeth than water unfortunately!)\n\nHis staff is great too, Anamika at the front desk is always very pleasant.","useful":3,"user_id":"rKTsjVOgPoMWMygTB64eOg"}
{"business_id":"KUaaFFQ5ClCc2EJAHP7ZRQ","cool":1,"date":"2012-05-15","funny":1,"review_id":"SXK094p0_IY03345HMNqhw","stars":5,"text":"I too have been forced to jump on board and give Smart Dental a positively glowing review. In fact, this is my first yelp review-- the extraordinary care I have received from Dr. Sifri and his staff has kicked me into gear to sign up for an account JUST so I could review. I had not been to the dentist in several years, and finally a dental infection forced me to succumb to my long standing dental phobia, procrastination, and downright humiliation over the whole bit. They got me in right away, figured out what was wrong quickly, and helped me work out a plan to fix it. I have never once felt judged or looked down on by Smart Dental over the state of my dental health. I even cried in the little consultation room, adding to my embarrassment, and I felt nothing but taken care of and supported. They truly care and I trust them 100 percent to help me make decisions that are in my best interest. \n\nI had a root canal last week, the first dental procedure other than a routine filling I have ever had done, and I can honestly say I really felt relatively no pain during the procedure, or after. Just a tiny bit of soreness the night of, and then it was like it never happened.  I was terrified, naturally, but the calming and gentle manner in which Dr. Sifri handles his patients helped me get through it flawlessly. I have plenty of work yet to be done, but I'm starting to kick my dental fear just because of how well I am treated and how safe I feel there. This is a small miracle to me. I am so thankful to have found Dr. Sifri, Anamika, and the entire sweet, wonderful staff. Thanks for everything you do for your patients and your community! It is truly awesome.","useful":4,"user_id":"T6qqdpIm03osq--Ri1tUFQ"}
{"business_id":"KUaaFFQ5ClCc2EJAHP7ZRQ","cool":0,"date":"2011-10-19","funny":0,"review_id":"SfC-3HMJ6li_RTZ5djPG1w","stars":5,"text":"I had visited Smart Dental a few years back as a result of an ongoing dental problem. My previous Dentist had ruined the job they attempted on my teeth and I was nervous to have another experience like that. Boy was I pleasantly surprised. Not only did Dr. Sifri fix my teeth, but years and years later they are still in great condition.  \n\nI am an actor in Los Angeles and I model for several agencies out here in Los Angeles so it is incredibly important for me to have my teeth in perfect condition. After a strong recommendation from another colleague of mine I made the risk of flying out to Madison to have Dr. Sifri look at my teeth. \n\nWhat a successful journey it was. Again, Dr. Sifri completely fixed the damage done and did so at an incredibly reasonable price too. They are nice, informative and obviously talented. \n\nI would recommend Dr. Sifri and Smart Dental to ANYONE including my own family. I hope that Smart Dental is a giant success, because amazing service like that is hard to find these days.","useful":6,"user_id":"dbKuadwRRGkEN2KbQJ3Apg"}
{"business_id":"KUaaFFQ5ClCc2EJAHP7ZRQ","cool":3,"date":"2012-03-31","funny":1,"review_id":"96VXvIGLRVhbfGXjZnuUSA","stars":5,"text":"After years of lacking adequate dental insurance, I stumbled into graduate school at the UW, and what do you know, but they like their graduate assistants to have good teeth. I've been in town since 2005, and ever since Dr. Sifri opened Smart Dental I knew I would eventually end up there. I'm always impressed by professionals who invest in their communities, and Dr. Sifri certainly fits the bill. I've been hearing about and seeing Smart Dental's sponsorship of community events and organizations as long as he's been in practice here. (And if you didn't know, Dr. Sifri helped establish the AIDS Network Dental Office. I mean, c'mon. That's pretty awesome.)\n\nArmed with my new insurance, I went in for an evaluation and cleaning. Everyone in the office was very friendly, and not at all judgmental when I admitted to the number of sun-rotations since my last check-up. Most impressive however, was the amount of care Dr. Sifri took in not only talking to me like a friend instead of a clueless patient. He listened to my concerns, looked into some information for me, and even helped me find some other care providers for some of my issues. I really felt like he cared to inform me about everything that was going on, what I would need to have done, and why certain options were better than others. In short, I feel like he went above and beyond what I generally expect from most health care providers.\n\nAs a result of my check up and cleaning (which was done by one of his very friendly assistants!) I learned I had a few cavities to fill (sadtimes...) I think they thought I was joking when I said the care I was provided was going to receive a glowing Yelp review, but as you can tell, I wasn't joking. I'm not a fan of needles, nor am I a fan of those Godawful dental drills, but my experience had to be the most relaxing, painless experiences I've ever had in a dentist's chair (I'll spare the world my history, but I've had my fair share of tooth grindings, extractions, and orthodontics to last 3 lifetimes...)\n\nDr. Sifri was nothing short of amazing with his injection of anesthetic. I actually wondered if anything was happening while I was being injected with the stuff. It didn't hurt one bit. I don't know very much about anesthetic injections, so I can't guarantee all injections were made the same, but Dr. Sifri is really good at making it not hurt. My filling went smoothly, and they even got me out 30 minutes earlier than what I expected.\n\nI even got a phone call the following day to check in, to see if I was doing alright. I liked that touch.\n\nIf you're looking for a compassionate, patient-centered dentist, (not to mention a dentist who invests in his community-- very important!) look no further than Smart Dental. Dr. Sifri and his staff are wonderful!","useful":3,"user_id":"wJ5pikmwleXDLhTT_ZaQyQ"}
{"business_id":"KUaaFFQ5ClCc2EJAHP7ZRQ","cool":0,"date":"2014-07-17","funny":0,"review_id":"8Lhv9zpxTd9qhcDpNAYq1Q","stars":2,"text":"I decided to first go to Smart Dental because they had advertised in a Madison LGBT magazine and I feel more comfortable going to LGBT-friendly establishments. Initially I was impressed with the service at Smart Dental and the kindness shown by Dr. Sifri. However, I started to notice how anxious they were for me to get expensive treatment; the staff up front, especially Anamika, seemed persistent in trying to get me to schedule appointments to get these costly procedures done. I later found out though that some of them were unnecessary by my current dentist. However, this surprisingly wasn't what made me find another dentist. The front staff requested that I apply for a Care Credit card in the amount of $8000 so that I could cover their fees. As a student I feel asking me to get a credit card to pay for their recommended treatment seemed absurd. Secondly, they had overcharged me on something that I had to later inquire about in order to get a refund. Some dental practices appear to be looking to make more money off of their patients and, in my honest opinion, I feel this is one of them.","useful":1,"user_id":"onC-cRyfbfuCwVVO-9YKdg"}
{"business_id":"KUaaFFQ5ClCc2EJAHP7ZRQ","cool":0,"date":"2012-12-10","funny":0,"review_id":"Gjapk_UrwgBXhR1Thqd1Dg","stars":5,"text":"Dr. Sifri, Anamika, and any other staff I've come into contact with at Smart Dental are *amazing*. Like many people, I am not a big fan of the dentist. I went to Smart Dental based on good Yelp reviews (I wish Madison used Yelp more for dentists, doctors, etc.) and I was so satisfied with my experience. I've now recommended this clinic to several family members, and everyone loves them!\nDr. Sifri recommended a good doctor for my wisdom tooth removal as well.\nNo complaints! Very happy I found this dentist in Madison.","useful":4,"user_id":"cmmYFJa0bD2FZmlpLGBBog"}
