{"business_id":"kvPIsMrH5aQ0JtLDZdcSRw","cool":0,"date":"2015-02-19","funny":0,"review_id":"N6f3hVtIztr37kdFyj7vjw","stars":5,"text":"The massage you receive at Traditional Chinese Massage with Liang Jun is like no other you would ever receive.\n\nI went for ailments I have been dealing with for a number of years.  Three massage sessions with Liang Jun and I am back to normal.\n\nLiang Jun is very thorough and puts \"all she's got\" into her massages.\n\nHighly recommended!","useful":0,"user_id":"RYKo8aBP3H8Nbo23Sz8rPg"}
{"business_id":"kvPIsMrH5aQ0JtLDZdcSRw","cool":0,"date":"2015-01-16","funny":0,"review_id":"utETbbhDam7vqydK9Y_hCg","stars":5,"text":"Very relaxing and more importantly, very effective.   She is a professional healer and I have been to her many times.  I would recommend her any day","useful":0,"user_id":"-RjYePE-oM-XWXeGRYpUDg"}
{"business_id":"kvPIsMrH5aQ0JtLDZdcSRw","cool":1,"date":"2016-04-20","funny":0,"review_id":"HA7xx-nY_tcGOuunqufDAw","stars":5,"text":"With Traditional training her therapeutic style is very focused on increasing the patients health while at the same time the therapy is not overly painful.  She was very careful to let me know that I could tell her if it hurt to much at anytime.  Very good to have this treasure in our community.","useful":0,"user_id":"xkv79NPeZgM__8KkkjIv0g"}
{"business_id":"kvPIsMrH5aQ0JtLDZdcSRw","cool":0,"date":"2016-04-09","funny":0,"review_id":"oU_XQMA8ADMglQIn041UTQ","stars":5,"text":"I received a massage when visiting Wisconsin. This was more than your average massage -- Jun clearly has the healing touch! She was very intuitive about where my body needed work. Will definitely go back for another one the next time I am in Madison.","useful":0,"user_id":"qNuPTh-h3jcjfsRQKVUuWQ"}
{"business_id":"kvPIsMrH5aQ0JtLDZdcSRw","cool":1,"date":"2015-05-19","funny":0,"review_id":"YM_G_i76XEpoIjkGTQ6ilA","stars":5,"text":"Liang Jun (Jween) is a highly skilled, thoughtful, intelligent massage therapist.  Deeply respectful, intuitive and effective in her work.  Counting therapeutic massage as one of the greatest gifts for self or loved one, I highly recommend time in her care. Therapy space is restful, quiet and conducive to total relaxation and healing.  Thank you Liang Jun.  Maureen. Madison","useful":1,"user_id":"S7FCA2wKpcrIkrwGBMQjqQ"}
