{"business_id":"K2_nGFQkAFoyUPy-pUCl-g","cool":0,"date":"2016-05-01","funny":0,"review_id":"Y7ELaTMe6xT1-I4g5p2OkQ","stars":5,"text":"I just had a second massage with Brianna. Very impressed. The massage really is deep tissue. My back is feeling much better after her work. What's more, she listens. Usually when you get a massage you tell the therapist what you want, and they don't really do it. Brianna, by contrast, works the areas you ask for in just the way you ask and need.","useful":0,"user_id":"CKkxn8jwOwhmCmcHcxylpg"}
{"business_id":"K2_nGFQkAFoyUPy-pUCl-g","cool":0,"date":"2014-01-25","funny":0,"review_id":"ItrwYWk3lKZC6ChJBtB_XA","stars":5,"text":"The owner, Megan, is truly an amazing massage therapist.  I've had many professional massages, this was, by far, the best.  I had a prenatal massage as I'm eight months along and look forward to going again when I begin long distance running again.","useful":0,"user_id":"dN3ZRZwXfhJH2iVBfjmpIQ"}
{"business_id":"K2_nGFQkAFoyUPy-pUCl-g","cool":1,"date":"2013-04-20","funny":0,"review_id":"l2QexK-ol33hRbV-3TzYSw","stars":5,"text":"I have had massages all over the world and most of them in Dane County. While many places offer the \"fluff\" of typical spas and salons, few of them actually have talented therapists. I went online to Peak Performance Massage to book a massage in hopes of finding something next day because I was having horrible neck pain on Thursday night. Thankfully I was able to get in on Friday morning with Jessie. I arrived to the location and it's inside an office type building-very clean and nice. I checked in and began filling out paperwork and Jessie took me I to a large room where I would be having my massage. She asked me questions and we began the massage. As I said earlier, I've had countless massages and this was hands down the best massage I have ever had. Her talent far exceeds any other therapist I or anyone I know has ever had. She has vast knowledge of the human body and paid attention to all of my problem areas. After my massage the informed me that new clients get $10 off their first appointment!  What a great surprise!  She also told me about their membership program and referral program. I can't wait to see Jessie again, she truly worked miracles on my back and neck!","useful":0,"user_id":"TJLvxhVVjmMUIMrmI52ecg"}
{"business_id":"K2_nGFQkAFoyUPy-pUCl-g","cool":0,"date":"2017-06-17","funny":0,"review_id":"t1inZMbuSUlcviK2mGo-jw","stars":5,"text":"Jennifer is the best massage therapist I've ever had! Just go here, you won't regret it","useful":0,"user_id":"5BjVhO4WD_k-mOsXkxBkgA"}
