{"business_id":"L7aIt69YmlMYy-uPZppMeQ","cool":0,"date":"2011-03-02","funny":1,"review_id":"0DI1vUzQeKwyNzSG_VlhSw","stars":5,"text":"Few dentist offices are as professional and kind as Byce and Worman.  I bought a Groupon for them and was so pleased with everything, including their location.  The office building is clearly new, and full of sunlight.  The staff was warm and efficient for my first cleaning.  Bonus; they use a sonic device to remove most plaque instead of the old school scraping device that still haunts my nightmares.  On my second visit, fillings for a few cavities, Dr. Byce was thorough, professional, and really cared about my comfort.\nFinally, as a new client of their's, I was given 2, $50 gift cards for friends to spread the word.  When a card is used, I also receive a $50 credit on my account.","useful":1,"user_id":"Hf0FsOYn2m38U4EAFPtOjA"}
{"business_id":"L7aIt69YmlMYy-uPZppMeQ","cool":1,"date":"2016-04-07","funny":0,"review_id":"wKmmFHYp0wTJ8iZigCDGQA","stars":5,"text":"I was quite happy with my dentist.  Well, mostly with my hygienist, but my wife and kids were all seeing Byce & Worman, so I thought I'd move over with them.  They are all happy there, and it made sense to try.\n\nMy first experience was a basic cleaning.  Tiffany was gentle, but efficient.  Dr. Worman came in and looked at a few things and we had a talk.  I had been experiencing sensitivity in one area.  My previous dentist tried some things, but mostly based around sensitive toothpaste and a sealant during each cleaning.  They always tried to get me to replace silver fillings as a maintenance task.  Dr. Worman looked at that area and noticed a large cavity behind a filling - it probably had been there a while.  It was close to the nerve, which would explain my issues.  He said I was looking at a root canal and crown (since the tooth was mostly silver filling).  While not excited about the fix, I was glad he took the time to listen to my concerns and then address the issue head on.  On top of all that, they were most concerned about my wallet - they wanted to make they used my coverage to MY benefit, possibly deferring some work until next year if coverage wasn't optimal.  It worked out that I could have it all done with max coverage NOW, so that was great.  But the fact they cared enough to look into that - that was impressive.\n\nYesterday was my root canal and crown prep appointment.  Now, I'm not a good patient at the dentist, but I will grip down and get through it like a good little soldier.  I have to say there were no issues at all.  Heck, I never even felt the anesthetic shot he gave me - I felt him put the topical numbing agent on, but that was it.  Huh.  Then, he commenced with the various drilling and prodding that goes along with those procedures.  I never had a root canal before, but I kinda knew when he was doing it (based on him doing things I had never seen/experienced before).  No pain, no discomfort.  In hindsight, my wife informed me that he's THE guy for root canals - the \"Michael Jordan of root canals\", if you will.  He moved on to the crown prep - more drilling and shaving, and no pain or discomfort.  Before long I was out of there with a handful of ibuprofen and a \"have a nice day\".\n\nToday, still no pain.  Not even soreness.  Seems strange. I've literally had worse experiences with basic fillings (at other dentists).\n\nThe staff at Byce & Worman are excellent.  Bobbi at the front desk is so personable and caring.  Dr. Worman is my kind of guy - we share a taste in music and can talk about golf.","useful":3,"user_id":"4zTUqzgK7MMycdrhNDKIBQ"}
{"business_id":"L7aIt69YmlMYy-uPZppMeQ","cool":0,"date":"2015-02-03","funny":0,"review_id":"MviPBWpmqc4D46DHSxMT8w","stars":5,"text":"I went here after extensive research.  I had a horrible experience at DHA in Fitchburg with a filling.  The technician was very friendly and explained everything she was doing and seeing.  She cleaned my teeth quickly and efficiently (DHA took 2 hours).  Dr. Worman did my consult and he was friendly and explained everything clearly.  I had a horrible filling at DHA and explained to him my experienced.  I needed more fillings so he came up with a plan to ensure that I had a good experience and was very empathetic to what I had been through.  I had my first of 3 fillings (the appointments are broken up to ensure everything goes smoothly with pain control), it went wonderfully!  He did have to do an extra block on top of the normal blocks once he started drilling but once that were complete, I felt nothing (at DHA I had to go through the whole filling, feeling everything). He was quick and friendly, my next filling will definitely be less stressful.  He suggested  bringing my headphones (great idea), they also had a tv right above me, a massage chair, I took a sedative ahead of time and had Nitrous on hand in case I needed it.  \n\nThe entire staff is very friendly.  They had my insurance breakdown within minutes (took DHA months to figure it out despite it being a very common plan).  I would highly recommend them, especially if you've had a bad experience before.","useful":0,"user_id":"bH34SOUGpDZ0U-ltxhlnvg"}
{"business_id":"L7aIt69YmlMYy-uPZppMeQ","cool":0,"date":"2014-05-24","funny":0,"review_id":"GoXmWiZjeApdHiBcbg3NQQ","stars":1,"text":"I was not pleased with the service I got here. I went to Bye and Worman about two years ago having then just purchased a Groupon online. While the staff were nice and the building was very new, I felt like they were a little pushy about retaining my business with them despite having already told them I had no dental insurance and wasn't planning on coming back right away. After my cleaning I was told I had five cavities. Not having the money to spend on my teeth at the time I waited to have those cavities filled. Once I was back on dental insurance I went to a new dentist, Dental Associates, to do a cleaning and have those \"cavities\" looked at. There I was informed I had no cavities and to come back six months later for a cleaning. DO NOT COME HERE! They will tell you you need costly work done when perhaps you do not. Ask your friends and co-workers for recommendations. That is how I found a dentist that I am truly happy with.","useful":0,"user_id":"hPJpzRL4MeFWX7UG32aJHA"}
{"business_id":"L7aIt69YmlMYy-uPZppMeQ","cool":0,"date":"2015-06-22","funny":0,"review_id":"J7f-l1y6JBUfMWzqOzG-OQ","stars":5,"text":"I went here after extensive research. I had a horrible experience at DHA in Fitchburg with a filling. The technician was very friendly and explained everything she was doing and seeing. She cleaned my teeth quickly and efficiently (DHA took 2 hours). \n\nDr. Worman did my consult and he was friendly and explained everything clearly. I had a horrible filling at DHA and explained to him my experience. I needed more fillings so he came up with a plan to ensure that I had a good experience and was very empathetic to what I had been through. I had three fillings and a crown, it went wonderfully! He did have to do an extra block on top of the normal blocks once he started drilling but once that were complete, I felt nothing (at DHA I had to go through the whole filling, feeling everything).  He suggested bringing my headphones (great idea), they also had a tv right above me, a massage chair, I took a sedative ahead of time and had Nitrous on hand in case I needed it (I did).   The entire staff is very friendly. They had my insurance breakdown within minutes (took DHA months to figure it out despite it being a very common plan). I would highly recommend them, especially if you've had a bad experience before.","useful":1,"user_id":"PNg91G5b5Ueg_Br0IbtIag"}
{"business_id":"L7aIt69YmlMYy-uPZppMeQ","cool":0,"date":"2013-04-15","funny":0,"review_id":"_DC8SSdVgo977oe_cy91fw","stars":4,"text":"I feel kind of weird reviewing a dentist, but I like this place. All of the staff are really nice and good at what they do. Each exam room has massaging dentist chairs so you can relax when they're doing work on your teeth and they have a bunch of nifty gadgets. I came here for some chipped teeth and they used this laser thing to prepare the surfaces. Also they have this neat cleaning thing (I think it's called a waterpik or something) that agitates the plaque buildup off your teeth. Pretty cool. Also I think their pricing is reasonable, especially compared to my old dentist in Minnesota.","useful":0,"user_id":"gJqA7_K6ORYVgLohUD6tnA"}
{"business_id":"L7aIt69YmlMYy-uPZppMeQ","cool":0,"date":"2014-03-20","funny":1,"review_id":"Y-c04Yx_pVcjLwtpH3fpeQ","stars":5,"text":"Dr Byce has treated my TMJ issues for many years.  He and his staff are wonderful and always friendly.  I would highly recommend everyine there!","useful":1,"user_id":"8NHXGckJhRidsbsub37hQQ"}
