{"business_id":"Llw0CycHRWkw71Ihe4kD6g","cool":1,"date":"2016-07-07","funny":0,"review_id":"ovC37OYMaSD4Du9y7FFuzA","stars":5,"text":"I give Associated Dentists and Dr. Russ Grimm an unqualified endorsement.  I feel confident that I receive high quality dental care, incredibly reasonable advice and a fair cost.  Dr. Grimm always provides prudent guidance, and I never feel like I am being pushed towards an outcome focused on generating revenue.  Rather, its about being practical and helpful.  I come from a family with many in the health care profession, and based on all my experience, I know Dr. Grimm and his staff do it right.","useful":0,"user_id":"vDvjF9-zKJuYRDqGPjtfeg"}
{"business_id":"Llw0CycHRWkw71Ihe4kD6g","cool":1,"date":"2016-05-31","funny":0,"review_id":"LEwARvsDdPO8D1pUQSmDNQ","stars":5,"text":"Have no fear, Associated Dentists employ a staff of friendly and caring staff. \n\nIf you're new to the city or just looking for a change then Dr. Grimm and his team are a great place to start anew. Been a patient for a year and they're thorough and responsive. Plus the space is very hygienic and modern with new equipment throughout, which should help calm any lingering nerves. Plus they have TV monitors above every dental chair so you can \"tune out\" anything going on in your mouth.","useful":5,"user_id":"sW-CNHEKz3Qy1L8c1EkaOA"}
{"business_id":"Llw0CycHRWkw71Ihe4kD6g","cool":1,"date":"2017-01-30","funny":0,"review_id":"D6FklhXWkS94bVUpB2UWwg","stars":5,"text":"I have been very pleased with this location and Dr. Brittany Bowen. The facility is very modern and clean and the hygienists are gentle and efficient. Dr. Bowen has never tried to sell me unnecessary procedures or products, which I truly appreciate! It's an easy location to get to and parking is hassle free.","useful":0,"user_id":"RfZ9B2jmfUuqLK6T9f8KwQ"}
{"business_id":"Llw0CycHRWkw71Ihe4kD6g","cool":0,"date":"2017-02-28","funny":0,"review_id":"UUmAvZ998QUoNTNs5rnm6g","stars":5,"text":"I wish there was a stronger way to convey how utterly impressed I was/am with this practice.  To start, the facility is modern, clean, attractive, and well organized.  More importantly, every member of the staff I encountered was fantastic (from administrative assistants (both reception and insurance), to dental hygienists / assistants, to the dentist).  Each was professional, competent, and helpful in their respective roles and importantly, very warm, friendly, and kind.  The experience was so pleasant for me that I felt compelled to share this.  \n\nHistorically, I have had trepidation regarding visiting the dentist.... Also, I don't often have time to write thoughtful reviews (for businesses that I enjoyed or disliked - terrible Yelper, I know).  The care I received from Associated Dentists was so excellent that both of those \"issues\" have been overcome!\n\nTo Associated Dentists -- thank you for the excellent service and welcome.  Truly well done.","useful":0,"user_id":"rB7wMi0Z0JFaX7OvD5-KNA"}
