{"business_id":"L8hnXpovlb6oCM4K0pcq2w","cool":0,"date":"2015-08-22","funny":1,"review_id":"twoGGy4QZJJpPzd96iCOpA","stars":2,"text":"Hmmmm. Not sure about this one. The massage itself was probably about a 3 but the setting was a 1. I awoke this morning with a terrible crick in my neck and not wanting to spend all weekend without being able to turn my head in pain, I turned to good ole yelp for help. The first few places I called were all booked up :( I found this place under the listing for Ocean Spa in the mall. They apparently have opened a new location. It's tucked away in the corner a few doors down from Planet Fitness (and the same strip mall that has Pier One at the far end). \n\nUpon walking in, I almost walked back out. No frills you may ask? Uh no. Not even close. This is the opposite of frills. And the first impression was only the start. You sign in on a clipboard and choose strength, body region and time. Prices and options are listed on a board nearby. I picked medium, neck and shoulders, and 30 minutes for $30. \n\nI was immediately taken to a nearby cubicle type space and was offered to put my purse in a laundry basket. No joke. The lines had a few rust stains and I hesitated for a second, but I was desperate to get some relief. So I laid down-you stay in your clothes. He focussed right into my trouble spot and also somehow manage to squeeze in a full body massage of sorts into 30 minutes. You can tell the Eastern approach as he often worked along Meridian lines. During the massage I could over hear other employees chatting as well as what I think was a washing machine. My massage therapist also left twice during my massage when he heard the door chime that someone had entered. Um, okay. He was good at what he did and used a few different techniques then suddenly just said \"done.\"\n\nWhile checking out I was given a small water bottle and a punchcard with which you can earn a free 20 minute massage. I'm not sure I'll be back but he did get me the relief I so badly needed this morning!","useful":0,"user_id":"XmUoErm8KkfP_ti71nXgAg"}
{"business_id":"L8hnXpovlb6oCM4K0pcq2w","cool":1,"date":"2017-06-21","funny":0,"review_id":"O-xzvQTDrD38r3wRSZH0nA","stars":4,"text":"This is my go to spot for a no fuss body massage. Yes, there is a language barrier but for the price and relative privacy (cubicle walls), I'm perfectly happy to spend my money here rather than the mall or a very pricey spa/massage salon.","useful":0,"user_id":"P0Vh81JIaCfMCsjrXG2eIQ"}
{"business_id":"L8hnXpovlb6oCM4K0pcq2w","cool":0,"date":"2016-07-07","funny":0,"review_id":"HRf7_KZun1Ifox2af5W4Gw","stars":3,"text":"The massages by the men are great, but the women are not. And they all barely speak English. So explain what you're looking for thoroughly before they start so you're on the \"same page\".","useful":0,"user_id":"LM_N6Htj2nNdEcYYR0bdzA"}
{"business_id":"L8hnXpovlb6oCM4K0pcq2w","cool":1,"date":"2016-11-01","funny":0,"review_id":"In06UrLwZYAmceL_T0yfOw","stars":4,"text":"Had a fantastic chair massage with Kevin. It's true, they don't speak english, but for the price it's just like getting your nails done....you hope for the best.","useful":0,"user_id":"qYmqHWCFBjYXpOMrb-Spgg"}
