{"business_id":"lY5fZho4VgV3q1s8z44tcA","cool":0,"date":"2013-06-21","funny":0,"review_id":"oOpJCQT85tPQnd8HqeBcJg","stars":4,"text":"I have been seeing Dr. Rodriguez for about a year now. He is pretty thorough and courteous.","useful":0,"user_id":"XmLhlyPKyH11dy0rMNhImw"}
{"business_id":"lY5fZho4VgV3q1s8z44tcA","cool":0,"date":"2013-06-19","funny":0,"review_id":"JKia4h7ZZHgSIwVJDaEQfA","stars":5,"text":"My wife and I have benefited from their service for years.  We return on a routine schedule rather than wait for back problems to occur.  I prefer the hard physical approach of Dr. Rodrrguez.  My wife prefers the more gentle techniques of Dr. McNabb. We have also found them to be very flexible and helpful on schedules if needed in an emergency relating to back issues.  Great group of staff too.  I look forward to going there and I feel even better when I leave.  I can't lose!","useful":1,"user_id":"GuwIbllfeXg9v6AVxYeK5A"}
{"business_id":"lY5fZho4VgV3q1s8z44tcA","cool":0,"date":"2010-04-30","funny":0,"review_id":"J_hSrQ_eEFXUUaUgEn9g5A","stars":5,"text":"I started going here last year because my graduate student lifestyle had left me unable to move my neck more than about 20 degrees to the left.  My health insurance is through Unity, and covers chiropractic visits for a documented problem.  I had previously gone to Leudtke-Storm a few years back, and stopped going because I didn't feel like they were helping that much.\n\nThis place, however, is GREAT.  All the doctors are good (I've seen 3 of the 4 who practice there, I believe).  It took about 8 months of increasingly interspersed visits, all covered by insurance, but I feel a million times better--and I can actually touch my left ear to my shoulder again, too.  I am now paying out of pocket for some regular maintenance, since my insurance doesn't cover it; the visits are reasonably priced and there's a discount for paying at time of service.\n\nAlso, I really appreciate that the doctors there are socially responsible and involved in the community.  One of them regularly participates in charity chiropractic clinics for low-income people; another one donated $50 to a charity run/walk that I participate in every year after I mentioned it during a visit (we were working on my hip to make sure I was in good running shape).\n\nFinally, they are great about scheduling very promptly, moving appointments around, and reminding you about upcoming appointments.  It's super easy to get in.","useful":1,"user_id":"aArP4vt3_7ylIRwovEuiVg"}
{"business_id":"lY5fZho4VgV3q1s8z44tcA","cool":0,"date":"2016-09-22","funny":0,"review_id":"ltwDC1FDEYZMxsIllc9EGg","stars":5,"text":"Some months ago I noticed a significant amount of pain and numbness in my upper and middle back caused by repetitive motions at work. I spent five months in treatment in physical therapy, occupational medicine, and sports medicine. I was given a posture brace and exercises, but still experienced a significant amount of pain nearly every day. I finally got fed up, ripped the brace off, and called Madison Chiropractic. They got me in the next morning. \n\nLet me tell you... my mind is blown. After the first visit, I felt like I could move in ways I haven't moved since I was a kid. I felt a little sore, but the original pain was much less significant than before. The next day, Dr. Royster had me come in again, adjusted me further, and I did not feel an ounce of pain the rest of the day at work. I could do everything I could do when I first started my job, not only without pain, but with a much further range I had in the first place. \n\nIt's not just the results that matter. Dr. Royster is incredibly knowledgable, and he wants to share his knowledge with you in a way you will understand. I had to watch a few videos before my visits, and they were educational and helped me get a grasp on how connected one problem is to another. He also gave me some diagrams and literature and used them to explain my specific problems and the plan to keep me from relapsing. THIS is what a doctor should be. \n\nThe truth is that you will have to see the chiropractor multiple times, but it's worth it, and for the type of care I'm receiving, I don't dread it at all.","useful":1,"user_id":"NWHqzmN51_-2pU2zY5SRvw"}
{"business_id":"lY5fZho4VgV3q1s8z44tcA","cool":0,"date":"2011-09-16","funny":0,"review_id":"LP-SDaXeDwXmFRU7f6D5vQ","stars":5,"text":"the best service, great results , easy scheduling and rescheduling, great massage therapist attached to the building.","useful":0,"user_id":"ARz0MCQbD-oDdtHw8EWQLQ"}
{"business_id":"lY5fZho4VgV3q1s8z44tcA","cool":0,"date":"2010-03-11","funny":0,"review_id":"vTdV0s7INot_jfbPZsufVg","stars":5,"text":"I have received a high level of care from Dr. Rodriguez and recommend him to my family. The office staff and other doctors are nice as well. My back is healthier than I ever remember.","useful":1,"user_id":"eQomribxOiNjN_zovXEh1Q"}
