{"business_id":"mqnCX2fst5uQRH9IsM_ojw","cool":0,"date":"2016-08-05","funny":0,"review_id":"e5ihYCsog5uqI-yzoZJszw","stars":1,"text":"I was seen by Dr Schwartzstein in urgent care. His level of incompetence is literally terrifying. I \nhad an infection in my tooth that occurred over the weekend so urgent care was my only option. The infection was so obvious I couldn't believe it when he said he remained unconvinced one existed at all. Really?! So it's normal for a persons gum line to swell over the tooth then?? I understand your not a dentist. I also understand infection is infection and an urgent care doc should recognize the signs. Regardless I would have settled for him not talking to me like a 5 year old...","useful":0,"user_id":"w7xmdEQ9a1mWJwZDtsMBcw"}
{"business_id":"mqnCX2fst5uQRH9IsM_ojw","cool":2,"date":"2014-11-05","funny":0,"review_id":"NmaKGXRtRct0e_cM4fZQCg","stars":1,"text":"I'm not sure why this location is labeled Dean West as it is on the East side off of Stoughton Rd. Anyways, I'm writing a review for the Stoughton Rd. clinic.  I went in to the urgent care as I was having severe ear pain.  I had a tube put in my ear about a year prior by an ENT in effort to help side effects of a condition I have.  The urgent care doctor came in the room, looked in to my ear for about 10 seconds and said that he didn't see anything wrong and that he didn't know why I had pain, and to take Ibuprofen and sent me on my way. I was educating him on the condition I had, and he was doubting me and telling me that I had my information \"wrong\". I was very insulted. I don't expect general doctors to know specialized conditions in the human body, but DON'T question my knowledge about a condition that I have!  What a waste of a co-payment.\nI then called my ENT reporting the severe pain they had me come in the same day and found that the tube was no longer in my ear drum, was lodged in the canal and was pretty swollen/inflamed which was obviously causing my pain.\nI sent a letter to the Dean Clinic expressing my disgust with the service that I received, and felt that it wasn't right for them to charge my insurance as I didn't get the service that I deserved. They wrote back and said they were going to \"waive\" my co-pay for that day, but then they never did.  If I have another urgent need - I will not be seeking out the clinic on the east side, could probably diagnose myself better on my own by searching the internet!","useful":8,"user_id":"QEkgYrrUEPJJbiUCLqf0fg"}
{"business_id":"mqnCX2fst5uQRH9IsM_ojw","cool":0,"date":"2015-07-14","funny":0,"review_id":"-n6t_ZUn2dnReRqBB3xEmw","stars":1,"text":"HORRIBLE!!! - **PLEASE READ THE FIRST ONE AT LEAST** 2 incredibly bad things happened to me at this location. I just moved to Madison 2 weeks earlier from Long Island, and needed a new doctor:\n\n1***THIS IS A HUGE CONCERN*** I had a family medicine doctor nonchalantly increase my thyroid medication from 112 to 150mg in 2 weeks back in January 2012(I have been on 112 since the age of 11, so at that point, 10 years). I went from an underactive thyroid to a SEVERELY overactive thyroid. Google side effects of over medicating hypothyroidism, and you'll understand. I woke up every single night in a full blown panic attack, I lost 35lbs in 7 months by over eating, I couldn't keep on the weight, my heart was racing all of the time (I naturally have a low heart rate and blood pressure), I had incredible temper tantrums, I was depressed and cried all the time over nothing. I found a real doctor who said she was outraged by this & couldn't believe how careless this doctor was. It's 3 years later and I still suffer from a fear of having a panic attack in the middle of the night. I am terrified & anxious to go to sleep every single night, I have horrible anxiety ticks that stuck around after dealing with them for 14 months (now they're habits). I am NOW (3 yrs later) just getting my thyroid back to normal and leveled out. THIS EVENT HAS RUINED MY LIFE!!!  \n\n2. A nurse accused me of being a \"drug addict\" because I called to get a 3 month prescription of synthroid (a non addictive thyroid medication), and they only gave me 1 month. Later the head nurse said this rude nurse never printed them out, so it was her fault. Never received an apology for such an outrageous accusation. \n\nI WILL NEVER EVER STEP FOOT INTO THIS CLINIC AGAIN. DEAN COLLEAGUES AT OTHER LOCATIONS WERE SO EMBARRASSED AND OUTRAGED BY THEIR EAST CLINIC COLLEAGUES.","useful":1,"user_id":"d1tGhiqzWd3UJsqlNUWQpQ"}
{"business_id":"mqnCX2fst5uQRH9IsM_ojw","cool":0,"date":"2017-04-30","funny":0,"review_id":"nU8Qj5NaUzrXycAMsVRi9w","stars":1,"text":"I hate doctors. Lets be honest. I don't go unless I'm dying or because I have to for work.\n\nEarlier last year, I went in for what I told them was a yearly physical. This was coded as establishing patient visit instead, so instead of being free (thanks Affordable health care act!) it was 160 bucks. To literally be weighed, tell her my family history, and tell the nurse practitioner I needed to lose weight. Whatever, I paid it because I needed it for work.\n\nI went back earlier this month cause I woke up and immediately knew I had pink eye. I went back to the same doctor, literally said, I have pink eye and she agreed and I was on my way in 10 minutes flat with a rx for antibiotics. My bill? 172. First, turns out, the clinic is not in network with my insurance. That's totally my bad as I forgot we changed insurance in October, and I previously worked in health insurance and I should have known better. Still, 180 dollars, what they billed my insurance, for me to SELF DIAGNOSE PINK EYE is high way robbery. I'm going to try and fight the bill, and although I won't win, I plan to tell them I was there for LITERALLY ten minutes, and I self diagnosed myself so 172 is literally a crime. \n\nEven if they weren't out of network, I would still find another doctor because the level of \"care\" is appalling and the prices are deplorable.","useful":0,"user_id":"t_prCflpb3ihKzX5SjzfaQ"}
