{"business_id":"Muvwt84VKxJtcCAfhyB0jQ","cool":0,"date":"2012-09-19","funny":0,"review_id":"2IVxupCWrJr_7c0WO8ltkQ","stars":5,"text":"I hate going to the dentist. Abhor it. But after 4+ years of avoiding going, it was time to bite the bullet.\n\nGlad I ended up at Maple Grove Dental. Instead of taking shortcuts with painful equipment, my hygienist cleaned by teeth gently by hand. The dentist himself was extremely nice and gentle.\n\nIf I had known going to the dentist could be this painless, I would have gone years ago.","useful":0,"user_id":"yVGumqztm72dn4FpUdVeDA"}
{"business_id":"Muvwt84VKxJtcCAfhyB0jQ","cool":0,"date":"2013-06-27","funny":0,"review_id":"xKq5oWgGNg9QEaOpoFI9jw","stars":5,"text":"I've you've been remiss in visits or flossing, MG Dental does not shame you. Instead, they encourage to make better habits.  Great for kids, too. They encouraged me to bring my daughter in to watch my appointment so it would be so strange when she was ready for her first appointment.   The hygienist I see, Stacey, is always great.","useful":0,"user_id":"WGISvyfNRZshhEgH857VlQ"}
{"business_id":"Muvwt84VKxJtcCAfhyB0jQ","cool":0,"date":"2016-08-29","funny":0,"review_id":"_WtiiOG9cHR_lvykA6SP5Q","stars":5,"text":"This office is great! From the minute I walk through the door I'm met with friendly faces and good conversation. \nMost importantly, Dr. Tauschek is fantastic. After seeing him for years I moved out of state. After seeing other dentists I thought I had become almost impossible to numb. Three different dentists couldn't fully numb me which resulted in some painful procedures and anxiety at the thought of going in even for a cleaning. \nThankfully my family recently moved back to Madison and just in time. I had a loose filling and immediately knew who to call. I was seen by Dr. Tauschek within a couple of days for an evaluation. I discussed with him my numbing issues and he spent a couple of days doing research to be sure it would be a painless process for me. I came in a few days later and he was able to numb me effortlessly and had me in and out within the hour. I would recommend this place to anyone looking for an honest, friendly and all around great dental practice. I'm happy to be back! Thanks again.","useful":0,"user_id":"HekQ28E5fUnfPUoCmOFGhw"}
