{"business_id":"MO3gZFIGJi6FvWbenoPbiA","cool":0,"date":"2013-08-24","funny":0,"review_id":"6G1ufk0kbwmjTvQU3ujStQ","stars":5,"text":"As a former Student of the East-West Healing Arts Massage School I can give first-hand account of the quality of instruction and clinical care in the school, professional massage clinic and Dr. Zhou's acupuncture clinic.  Dr. Zhou brings decades of knowledge and experience to his practice and is the most successful and well-respected Doctor of Oriental medicine in the Madison area. \nIn the massage school Dr. Zhou has created an environment that successfully integrates traditional eastern theory and massage with the best of western massage technique and functional anatomy training.  This produces well rounded therapeutic massage therapists who are unrivaled as new graduates.  \nWhile most of Dr. Zhou's students go on to successful massage practice, a number of his students have developed a deep passion for learning the healing arts and choose to seek further education.  I was recently accepted into Physical Therapy school I plan to practice as an Orthopedic Manual Therapy specialist.  I know that the skills I have developed at East-West will be invaluable to me throughout my career.  \nFor anyone looking for a massage, an acupuncture consultation or information regarding massage as a career I would recommend you call the East-West Healing Arts Center.","useful":0,"user_id":"ILACZoKwjdDDdxNPZ8XX-g"}
{"business_id":"MO3gZFIGJi6FvWbenoPbiA","cool":0,"date":"2013-06-03","funny":0,"review_id":"KeI47gCpvVi9GK4_qzVwxA","stars":1,"text":"I would give this place 0 stars if I could. My family planned a surprise 30th birthday party for me. As part of that surprise, to get me out of the house, my mom booked foot reflexology treatments for us here. When she booked the appointments, she spoke to the owner, Dr. Zhou and emphasized the 30th birthday and surprise party. When we arrived, the \"supervisor\" was clueless. They had nothing on the books for us and the only person who could do the reflexology lives in Milwaukee. The owner was called and admitted he \"screwed up\" and forgot about the appointments.  There was no one there who could provide any treatments for us. The owner offered us nothing by way of free treatments at a later date. Thankfully my mom is quick on her feet and suggested we go to a bar to kill time while the rest of my family set up the party. The surprise was almost ruined by these horrible business people. I will never go back and try the reflexology due to the way this was handled.","useful":2,"user_id":"xm9v2NJ6rjI915t7aMiVBw"}
{"business_id":"MO3gZFIGJi6FvWbenoPbiA","cool":0,"date":"2010-07-20","funny":2,"review_id":"lFSUPK233d6FQwBoj_SrGg","stars":5,"text":"Want an awesome massage for a very low price then here you go. You get a whole whopping HOUR for 30 bucks I mean come on. Your boyfriend does not do this so go pay them hahahaha...\nI like the small of the herbs here when you walk in and everyone is really nice and super nice it is a super clean place and you feel very relaxed. I have gone here a few times and I feel very relaxed nice music... a very nice environment. I like going here after work or on the weekends during the day. A lot of students need people to practice on and so can't you help them?? HA","useful":0,"user_id":"tG5s3vgVpHun0unatapjMg"}
{"business_id":"MO3gZFIGJi6FvWbenoPbiA","cool":0,"date":"2011-08-31","funny":0,"review_id":"ksUDDHfu5UXeDIhl5hkppQ","stars":2,"text":"My Dr Zhou is knowledgeable and skilled, but also quite proud and ambitious. His knowledge and skills are too thinly spread. When he was distracted by taking a telephone call during a treatment - with a needle partially inserted and other needles waiting to be inserted - it becomes time to find another doctor.","useful":3,"user_id":"vOV8y29UwnXnIiCRfOwQJg"}
{"business_id":"MO3gZFIGJi6FvWbenoPbiA","cool":0,"date":"2013-06-20","funny":0,"review_id":"icLH4Q_G4GxLjOubk4GR1Q","stars":4,"text":"For cheap massages this is the place. $35 for an hour massage. After getting burned by groupons for massages at places that are then so overbooked you can never get in, I was looking for somewhere to get a more affordable massage. This place fits the bill. They are a massage school just off Odana Rd. As such, know that you'll be having a student perform the massage. When I call to make an appointment, I ask where the students are at in the program. If they are in the last 2 months of it, then they've generally been really good. Because it is a school, it's not the most spa-like or relaxing of place, but it's not bad either. During your massage at some point a teacher will pop in to check in on how things are going and to observe the massage for a few moments. \n\nRecently I pulled a muscle in my glute and had some ridiculously tight hamstrings that were causing a lot of lower back pain. I talked about this with the gal doing my massage beforehand and she was able to focus on those areas and loosen them. up. After the first massage, my left side felt completely better, but my right side was still painful (it was crazy tight). I booked another massage with the same gal a few days later and she was able to loosen everything up enough that I finally felt pain relief. When the instructor came in the room, she was able to demonstrate some additional moves to help with my specific issues. I've been to other massage places where I've asked them to focus on one area, but they still do the whole body thing, like they are set in a routine and can't adjust it to accommodate your specific needs. I've not had that issue at this school. \n\nSometimes scheduling can be a bit off because the whole school is closed for the week. They do have evening hours though which is nice. No water offered after the massage, which I'm used to from other places, so keep a bottle in the car ready for afterwards. If you are looking for a fancy spa day experience, this may not be the place for you. If you are looking to get some kinks worked out at an affordable price, then call them and make an appointment.","useful":3,"user_id":"5ClP4O44_kVWBC7deuE3jw"}
