{"business_id":"NM9bHlBOZV0o8G3s6QN1Lw","cool":2,"date":"2017-04-28","funny":0,"review_id":"Hvov4UezKY-i_pJcuq_JeA","stars":5,"text":"I have been so impressed by madison pediatric dental. My 8 year old comes her for routine work and has always had a good experience.\n\nMoreso, today my toddler had an emergency situation and the staff went above and beyond to help us. I was very distraught and they were so calm and understanding, explaining everything thoroughly and making sure I was comfortable with what was happening. The staff was so sweet with my nervous 2 year old and really made the experience so much easier. I am so thankful for them!","useful":0,"user_id":"5B3OWyJLn9EhUSbHV5l3eQ"}
{"business_id":"NM9bHlBOZV0o8G3s6QN1Lw","cool":1,"date":"2016-12-15","funny":0,"review_id":"n_Y7pi4KKcP8QoE2T-YpNQ","stars":5,"text":"Dr.  Beth was AMAZING!!!!  From the time me and my girls walked into the office I felt welcome!!!!  The staff were equally AMAZING.  Hygienists Miranda and Melissa treated my girls like FAMILY.  This office simply made our day with attention to detail concerning my youngest Twins' extractions and overall dental health!!!!","useful":0,"user_id":"4HoPE3DOot48rNlQi_T4RQ"}
{"business_id":"NM9bHlBOZV0o8G3s6QN1Lw","cool":0,"date":"2008-10-10","funny":0,"review_id":"sJwoTEuA6nRDLrRBafuhRg","stars":5,"text":"I wish these guys had been around in the 70's when I had my early dental experiences. Suffice it to say I was lucky to get a cheap plastic ring for my pain and suffering. My daughter on the other hand gets to watch the latest box office hits in movie theater seating while waiting for her turn with \"Mr Thirsty\". It's obvious the folks at Madison Pediatric Dental not only understand kids, they really like kids. The waiting room is set up like a movie theater with the check in desk styled as a concession stand. On our last visit, I learned that each day of the week is a based on a different color which the entire staff dresses in. The office has an open air design with no walls between the chairs. It has windows running the length of it and each child gets their choice of movies to watch on their own DVD player mounted on the ceiling. There is a nice assortment of stuffed animals for kids to hold if they so choose. There is plenty of space to put jackets, backpacks and purses without having to stash them on the floor. In spite of all the cool extras this place has it is really the staff that shines. I am blown away at how the hygienists can get 3 yr olds to open up wide and get their teeth picked and polished with nary a whimper. When my daughter expressed concern over the mouth vacumn thing that sucks  water out, her hygienist was very patient and found a way to make \"Mr Thirsty\" not so intimidating. Dr. Wilson with his multicolored reading glasses and smiling eyes is instantly likeable by kids and parents alike.  The fun doesn't end until the prize drawer is opened. Each child gets to pick from a cadre of super cool tchotchkes (no cheap rings here) and receives a sticker of their choosing along with toothpaste, toothbrush and dental floss! Kind of makes me wish they served adults.","useful":0,"user_id":"u39AAZAkWChyHivT7iZvXg"}
{"business_id":"NM9bHlBOZV0o8G3s6QN1Lw","cool":0,"date":"2016-08-25","funny":0,"review_id":"rnhbiyRwWOjOvZEup7K6gQ","stars":5,"text":"This was my littles third time trying to accomplish a dental exam and after a few positive recommendations, I thought I'd try Madison Pediatric Dental. I expected screaming and crying like they did at another children's dental office in town and instead there was laughing and a full exam was given to both children. My oldest even sat still for x-rays! Dental Hygienist Miranda, and Dr. Beth knew how to talk to my kids, knew how to avoid triggers and how to incentivize my kids. The whole experience had me and my children smiling as we left. I cannot recommend them enough.","useful":0,"user_id":"SwTAjiLiBs7-gl_lrErFRg"}
{"business_id":"NM9bHlBOZV0o8G3s6QN1Lw","cool":0,"date":"2013-01-28","funny":0,"review_id":"YoFaUj4KcvoDxKAFW8yo7g","stars":5,"text":"I have three kids (ages 10, 7, 3) who have had all their dentistry done here. They've seen Dr. Wilson for the last few years (my oldest had a different dentist who left the practice, Dr. Tony Hernandez if my memory still works at all - and he was fantastic). \n\nSo far it has all been very low-key: cleanings, Xrays, sealants. My middle child has an accessory tooth that might need to be surgically removed and a giant frenulum, but both are being watched. The staff has always been just stellar. The front desk people are very pleasant, the hygienists are awesome, and Dr. Wilson is friendly and never keeps us waiting long. \n\nI also like that the staff wears color-coordinated scrubs, even though if I worked there I'd probably dislike it. \n\nMy oldest has the world's touchiest gag reflex, so bitewing Xrays are no fun. Last time it took three different staffers (all hygienists I think) to hold him down, but they were very professional about it and made sure it was fine with me. \n\nI drive from Sun Prairie to Monona even though we have plenty of dentists who work on kids around here. I would drive even farther for this level of service.","useful":1,"user_id":"MkkdOeZYRm84bUQ4vu6O2A"}
{"business_id":"NM9bHlBOZV0o8G3s6QN1Lw","cool":1,"date":"2017-04-20","funny":0,"review_id":"SWyKiVgjbX9X3Yy3t-CSJA","stars":5,"text":"Wow, where do I start? To start off we adore this place! My son who is now 17 has gone here since he was 4 and my three girls since the start of their dental exam days! My son started off at another dental clinic and to say the least...it didn't last! He was scared to death to have x-rays done. He went to this other clinic...which is geared toward adult patients, twice . The last time we were there the hygienist working with him was visibly annoyed and very...shall I say, rude and very mean to him because he refused x-rays. She told him at one point...which was also the very last thing she ever said to him when I heard how she was speaking to my son,  that he was being stupid and she has 2 year olds that do this (by this, she meant get x rays)better than him! She kept trying to stuff a film in the back of his mouth and he said that he felt like he was choking! Not an unreasonable fear for a little guy! I quickly, swept him up without another word said...which was lucky for her because I wasn't feeling shy about my dislike for her and her nasty treatment and absolute lack compassion for a young man that wanted to be brave...but, was scared, anxious and just wasn't comfortable with what she was doing...with no explanation of what to expect. We left that practice...my son, husband and myself! While telling my sister of my son's awful and traumatic experience, she told me about Madison Pediatric Dental. Her three sons are former patients of Dr. Wilson's and they loved him and his practice! They, at the time were in their 30's and still took their kids to Dr. Wilson. I took my son for the first time... feeling very guarded and protective over him and with not much for expectations for a successful visit. He was a different child! They have such a calming effect and are gentle and was willing to take the time to explain what would happen next so there were no surprises to him. Not only did he sit and let them clean his teeth...but, for the first time...he got his x-rays done, without any fuss or fear! Since that day...never another issue with him and he actually looked forward to going to Dr. Wilson's office! Their treatment of my \"high maintenance\" patient will always be remembered. More so, by him. My girls have always gone to Dr. Wilson. Again, they always look forward to their visits! The office is in a movie theater motif which always starts the visit off right! Fast forward about 13 years...my son is now 17. He got a cleaning this morning. He came home from Dr. Wilson and asked me a question I hadn't thought of...when will I be to old to go to Dr. Wilson. I'm not sure when that will happen but, for now he will appreciate the time he has left at Madison Pediatric Dental! Thank you all for your kindness you all have shown towards my son and girls too. Thank you for realizing  that not all children have the same needs and treating your patients as individuals and not as a 20 min. time slot. Dr. Wilson and his team will forever have a special place in this young man's heart. He learned to trust what was happening and always knew they would take good care of him! I'm positive that someday you will be treating his children!","useful":1,"user_id":"PPewmD0wijytZ2eZQVv8-Q"}
{"business_id":"NM9bHlBOZV0o8G3s6QN1Lw","cool":1,"date":"2017-04-20","funny":0,"review_id":"nKS1EiSBB-UAGCa5-CQV6w","stars":5,"text":"We have 4 children and have been coming here for years. They always take great care of them. The atmosphere is upbeat and positive. If you are unsure if something is covered by insurance they will find out for you.\nThe work they do is first rate. Its not just one person here either. With 4 kids, virtually everyone here has worked on their teeth. Two of them have braces and at least one more will be getting them also. I am more than satisfied with the care they have received here.\nHappy, caring professionals is probably the best way I could describe everyone that works here. From the dentists, dental hygenists, orthodontics, the people in billing who help fix flex spending issues on the spot, the people in scheduling who bend over backwards to accomodate a schedule for 4 kids, apologizing for it taking so long when it really doesn't.\nYou will not find a better place full of good people to take care of your dentistry needs. I am very glad to have them and I hope they never change a thing because perfection is hard to find.\nDavid Thomsen","useful":1,"user_id":"okkig-7gocyXrs-r0e3JvQ"}
{"business_id":"NM9bHlBOZV0o8G3s6QN1Lw","cool":0,"date":"2016-06-29","funny":0,"review_id":"qQdmzzrIzp4hjZzx61ynNg","stars":5,"text":"Thanks Sherry, Madison Pediatric Dental, Dr. Wilson, and Dr. Wenham! They have taken such good care of both of our kids from toddler to teenager, cleanings to orthodonture!","useful":0,"user_id":"unNICgpz1IK_btrzsdSjPQ"}
{"business_id":"NM9bHlBOZV0o8G3s6QN1Lw","cool":1,"date":"2016-10-13","funny":0,"review_id":"WHIPIP7iTuC6EpoVc9mvwQ","stars":5,"text":"AMAZING!  That's how to describe our son's visit to the dentist today.  A bit of a tough time getting him to trust enough to lay down in the chair, but after that, he did wonderful!  The staff were able to clean, floss and even get full x-rays.  I can't say enough about the two dental hygienists that worked on him.  They were so wonderfully patient and even got him to laugh a little.   For anyone who is looking for a pediatric dentist for a child with severe special needs and behavior issues, this is a great place to check out.   Thanks to Dr. Wilson, Carrie and Melissa!","useful":0,"user_id":"Y3pMiLbgVKU1up6Y5rGImQ"}
{"business_id":"NM9bHlBOZV0o8G3s6QN1Lw","cool":0,"date":"2014-12-04","funny":0,"review_id":"ryxcBcS4vPgdaghsGVIy5g","stars":2,"text":"We've been going here for years and have always been very pleased.  But the practice has gotten so big that they are always running late and the appointments take forever (because the dentists are juggling many patients at any one time slot).  Good luck getting an appointment that doesn't involve taking time off work or pulling your kid out of school.  I just called to change an appointment a month in advance and they could not find me an after school appt for FIVE MONTHS (and this is just for a cleaning!)!  I think we'll have to switch to a different practice.","useful":1,"user_id":"PPAKAadwoPpVuHvV9otraA"}
