{"business_id":"n-zlESQPc59T174Mp9cMPQ","cool":0,"date":"2014-08-01","funny":0,"review_id":"vXgCdACmFs_cC38ap5-lcQ","stars":5,"text":"The service is consistent, and Gretchen one of the owners is GREAT! I have never had a problem with haircuts, and always have gotten what I asked for.","useful":0,"user_id":"A0H8uulwlr7zE93XD45MTQ"}
{"business_id":"n-zlESQPc59T174Mp9cMPQ","cool":0,"date":"2017-07-18","funny":0,"review_id":"isvcZ7A7jsoc4Fd4N6Up1A","stars":4,"text":"Rejuvenation Spa is very nice. They feature Aveda products and Aveda stylists. They offer most everything from hair to waxing to massages and mani/pedi's. There is a small spa waiting area that is dim and relaxing. There's also snacks! Water and tea is available and always offered upon check in.\n\nI'm pretty low key when it comes to my beauty needs-a trim every so often, nothing special, just please don't chop my hair off as well as some hair coloring too. They do a nice job. I've had a few different stylists and they have all been great. Why the switch among stylists? Well one kept moving up in levels (the higher the level, the pricier the service) and she just became too pricey for my book. And the other switched her schedule. Again, they've all been great. Everyone is friendly and the prices are what you make them. Looking for something cheaper? Ask for an appointment with new talent or level 1. Have a fancy haircut and need someone with more experience? They have that too. \n\nThey have an excellent VIP package that's an awesome option if you plan to come frequently.  Also, a few times a year they offer bonuses on gift certificates which you can purchase for others or yourself. I've done this a few times where I bought them during the promo and they add them to your account so you can save a bit that way.","useful":1,"user_id":"XmUoErm8KkfP_ti71nXgAg"}
{"business_id":"n-zlESQPc59T174Mp9cMPQ","cool":0,"date":"2016-07-29","funny":0,"review_id":"sBy1bxPAr2YpobB7MA6igQ","stars":5,"text":"I'm a regular. I come for everything: hair cuts, colors, perms, pedicures, massages. This is the spa I recommend to all of my friends and families.  Service is always warm and i always leave feeling refreshed and smelling great.","useful":0,"user_id":"YKHExpz5YH3EVXgPLDP-2g"}
{"business_id":"n-zlESQPc59T174Mp9cMPQ","cool":0,"date":"2013-10-16","funny":0,"review_id":"IAEbcHW6Lmnth3ju4oepSA","stars":5,"text":"I love Rejuvenation. I go to both Rachel and Jeanna for color/cuts and couldn't be happier with either. Definitely recommend. Worth the $$$ for feeling so good when you leave!","useful":0,"user_id":"RAiFUJLF08KfDl-q9qsOyQ"}
{"business_id":"n-zlESQPc59T174Mp9cMPQ","cool":0,"date":"2013-01-05","funny":0,"review_id":"knx0ACpWFC63TcKsBV7GVw","stars":1,"text":"After coordinating with my three friends to celebrate a 40th birthday I called to schedule 3 massages at the same time. First of all, the receptionist did not seem eager to make my appointments. \"I doubt we have that many therapists in that that day\". Luckily, and to my surprise she informed me that they could accommodate us! I hung up and made arrangements for my three friends to travel to Madison for our celebration! To my astonishment, the spa called me back on a later date to cancel. Apparently at Rejuvenation, customers DO NOT come first and they have an \"education\" day booked for the staff. Therefore, my appointments were dumped by the wayside. I've been to many spas in my day, and have NEVER treated like this. I wish I could use a multimedia presentation and post the voicemail message she left me for you all to hear. I WILL not be visiting this spa again.","useful":0,"user_id":"bUaIfawN9lEmm24iOedtdA"}
{"business_id":"n-zlESQPc59T174Mp9cMPQ","cool":0,"date":"2015-03-06","funny":0,"review_id":"asZR079gKVIUVBQ1tySdNQ","stars":5,"text":"Had a great experience at Rejuvenation Spa! The first time i went, great service, staff is very friendly, lots of products. I got a cut and highlights. I said just a trim and thats just what they did! The color of my highlights matched perfectly. The next day, after styling my hair myself i realized it wasn't exactly how i wanted it ( it needed to be more blonde) i called the salon, and they got me in very quickly to fix it! Now my hair is perfect, will be going back again!","useful":1,"user_id":"BnV_5c52nUrWsuogkHeeLg"}
{"business_id":"n-zlESQPc59T174Mp9cMPQ","cool":1,"date":"2014-01-02","funny":0,"review_id":"C8FxsB0J7n-iNqOQiMj74w","stars":5,"text":"Great facials. Probably the best I've had. I avoid massages here but definitely get facials.","useful":0,"user_id":"QdmkwjRyO5b0r2-jibbmTw"}
{"business_id":"n-zlESQPc59T174Mp9cMPQ","cool":1,"date":"2016-07-25","funny":0,"review_id":"VMUgpFYMHdeISSqaYJz8vA","stars":5,"text":"Had my hair dyed by April recently and she did an amazing job! I've also had facials and pedicures here and they are as good as it gets! Definitely my go-to spot for hair and spa services.","useful":0,"user_id":"zk6ctrq1F-ZWDoLeJ-JWyg"}
{"business_id":"n-zlESQPc59T174Mp9cMPQ","cool":1,"date":"2017-03-10","funny":0,"review_id":"c29qJnwR3xGQXDkPEeiqpQ","stars":4,"text":"I love this salon & spa. Wonderful atmosphere, quick service, friendly staff.  Stylists are very the best hands down. You can get a brow wax and a perfect hair cut, blow dry, and flatiron all in under an hour.  Would definitely recommend.","useful":0,"user_id":"8LVMH3_8YgB36chtTJDdsg"}
{"business_id":"n-zlESQPc59T174Mp9cMPQ","cool":0,"date":"2015-08-24","funny":0,"review_id":"OKl-lCxV3iqtQqHWR9aZUw","stars":5,"text":"I've been a regular here for more years than I can remember. At least 6!  Service is outstanding. In all my years I've never had a misstep. I've enjoyed all services but spend most of my cash on hair and products. Can't say enough about the green science line especially the eye cream. Amazing feel and people think I'm younger than I am. Bonus !  Nice facilities feel welcoming but not snooty. I despise pretentious salons. I never feel that from the staff here. Join the VIP membership and get lots of yearly extras along with discounts on services and products. After I moved to a different town I have continued to come here driving 1.5 hours. It's a great excuse to take a day off from work and pamper myself.","useful":0,"user_id":"JuTNpBtxh80AqTE5z9NSPg"}
{"business_id":"n-zlESQPc59T174Mp9cMPQ","cool":0,"date":"2015-11-18","funny":0,"review_id":"RwWDx2Xy1hHqmXK2R4yWqA","stars":5,"text":"I Just had the best massage by Caroline. She listened to me, her pressure was amazing, and she focused on a painful area that really helped feel better. I will certainly Be back for another. I should also say I'm pregnant, and she was extremely comfortable massaging in a side lying position. Lucky me.","useful":1,"user_id":"mCnHc_zBHcNe1F1sjyXaTQ"}
{"business_id":"n-zlESQPc59T174Mp9cMPQ","cool":0,"date":"2014-08-12","funny":0,"review_id":"7QTAc6mb_cOrjvXjvBRJTQ","stars":1,"text":"I walked into the salon with long hair and requested a long shag/bob below the collar bone and ended up with chin-length hair.  I came prepared, showed the stylist 3-4 pictures of the style I wanted (and requested a Level 4 or above stylist so that I could trust I was in good hands).  Although the pictures showed different lengths of the cut, we both agreed that we'd try the longer version of the style first.  Long story short, I expected to lose about 3-4 inches of hair and lost almost 8 inches.  \n\nThe stylist seemed to be in a daze when she was cutting my hair and I had my glasses off and couldn't see what she was doing, although I had a bad feeling because by the time she got to the front pieces of hair it looked really short.  When I put on my glasses to see what she had done, I couldn't believe it!  I tried to like it, saying \"Ohhh...I love it...it's really short...maybe I just have to get used it.\"  I haven't had hair this short in a long time and wasn't expecting a haircut not only this short, but this poorly styled (unbalanced, so that my hair is poofy at the bottom and flat on the top).  \n\nWhen I came home from the salon, my husband could see I was upset.  I showed him the pictures of the styles I had showed the stylist and he said, \"Yeah, your hair is way shorter.  Not even close to these pictures.\"  He encouraged me to call the salon, saying that I shouldn't have to pay 60 dollars for a bad haircut.  I called the manager and even though she listened, said that there was nothing that they could do since my hair was already too short, and offered a 20% discount on my next appointment or a free mani or pedi.  Now I have to either invest at least another 30 plus dollars getting my hair fixed somewhere else or wait another year for my hair to grow out to the length I wanted it to be.  \n\nI'm disappointed because it's a beautiful salon with nice people right next to my work.  I think I just had the bad luck of getting an inexperienced stylist in the middle or at the end of her shift.","useful":0,"user_id":"_DwsmxVFGVcHhNJglNU2xg"}
{"business_id":"n-zlESQPc59T174Mp9cMPQ","cool":0,"date":"2016-06-08","funny":0,"review_id":"vPYA6OQaUpIcZCfcXaDZmA","stars":5,"text":"They are extremely professional and nice salon for reasonable price. I came in at the last minute and the hair designer stayed even after her shift to finish her work in a high quality manner.","useful":1,"user_id":"Rkn70wgoeLRs4j2rUZ_W0A"}
{"business_id":"n-zlESQPc59T174Mp9cMPQ","cool":0,"date":"2014-09-07","funny":0,"review_id":"TMCm1OoDXJ3Ijmkx2qrYLA","stars":4,"text":"This is my second time here for a massage and facial and my first for a mani. The facials are the best. My skin always looks great after and the massages aren't bad either. I was really happy with my mani, there were a ton of color choices and I was happy I could take home my buffer, file and the bottle of polish I chose. Everyone was friendly and helpful. Procedures were explained and the price for the 3 services (also called a spa retreat) wasn't that bad. I love that you can book everything at once and that it's an Aveda Salon/Spa. It was so relaxing and a wonderful treat!","useful":0,"user_id":"ZXwvMYWNfa0WoZ2mzU1QOA"}
{"business_id":"n-zlESQPc59T174Mp9cMPQ","cool":2,"date":"2015-04-17","funny":2,"review_id":"uA9OV3EoktcaCjPfH-rdyA","stars":4,"text":"My old stylist referred me to Rejuvenation when I moved to Madison. It's an Aveda salon so you kind of know what to expect since they're usually pretty much the same.\n\nMy hair always looks great when leave here, regardless of whether I'm getting a touch up, highlights or just a hair cut. It also seems much less expensive than it should be. The only thing I don't like is the chairs at the shampoo station. They're really uncomfortable and I always feel like I somehow get my collarbone wedged between the chair and the sink (don't spend too much time trying to visualize that).\n\nBut it was a great relief to find a new stylist I can trust as soon as I moved here. No need to look any further!","useful":1,"user_id":"LAsOaowycjpyCenm1IUi_g"}
{"business_id":"n-zlESQPc59T174Mp9cMPQ","cool":0,"date":"2012-10-11","funny":0,"review_id":"3jT7Hffe7Cvy4jAQEwbdTg","stars":5,"text":"i have been going to this salon for 11 years.  I have watched Tina and Gretchen grow it into an amazing spa.  From the moment you walk in, the aroma smells like beauty.  While you may find a cheaper cut/color elsewhere, the results will not be the same.  Rejuventation is constantly training its employee on the latest cuts, colors, and styles.  I never tell Tina what \"I\" want anymore, instead I ask her what does my look need.  I give her full power to keep me young and hip looking.  She has never failed me.  As I age, I feel prettier than ever.","useful":0,"user_id":"tFBu0_rOWNRpWJ9M35Hgsg"}
{"business_id":"n-zlESQPc59T174Mp9cMPQ","cool":0,"date":"2014-03-19","funny":1,"review_id":"a3uHU43hq3hai-vSPvXdXg","stars":1,"text":"I had been seeing April for over a year for haircuts and color and always found her cuts to be too choppy and slightly uneven, but my hair was very long so any mistakes weren't noticeable.  That wasn't the case two months ago when I decided to try out a long bob. I've gotten some bad haircuts in my life, but this one was one of the worst!  It was, once again, too choppy and uneven with blunt layers.  I expressed my displeasure to April and she got very defensive, saying \"this was what you wanted\". Obviously, I did not request an uneven haircut full of mistakes!\n\nThankfully, the manager did not charge me for the cut, which I really appreciated.  I emailed the manager later on in the week to thank her and explain why I was so unsatisfied, but never received a response. How unprofessional!\n\nI've since left the Madison area and have found a wonderful salon in my new city, but am still growing out the horrendous cut. I do not recommend Rejuvenation for cuts or color (can't comment on other services) - their pricing structure is complicated and overpriced for the level of so-called talent they employ.","useful":1,"user_id":"rH5gRjmCTjo2v00WG9rWgw"}
{"business_id":"n-zlESQPc59T174Mp9cMPQ","cool":0,"date":"2012-09-07","funny":0,"review_id":"R0x2NSsNFEmhf7IBO5Xrcg","stars":2,"text":"I ve been using Rej spa for about 10 years. It has been reasonably good to very good. I was feeling great one day and felt like getting a good massage, and the level 1 therapist was without any massage therapist etiquette or expertise. I was shocked to hear Okay when I apologized for not liking the massage. It was a cheap experience. I am glad they did not charge me.","useful":0,"user_id":"-F95WdtpN0-6J6krnZh-vg"}
{"business_id":"n-zlESQPc59T174Mp9cMPQ","cool":0,"date":"2014-07-20","funny":0,"review_id":"_I121Zvx8ffuCYf4yc-Xgg","stars":4,"text":"My usual go-to place for pedis, waxing and massages.  It's nice, easy to get to, clean and the people are friendly.  I've tried a few other places and they are \"meh\" to average.  I like Rejuvenation Spa because of the number of services they offer means I can get everything done in one shot.  Also, they are open on Sundays which is INCREDIBLY helpful since it can be difficult to squeeze in appts during the hectic week.  It's just nice to have that option, particularly if I need something last-minute.  \n\nI don't have just one \"go-to\" person which is also nice as the quality of service is pretty consistent regardless of who's giving it.  \n\nThey can't hold a candle to Knead A Relief Spa for its atmosphere and quality of \"quiet\" sitting room.  Their \"quiet\" area does have light acks and water which is good but it's really small and dark and can get tight so I hope they consider expand it (somehow).","useful":2,"user_id":"BGp3mRlLpzIYDlJNPukEfA"}
{"business_id":"n-zlESQPc59T174Mp9cMPQ","cool":1,"date":"2015-11-24","funny":0,"review_id":"7wfWZFeir9I70bv0R7fMjQ","stars":5,"text":"I recently moved out of state and came back to visit family for the holidays and immediately made an appt with Katelyn after booking my flight. She was able to understand the mistakes the last few stylists made on coloring my hair and came up with a plan to correct it. I left the salon with one of the best colors Ive ever had. She used two different colors to highlight, she did a base bump and toned my hair. It sounds like a lot of work bc it is and she understands the science behind coloring. I just wish she would move out to California so that I could always have this type of salon experience.","useful":2,"user_id":"OuEhLs_dhKjOZYKEhAWO9g"}
{"business_id":"n-zlESQPc59T174Mp9cMPQ","cool":0,"date":"2015-10-22","funny":0,"review_id":"Kj4m8qjtMVAUFpNfX3mpHw","stars":5,"text":"I recently moved to Madison and was nervous about picking a new salon. I went here once over the summer for a pedicure and had a great experience, so I decided to try out the hair salon side of things. I'm so glad I did! Everyone that works there was super friendly (even though my appointment was early in the morning!), and the atmosphere is very relaxing. I had Monica cut my hair, and she did a fantastic job! She talked me through everything she was doing to make sure I was satisfied. I will definitely be returning! \nAnother thing I really liked about Rejuvenation is the super easy online appointment scheduling on their website. It also explains their services and pricing, so there are no surprises. Great place, I will definitely recommend to friends.","useful":1,"user_id":"ez--c1aYDgLLw4Ugu_qe2A"}
{"business_id":"n-zlESQPc59T174Mp9cMPQ","cool":0,"date":"2016-12-16","funny":0,"review_id":"eUDMotAwNT2J2sPZUZgdjg","stars":5,"text":"I will never go anywhere else as long as I am in Madison! \n\nI am so so so impressed with Rejuvenation. Each time I come here to get my haircut I feel leaving as though it was my best one. I have had many stylists and that is because I feel confident any of their stylists will do a great job - so I am flexible! \n\nThe haircuts can run a bit much, but it is so worth it if you are looking for quality. My tips: get there a few minutes early to relax with a cup of delicious Aveda tea. Your stylist will then bring you back and give you a great experience. The relaxing neck massage before you get shampooed and scalp massage while you are getting shampooed is wonderful! \n\nI also received waxing services before I went on vacation a couple months ago. Michelle was amazing! Waxing can be very painful, but this was the best waxing experience I have ever had. Thank you thank you thank you, Michelle! I was so impressed. \n\nWhat I love most about Rejuvenation is that they take care of their customers. In December they had an open house with sales on products, wine, appetizers, and free services! What other salons do that? Is there a perfect way to unwind after work than with a free mini facial and massage, after having a glass of wine?!\n\nThe only negative (which I'm not sure if this is really a negative) is that they are Aveda only. I bought shampoo once that was very pricey and not that great. Maybe I just didn't select the right type for my hair. \n\nOverall, Rejuvenation you are awesome! You have my heart, and are one of my favorite businesses in Madison.","useful":1,"user_id":"ydrDMxJUqD6aa9qfqx_hfg"}
{"business_id":"n-zlESQPc59T174Mp9cMPQ","cool":0,"date":"2017-05-31","funny":0,"review_id":"BgJe5VyNIl-jcvWk6P7CnQ","stars":5,"text":"It is so, so hard to find a salon that spend the time to do a quality pixie cut. Once I discovered Rejuvenation Spa, I felt like my prayers had been answered. I have been with stylist Michelle for years, she has helped me develop a style that I love SO much. It truly saddens me that she will not be returning after maternity leave, but also completely understand. I am hoping my next visit with a new stylist will live up to my expectations!\n\nThe spa itself and clean and welcoming. I usually feel uncomfortable in \"fancy\" places, but not here. They are a bit pricier, and to me this is my one splurge every 7 weeks for a beautiful cut.","useful":1,"user_id":"l7eQZWquYTSgV95j56It9Q"}
{"business_id":"n-zlESQPc59T174Mp9cMPQ","cool":0,"date":"2016-07-24","funny":0,"review_id":"kOVHRQy3wZG27jCvcN35Fw","stars":5,"text":"Love this salon. Kelsey is amazing with hair! Highly recommend her to anyone. She makes the experience very enjoyable.","useful":0,"user_id":"BNm__vDiYeHwF_D17eWymg"}
