{"business_id":"n8MCpGNogG7UBjnvMmeElw","cool":0,"date":"2012-08-15","funny":0,"review_id":"VzlgutlNMlo7c6YBYPs7wA","stars":5,"text":"I see Dr.  Batchelor as my regular dentist. He is awesome. He's gentle, competent, and very caring. I have gotten first rate service from everyone I've dealt with at his office. I wouldn't go anywhere else!","useful":1,"user_id":"JGHv6KmXIWjYor_hUMWqNA"}
{"business_id":"n8MCpGNogG7UBjnvMmeElw","cool":0,"date":"2017-06-17","funny":0,"review_id":"n-q1aydCLc7uMI8hQPEO4w","stars":1,"text":"I had a 6-upper-front-tooth porcelain bridge replaced by Dr. Hill, as well as some additional crowns, in March 2013. By October of 2014 a piece of the bridge on the left front tooth chipped off. When I went in to see Dr. Hill to have the bridge evaluated, he concluded that the piece came off due to his assessment that I must be grinding my teeth at night. He indicated that the damage did not extend to other areas of the bridge. I thought this odd, as I've been missing my upper front teeth since I was nine and have had two other bridges that were way more durable, and have never been told I have any teeth grinding issues.\n\nThe bridge Dr. Hill placed was my third bridge to this area in total. The first one - placed when I was 16 - was a \"marilyn\" bridge - and lasted for 8 years without damage until I elected to have it replaced with a traditional porcelain bridge for cosmetic reasons. The second bridge, a traditional porcelain bridge, spanning from one canine to the opposite canine, lasted from 1994 until 2012 - 18 years - without any complications. In Colorado in 1994, when I had this bridge placed, my dentist told me \"I can guarantee this bridge's quality with the exception of decay\". I felt at the time that this was really just meant to warn me against neglecting dental hygiene. His caution was effective; I am meticulous about my dental hygiene!\n\nIn 2012, after 18 years of problem-free use, a moderate sized piece finally chipped off on of the front teeth and my old dentist (Dr. Paprocki) was able to patch it intermittently. Unfortunately, Dr. Paprocki left dental practice to teach in another state, and I could not find another dentist willing or able to patch a porcelain bridge.\n\nAt this point, I decided to have the bridge replaced. After checking around for reviews on Yelp and other sites, I settled on seeing Dr. Hill at Excellence in Dentistry. During my initial consultation with Dr. Hill, I felt he was competent and caring. In addition to replacing the bridge, he encouraged me to have additional crowns placed over molars on both sides of my upper teeth. I was reluctant to have this done, and wanted time to consider it. During a follow up appointment, I had further questions about the necessity and cosmetic impact the additional crowns would have. At this appointment, Dr. Hill seemed somewhat impatient and reluctant to spend more than a few minutes talking it over. Hard to say why this would be, but I suppose in hindsight I wish I had gotten more information and consulted other providers before committing the investment of this kind of money (the total cost of the work was over $15,000.00). I did elect to have all of the work done (the 6-tooth bridge and four crowns) which was difficult for me to afford and took me over a year to pay off. The work was complete by March 2013.\n\nShortly after I had paid off the work completely, in October of 2014, the initial piece chipped off the left front tooth. I went to see Dr. Hill and expected he would be surprised that such a new bridge would be failing like this - he was not. Even though I'd never had problems with grinding my teeth, Dr. Hill said I should wear a mouth guard at night because he felt the damage was caused by night grinding. So I started wearing a mouth guard, and have every night since, even though I've never before been told I have a grinding problem. Unfortunately, the mouth guard has not prevented further failure of the bridge, I now have a larger piece, clearly cosmetically obvious, which has chipped off the right front tooth while eating a sandwich.\n\nSo, within 4 years of this work being done, I am left with chipped front teeth. There is no indication from Dr. Hill that there is any guarantee for the work he has done. And there is no guarantee of the quality of the materials or craftsmanship provided by the labarotory he employs to make the bridge. I would definitely advise anyone seeing Dr. Hill for cosmetic work to get a 2nd opinion, and if choosing to opt for his services, to get an idea what kind of guarantee he will provide for the quality of his work and materials. It does not seem reasonable to me that a dental product should fail that quickly and there would be no quality guarantee.\n\nI have learned my lesson and will not trust dental providers to stand behind their work without a quality guarantee. Super disappointed in this practice, I sure expected better, given that technology has no doubt improved since 1994. I considered giving a rating of two stars, but I could not in good conscience say that the service I received was acceptable given the outcome. Buyer beware.","useful":0,"user_id":"PZuwgiFUVvwpFr9-LqvMFQ"}
{"business_id":"n8MCpGNogG7UBjnvMmeElw","cool":0,"date":"2009-09-03","funny":0,"review_id":"5mMZWWmZkFeMUjCSv-yZBg","stars":4,"text":"Couple different thoughts here ... \n\nWhen my 8 year old chipped her touch on the sidewalk ...Dr Jim Hill was awesome. \n\nI did not deal with the issues directly although my wife did. After 13 years, I am getting better at listening to her and reading her. \n\nI can tell you that the service she and my daughter had that evening was powerful. \n\nOther times, yes, I would agree with a another review where the business may not listen well, clearly having a agenda that is not the clients. If they hit the clients needs often, it is because they do have things in place based on some listening and trends in the industry. \n\nSo that is good. \n\nThat said, about 95% of the businesses I visit are like not listening well ...I would hope we do better at our business at listening ...that is a huge goal of our D Angels. \n\nWe'll be staying at Excellence in Dentistry ...and welcome any listening done!","useful":2,"user_id":"wuhHhab-PTkSBc9LUcfvGw"}
{"business_id":"n8MCpGNogG7UBjnvMmeElw","cool":0,"date":"2015-01-20","funny":0,"review_id":"VXLy6YuIZwsaD6CdmIlCSA","stars":5,"text":"I have been seeing Dr Hill for many years and trust him implicitly. Having dealt with TMJ since my 20s (now in my 50s) I know, only too well, the pain associated with flare ups.   I was experiencing another major flare up and Dr Hill's knowledge of TMJ and treatments were nothing short of lifesaving for me.  Having dealt with many dentists over the years, I can assure you \nthis should be your choice for dental and TMJ care. \nExcellence in Dentistry is truly the perfect name for Dr Hill's practice and staff.","useful":1,"user_id":"KnNzzdkCvsxrQdxxGpxZMw"}
{"business_id":"n8MCpGNogG7UBjnvMmeElw","cool":0,"date":"2009-09-03","funny":0,"review_id":"hTFyUErWoPCDPQh7gtUhRQ","stars":4,"text":"Went back in to have the work looked at and I really felt like the dentist either wasn't listening or didn't care because he wasn't getting paid for the service.  Sad times.  Still would recommend the place very highly though.","useful":1,"user_id":"yTxzJwJSIWstbIVlcxPfgg"}
{"business_id":"n8MCpGNogG7UBjnvMmeElw","cool":0,"date":"2015-04-26","funny":0,"review_id":"L31QoFLSV04vIe0U_-R3xQ","stars":5,"text":"I am so excited to be moving home to Madison in a couple of months for many reasons. \n\nOne of them just happens to be my dentist, Dr. Ed Batchelor. What a guy. Kind, funny, and an outstanding dentist. His staff is top notch as well. The office is almost spa-like, and you leave with a bottle of water, chapstick, and a freshly-baked cookie (cue Midwest Express flashbacks...RIP). \n\nDr. B and team secured their ranking when I had a dental emergency the week of graduation. I had gone out the night before (see Crystal Corner review) and lost my \"flipper\" partial denture-type thing. I was two days to graduation weekend and absolutely panicking because I assumed I would have to go toothless. I called the orthodontist who had provided the flipper originally, but they would have to send it to a lab which would take at least a week. So, I figured I'd give my dentist a call, assuming it would be the same response.\n\nInstead, they do that sort of thing in house, and I had \"new teeth\" within 6 hours. Saved my college graduation weekend.\n\nThese folks are the pros.","useful":2,"user_id":"Pi0zumI9Um9HFZ2bXKDk2A"}
{"business_id":"n8MCpGNogG7UBjnvMmeElw","cool":0,"date":"2017-01-28","funny":0,"review_id":"h2rmRK7oDe8Aqi6z-aG2dA","stars":5,"text":"As a new Madison resident, I was referred to Excellence in Dentistry by my boyfriend - he and his family have been patients here since he was a child. My first appointment exceeded my expectations to say the least. Every staff member I encountered (front desk personnel, hygeniest, and doctor) was incredibly friendly and professional, the office is clean and modern, and each exam room has cable tv. Most importantly, both my hygeniest (Tina) and dentist (Dr Batchelor) were attentive to my needs and went above and beyond to spend time informing and explaining things to me. So impressed. In addition, the front desk staff offered me beverages and cookies while I waited before my appointment, and insisted that I take some \"freebies\" (chapstick, toothpaste, etc) before I left. Looking forward to being a patient here going forward! A+","useful":0,"user_id":"Jrwquv7GRWhnsQN2wDV1Yg"}
