{"business_id":"ny0AwrA3vjo3ZpYeRLJfqg","cool":0,"date":"2012-10-09","funny":0,"review_id":"V6XBmwxG0OsCOxQeHl1P1A","stars":1,"text":"What a disaster. i went in to volunteer my blood and I received a fucking train wreck. I told the nurse (who appeared drunk) that I was a little nervous. She replied with \"So you wanna give blood or not?\" I said OK, than another nurse came and actually drew the blood. She apparently stuck the needle in too far because my arm swelled up to the size of a basketball when I got home. I had to play a show with my band that night and could barley get through the gig with my arm. Avoid this Red Cross location at all costs.","useful":0,"user_id":"nk6yVeb4MN5hwwLMuxpXZw"}
{"business_id":"ny0AwrA3vjo3ZpYeRLJfqg","cool":3,"date":"2013-08-15","funny":1,"review_id":"EjbCHA_C5MwpGjaeUP5oDQ","stars":4,"text":"I've been donating blood for decades. It's one of the few morally unambiguous things you can do these days. In addition, I have many friends who cannot donate for a variety of reasons so I try to take up the slack. I usually donate at work but, because of the summer, they skipped a cycle so I checked at the ARC to see about walk-ins.\n\nWest Madison's ARC center wins the prize for the quickest donation EVER! Granted, it was slow day over there and I know the ropes but, I was out in 45 minutes! After quick, friendly and professional attention, I was sipping OJ, eating a cookie and walking out with a free loaf of Panera bread (on Thursdays and Fridays) under my arm in less than an hour.\n\nI won't suggest that you'll get through that quickly but, if you can, donating blood should be a thing. Do it. Save lives!","useful":6,"user_id":"3LC2sKfvz_nWuJquUDsNnw"}
{"business_id":"ny0AwrA3vjo3ZpYeRLJfqg","cool":0,"date":"2011-05-21","funny":0,"review_id":"b81ZTFpPpdKODpzmviCZag","stars":5,"text":"You save lives! Enough said?\n\nThey have a professional staff that are kind and conversational that take you through the whole process. Since their staff are full time pros and not volunteers I've never had them miss a vein or have to do any significant adjustments or re-sticks.\n\nThere is always a need.","useful":0,"user_id":"JY7uoimDhbosc31-LrYI2g"}
{"business_id":"ny0AwrA3vjo3ZpYeRLJfqg","cool":0,"date":"2016-09-17","funny":0,"review_id":"OYFoi7MHGg1sDNzyey6LYw","stars":1,"text":"Be careful about giving your phone number to this organization! They will call you so frequently it becomes harassment! I receive phone calls from the Red Cross every other day or so. Even though I've put their number on my auto reject list, they still leave VMs every time.  I support the work the Red Cross does but this strategy of calling people multiple times a week when they've already told you they don't want you to continue calling them is really back-firing.","useful":0,"user_id":"U-FJWOLHtGLh-umHO9Ej2g"}
