{"business_id":"owX47nnm1Rznm7QOQV4VPA","cool":0,"date":"2016-09-03","funny":0,"review_id":"KXijlJUDYpqkyA2P5NWtKA","stars":5,"text":"Great place to workout the owner is extremely friendly and engaging. All of the equipment is newish and in good shape. The gym has everything you need to get a great workout, it is open 24/7, and doesn't cost an arm and a leg.","useful":0,"user_id":"QZxHUaRdgb2cjfuX-a8iZQ"}
{"business_id":"owX47nnm1Rznm7QOQV4VPA","cool":0,"date":"2014-12-08","funny":0,"review_id":"Se9PO7YXiDHcQQQdkyM4cA","stars":5,"text":"I've never been a gym person but I'm really enjoying going here.  I recently moved to Madison and am not used to exercising in the cold weather so instead of sitting around on the couch this winter, I decided to sign up for a membership to Badger Fitness 24/7. \n\nThe facility is very clean & well maintained and every piece of equipment looks brand new.  It's never so crowded that I can't use whatever equipment it is I want to use. I really appreciate that I can watch cable TV while jogging on the treadmill.  I've only ever run outside and now I know that watching TV makes running go by so much quicker!  \n\nThere's tons of parking and I thought the monthly fee was very reasonable. There are some classes offered for an additional fee, but I haven't checked those out yet.","useful":0,"user_id":"b82HzJuLJZkbv2VTisVKkw"}
{"business_id":"owX47nnm1Rznm7QOQV4VPA","cool":1,"date":"2016-02-25","funny":0,"review_id":"W8aVqrUIqv0vB_xY_jVAIw","stars":5,"text":"If you want to have the best workout of your life take the TRT class with Kim or Molly, they are both fantastic. Right when you think you can't do it anymore, they push you harder, beyond what you thought your max was. Hands down hardest workout of my life every single time, thank you for keeping me motivated and pushing me beyond my limits.\nHot yoga classes are also awesome, definitely check this place out!","useful":0,"user_id":"tFDCwxAYAqc1ScraxJHmLQ"}
