{"business_id":"Op1FNB61iuAAKf91-NzxFg","cool":0,"date":"2014-03-20","funny":0,"review_id":"pRJyptUlynQtafPdvq7YRA","stars":5,"text":"Went in and worked with this funny and wonderful man. The whole time my step daughter and I never knew he was the store manager but we can see why after we found out. He was very professional and helpful to all. His staff loved him and they all was laughing with all their customers and just seemed they loved working there.\nWhat a Great leader. We will be back because Allen showed and gave us the best service ever.","useful":0,"user_id":"OA8h3S68IhryYSZGMtGUmw"}
{"business_id":"Op1FNB61iuAAKf91-NzxFg","cool":0,"date":"2014-07-16","funny":0,"review_id":"ADeY_R0asJ2K4xNFGSTiaw","stars":1,"text":"I would give a zero but I can't I bought alot of glasses from this location and not one pair is correct just took my glasses in for repair and still broke now with a huge scratch on the lens all the have been doing is changing management and screwing there faithful customers I am really angry and upset like I said if it was possible I would have given you a zero for workmanship and how you treat your customers","useful":2,"user_id":"Tzs9L5c9CmHEbdaTe_AgFA"}
{"business_id":"Op1FNB61iuAAKf91-NzxFg","cool":0,"date":"2015-05-21","funny":0,"review_id":"MXMeJHtbU7xU0xOB0GX2QA","stars":5,"text":"My glasses recently broke and I had no idea where to look for deals or an eye exam. I came to Eyemart express where the staff was very helpful. I was in and out in no time! The Doctor side was very nice Doctor did a great job Will definitely recommend Eyemart express to my friends and family.","useful":0,"user_id":"7uxwJ6txDyftc67zI40wTA"}
{"business_id":"Op1FNB61iuAAKf91-NzxFg","cool":0,"date":"2016-12-30","funny":0,"review_id":"sx0JaQyTy_gBkD6jNxZVeA","stars":5,"text":"Brought my glasses in today to get fixed and was waited on by the GM Lisa. She exceeded every expectation and made me a customer for life! Best experience I've had dealing with my eye care. .would give 6 stars if I was able","useful":0,"user_id":"IsIvn5Ncqie9Z8kHZAeRDA"}
