{"business_id":"O45RansMZmuiGrMS-9Q5YQ","cool":0,"date":"2014-07-29","funny":0,"review_id":"_Y-eVDvuEuiwzFUt17iIgA","stars":5,"text":"MacPherson is a wonderful massage therapist.  She really listens to what is going on with a person and will provide a comprehensive massage session.  Other massages that I've had usually just leave me relaxed, but with her I feel like I've actually improved upon my physical well-being as her massages will also involve some stretching and working on areas where I've had issues / past injuries.  She's also trained in acupuncture & eastern medicine, which translates into a more holistic massage.\n\nThis is also the only place where I've seen a sliding scale of payment, so for people who haven't gotten massages before because they don't think it's affordable, this is probably the place to start.  \n\nShe also offers private yoga sessions and teaches around San Diego (which I have yet to try but hope to!).","useful":0,"user_id":"LsrC_qTYeJNr5JG23P4KwA"}
{"business_id":"O45RansMZmuiGrMS-9Q5YQ","cool":0,"date":"2014-08-01","funny":0,"review_id":"B1zmLhNt4gI5zjxcHT_crw","stars":5,"text":"MacPherson is an excellent masseuse.  She listens carefully and asks good questions to help identify your needs.  Her knowledge as a trained acupuncturist and yoga instructor also helps her to assess what's going on with your body and address it skillfully. \n\nMy hips are consistently out of alignment, and MacPherson is the first therapist that's been able to get me back in alignment and help me stay that way.  In addition to massage, she has given me several yoga poses to do at home that have helped to target some of the areas where I have chronic pain, and I've noticed a significant improvement with the combination of massage and regular stretching.\n\nMacPherson is also incredibly professional.  She does a great job of checking in with you and making sure you're comfortable throughout the massage, and creates a very relaxing environment.","useful":0,"user_id":"-Fgp_CY4kUElK8izpReUMQ"}
{"business_id":"O45RansMZmuiGrMS-9Q5YQ","cool":0,"date":"2014-07-31","funny":0,"review_id":"DNEIAMIWITCWveI_w-EgFA","stars":5,"text":"I was treated to an excellent massage for my birthday, and I cannot say enough positive things about the masseuse, MacPherson.  I have a very physical job, and have a number of random aches and pains throughout my body.  MacPherson was able to hone right in on all the issues I have, help me with explanations for why they may exist, and provide really exceptional treatment for those areas that needed help.  \n\nAnother thing that really stands out is that MacPherson is extremely professional, without being dull.  I think that's a very hard combo to come across, and she nails it.  Talking to her is easy, but she's not so chatty that the entire massage is spent making idle chit-chat ;) \n\nShe checks in frequently to make sure that the pressure is OK and you're not in pain.  Top notch massage, top notch masseuse.  I'll definitely be back!","useful":0,"user_id":"NMeZFrHpIO3D36aeGdki5Q"}
