{"business_id":"OrTWxaySK7CigXAE7OQHvQ","cool":0,"date":"2014-11-11","funny":0,"review_id":"hvX1kEWuQswAe4Vk3vfZUQ","stars":5,"text":"Liz is a fantastic masseuse! I finished a half marathon yesterday and scheduled a massage with her to help recover and unwind. She was sensitive to my areas of concern, gentle (yet firm!) with her touch and provided a wonderful ambiance! I have a hard time relaxing so during a massage I don't mind a bit of dialogue since my whole body is currently in a jelly-like state.  I truly enjoyed the experience and feel rested and rejuvenated. I will certainly return.","useful":1,"user_id":"oSpmnCDxbFjqiLaVCAl-BA"}
{"business_id":"OrTWxaySK7CigXAE7OQHvQ","cool":0,"date":"2014-08-12","funny":0,"review_id":"ZM4_xdlmHa90oMi139WzMw","stars":5,"text":"Liz is a fabulous masseuse! She is thorough and applies the right amount of pressure.  She makes sure any problematic areas are addressed to ensure that you leave feeling relaxed.  I had lower back, shoulder and knee issues and she worked out all the kinks.  This is why I'm going back .  I would highly recommend her!","useful":1,"user_id":"T2K-kPKtq5Pq2KWfRfs36g"}
{"business_id":"OrTWxaySK7CigXAE7OQHvQ","cool":0,"date":"2014-08-12","funny":0,"review_id":"sZSPrv7CT7VSPFIb9dhqgg","stars":5,"text":"Liz provides an intimate and private setting in her warm home for massage therapy.  Her massage room is soothing and comfortable.  She offered me yummy tea and thoroughly asked me about where I felt soreness and needed attention on my body.  I loved the water soundtrack she played while she massaged me.  My favorite were the hot towels she placed on my back and legs.  Her touch is high pressured but gentle and even though I was super tense all over, she made me feel very calm and relax.  I left feeling healed and not sore at all!  I will definitely be using Liz's service again.","useful":0,"user_id":"uE0N6qvKnOvZLjH_hEHjxQ"}
{"business_id":"OrTWxaySK7CigXAE7OQHvQ","cool":0,"date":"2016-06-09","funny":0,"review_id":"KH1hs-Qn118Bb6Edl7_26w","stars":5,"text":"Liz has magical fingers!   She gave me one of the best massages ever!   I highly recommend her!","useful":0,"user_id":"aeN_KHfRjU7Hc18RGxdxtA"}
