{"business_id":"odInwsyYJlTelH-X-L9Dvg","cool":0,"date":"2015-03-30","funny":0,"review_id":"qgtJJqAsSODFvYdpN7QLJA","stars":2,"text":"The acupuncture was ok but it was suppose to be a half and half appointment. Half acupuncture and half massage. The massage ended up being only 10 minutes and the acupuncture lasted for like 45 minuets which consisted of me sitting alone in a room waiting for my massage. The massage was incredibly rough and not even relieving. Just abrupt and too violent. He seemed to over busy himself with two other people in the office as well. That seemed like too much to me considering it's literally only one guy.","useful":0,"user_id":"d9denn3mC7JeKz6hEP_yLQ"}
{"business_id":"odInwsyYJlTelH-X-L9Dvg","cool":0,"date":"2015-02-17","funny":0,"review_id":"lgmV4rQyY2tfWQMjo7tixQ","stars":5,"text":"I got a Groupon for a 60 minute session of acupuncture and massage. Michael was great! I was extremely nervous as this was my first time trying acupuncture. He made me feel relaxed and just told me to yell if I felt nervous! There were only a couple of the needles that felt uncomfortable and Michael fixed them right away for me. A couple minutes into it, I was beyond relaxed. After the acupuncture, I received a massage which was awesome! He has a sliding scale for sessions and it is from $40-60 depending on your income. I think it's awesome that he is a lot cheaper as he cares more about more people being able to receive this service! I will definitely be back in the future :)","useful":1,"user_id":"J0di0d9OdpeEf94z8b8A5g"}
{"business_id":"odInwsyYJlTelH-X-L9Dvg","cool":0,"date":"2015-02-17","funny":0,"review_id":"xuXU5mLxUVzvPfJz3kjAGQ","stars":5,"text":"I got an hour massage for my mom as a gift over Christmas. Last night I saw her and asked her about her experience and she was very excited to tell me that she had a great experience. She had a few other experiences with other massages and acupuncture however this place was by far the best and has already requested that I make another apt for her! She mentioned Michael was able to locate her trouble spots and loosen some tension around her neck and body. She continued explaining that the acupuncture needles used were smaller compared with the others and didn't even feel it going in which made her feel more relax and comfortable. \nI might have to make an apt for myself! -thanks!","useful":1,"user_id":"w1XK8l5fyIoQmJ0G2zOang"}
{"business_id":"odInwsyYJlTelH-X-L9Dvg","cool":0,"date":"2017-06-24","funny":0,"review_id":"JlrIZF2UyrP1PFh3keu49w","stars":5,"text":"I'd been wanting to try acupuncture for a while, and picked up the Groupon to check it out. Michael took the time to understand what I'd been experiencing (both mental and physical) that prompted my visit. My immediate impression was that he genuinely cared about my well-being and wanted to help. His bedside manner was also very good, he was patient with my concerns and explained the process as well as what the needles themselves would feel like. I am now a repeating and scheduled client. Acupuncture is the only therapy that has alleviated the pain in my hands (similar to carpal tunnel) and I highly recommend Michael's practice.","useful":0,"user_id":"SI9aCjOqF8RRS7UDHeKMMQ"}
