{"business_id":"Pxlmnjbz6HErepULhU3Pmw","cool":0,"date":"2014-05-27","funny":1,"review_id":"EOirtIIC7hNFEkbuoZybAA","stars":5,"text":"I've donated plasma thrice now, and each time has felt professional and gone smoothly. There is always the possibility when donating of something strange happening; I feel as comfortable donating here as I would anywhere. They pay well, too -- roughly on par with Biolife. Super friendly, too, and brand new machines. Try it out.","useful":0,"user_id":"c1XqPEU2A8mMns2DIZQbxA"}
{"business_id":"Pxlmnjbz6HErepULhU3Pmw","cool":0,"date":"2011-02-08","funny":2,"review_id":"xrUOerq76uI0QlgNnWz9kw","stars":2,"text":"Good: you get paid for helping others. Bad: everything else.\n\nThey often puncture veins which is annoying and hurts. For the most part, the staff is a bunch of college kids who aren't very knowledgeable and who don't give a shit about you. \n\nThat said, a nice European lady works there and she's the bomb. Won't infiltrate veins because she knows what she's doing and she's a sweetheart.\n\nIf you're low on cash, this place is good. However, be prepared to put up with the ghetto white people who come in. I swear to god the last three times I've been at IB&P people in the lobby have been on cell phones either a) bitching at their women (\"I ain't gotta take this! You know what? You just need to calm down. I AIN'T GOTTA TAKE THIS.\" or b) talking about their \"sweet cribs\".","useful":1,"user_id":"EwdmzmRIfLMMTeXVggXj6A"}
{"business_id":"Pxlmnjbz6HErepULhU3Pmw","cool":0,"date":"2016-06-15","funny":0,"review_id":"u8s7QG7o6dEppQ9w6eeFQg","stars":5,"text":"Everything went fine. Very fast getting in and out. Would recommend this place to thers.","useful":0,"user_id":"yZ2tIla2ZeBz2AUE23Ya8Q"}
