{"business_id":"pgDMnRiVZ_yKA0zezH_jOQ","cool":0,"date":"2014-04-17","funny":0,"review_id":"JpMAbjgVm-FYt2fNxn3GGA","stars":5,"text":"Wonderful customer service!  Beautiful & unique glasses!  All the staff was helpful, friendly, and really knows their designs well.  Thank you for a great experience - I get tons of compliments on my glasses!","useful":0,"user_id":"oJaehBnjYQ7nYhcPzeLm8g"}
{"business_id":"pgDMnRiVZ_yKA0zezH_jOQ","cool":0,"date":"2014-01-23","funny":0,"review_id":"4KzideAKJzp512lRY4yY3A","stars":5,"text":"My husband and I recently went into SEE to browse new frames as we were both in the market for new glasses. We were blown away by the beautiful selection of stylish and lovely frames. Even more so, we were impressed by the outstanding customer service we were offered. The staff at SEE have cultivated a service style that is very helpful without being at all overbearing. They gave us both excellent suggestions and were very insightful and honest about the different frames we each tried on. In the end, we both walked away with new glasses we LOVED that were a reasonable price, too. I would got back to SEE in a second, and I would highly recommend them to anyone in the market for new glasses or sunglasses.","useful":0,"user_id":"eAh8ZcYmfM_wZoiZgZJVmA"}
{"business_id":"pgDMnRiVZ_yKA0zezH_jOQ","cool":0,"date":"2013-03-26","funny":0,"review_id":"42WKISTq3hGU1Mzy5frRBw","stars":5,"text":"I recently jumped on a Groupon deal being offered here ($200 for $45!) . Even though I wasn't spending as much money as someone else, I feel like I wasn't treated any differently for it. I tried on a bunch of glasses on my own, without being pestered, then got help from the friendly male employee in narrowing it down. I didn't find him, or the female employee also there, pushy at all.\n\nAt $189, the chunky tortoiseshell pair I chose was among the least expensive; the priciest I recall was about $349. (all the sunglasses are $99, though.) Although I chose one of the cheaper options there was no attempt to upsell me.  I agree with the reviewer below that the frames are more hip than subtle-- lots of plastic/resin and colorful options alongside more conservative metal options. \n\nAs a previous reviewer noted, lenses are supposedly included, but this may not be the case if you have very bad vision. I have an extremely strong prescription and astigmatism, so had to get fancier lenses than the basic free ones. (This has always been the case for me, though.) I appreciated that I could pay in two installments. \n\nMy glasses got there in about a week. I came back twice for small adjustments and was treated very hospitably both times, not rushed. Once they had cupcakes, always a plus. I definitely recommend See.","useful":0,"user_id":"QniQE5eWTNZPqCAswAwdTg"}
{"business_id":"pgDMnRiVZ_yKA0zezH_jOQ","cool":0,"date":"2013-05-14","funny":0,"review_id":"NjKH1RZPNhgugIGm4HAGYw","stars":3,"text":"friendly, helpful, and kind people there.\nCheck you eyes for glasses by 39$ but if you want a check with the contact lenses it will be 99$.\nFrames around 250$ and their lenses by around 100$\nI feel it's kind of a little expensive store.","useful":1,"user_id":"D_TA-bUGuWj2L_O2i879mg"}
{"business_id":"pgDMnRiVZ_yKA0zezH_jOQ","cool":0,"date":"2013-04-04","funny":0,"review_id":"zdccBCH9UwySj8J8FCStWA","stars":4,"text":"This place is pretty cool. The staff is super-helpful in picking out glasses. I've been picking out my own frames since I was 6 years old, so I feel like I know what I am doing. I think I would have picked out the same frames for myself, but I understand why they don't want people just walking around the store touching everything. The price is a little steep, but I think the quality is better than what you'd get at a discount store. \n\nBottom line: Check this place out if you want something unique and high-quality and are willing to spend a little bit of money on it.","useful":1,"user_id":"Hbin0KApFcJQkRmpfv9Bvg"}
{"business_id":"pgDMnRiVZ_yKA0zezH_jOQ","cool":0,"date":"2013-04-16","funny":0,"review_id":"kX6GGZ6aEun6rH5n5MmOrg","stars":5,"text":"See! You are amazing and wonderful and friendly and just perfect!\n\nI bought a groupon for $200 frames for $30 (um, woah) since I was in the market for new glasses. My current pair is also from See (in Ann Arbor) so I was super excited to get a discount on those beautiful but expensive specs. After looking around the store, with help from Teressa, who is amazing by the way, I basically picked out the first pair I tried on.\n\nIt had been a while since my last eye exam, so I was able to get a really quick exam done with the resident eye doctor. He did a great job being thorough but quick and was so friendly. The exam ran around $39 and are only available on Tuesdays and Thursdays.\n\nEverything about See is perfect. The frames are funky and exquisitely made, the people are beyond BEYOND outstanding, and the care you receive is pretty stellar. I wouldn't go anywhere else for eyewear! Go there, now!","useful":0,"user_id":"z_c2V52lIxJihCelwAfUNA"}
{"business_id":"pgDMnRiVZ_yKA0zezH_jOQ","cool":0,"date":"2013-11-22","funny":0,"review_id":"hW7ZT8UCgyPLZxcYdEtuWw","stars":5,"text":"I recently bought a new pair of glasses at SEE! Go check out a full review on www.youreverydaygirl.com/lifestyle.html","useful":2,"user_id":"q0ezdptDoz7kGZrSGcGLhw"}
{"business_id":"pgDMnRiVZ_yKA0zezH_jOQ","cool":0,"date":"2016-04-14","funny":0,"review_id":"tR80Igg5qi5IkxIjjJpZBw","stars":5,"text":"This place not only has the best selection of eyewear, but their prices are very competitive as well. The experience that you get in a very personalized, boutique experience. The prices are near some larger store prices, with less of a personal experience.\n\nI brought in a pair of vintage frames that I have had in a drawer for 20 years, because every other optometrist had told me that their lab wouldn't touch them. The guys at See came through! When I first received the glasses, I was a little disappointed to see my own heavy prescription in the frames ( this is my own genetic problem, not theirs). The guys helping me sent them back to the lab, and had the edges rolled and polished. They now shine like jewels, and I have my own unique pair of 1950 librarian-chic gems. In addition, they helped my husband find the perfect frame for his handsome face. I also purchased my first pair of prescription sunglasses ever, and I cannot tell you what an absolute joy it is to see the world through them. Everything is incredibly crisp and defined.\n\nFrom soup to nuts, the entire experience was magical. Thanks guys.","useful":1,"user_id":"MyTZ69AHMAItRCFOwLNVYw"}
{"business_id":"pgDMnRiVZ_yKA0zezH_jOQ","cool":0,"date":"2014-05-02","funny":0,"review_id":"uw5wwdzebsB1TJ84Jbf3Ew","stars":4,"text":"Ok, here's the deal. You can continue to go to optical places that yes, have cheaper frames or special deals promising you two pairs of glasses for $99, but you will also find that their frames are old-school and dated, that their service is mediocre, and that you'll leave wearing the same kind of glasses you've been wearing since grade school. Glasses that no one notices. Glasses that don't make a statement. Glasses that are booorrrrrinnnngg. OR, you can go to SEE Eyewear on State Street, put yourself in Shawn's awesomely competent, honest, and helpful hands, and emerge with glasses that make a statement, glasses that are actually FUN to wear. Shawn and his staff will help you pick out frames that will work for your prescription and that look fantastic on you - and believe me, he'll tell you if the ones you think you like look awful on you - and they'll do their best to get you a good deal on 'em. I just got my third pair of glasses here - two of which I purchased using the Groupon they seem to semi-regularly offer -  I don't see myself buying glasses anywhere else.","useful":0,"user_id":"UU1cJXk0dwKC3LX42nQJ2Q"}
{"business_id":"pgDMnRiVZ_yKA0zezH_jOQ","cool":0,"date":"2016-02-21","funny":0,"review_id":"bwgpkvlXOu0ykoCuvbpmBQ","stars":5,"text":"I couldn't be happier with See. A lot of excellent frames, stylish but not so cool that an old loser like me couldn't enjoy them. The prices are not necessarily cheap but the staff works with you rather than just relentlessly upselling, and the Groupon deals are excellent if you find one. We saw a woman named Lauren who was incredibly helpful and frankly just a delightful and fun person. Great place overall.","useful":0,"user_id":"4xjxayWyV8DcM-GDdBkmZg"}
{"business_id":"pgDMnRiVZ_yKA0zezH_jOQ","cool":0,"date":"2014-01-20","funny":0,"review_id":"C8CL7c8Cg6bRPNrb247GjQ","stars":3,"text":"I needed new lenses but wanted to keep my old frames. I had originally come in for an estimate, but the process was so long and tiresome that I decided it was worth it for me to just buy them here. I found the service to be good but a little bit too aggressive. The first price I got was $205, which included a $59 discount through a vision discount plan. He could tell I was uncomfortable with this price, and offered cheaper lenses for $140. I ended up just going for those, even though I was still skeptical of the price. \n\nOnce I filled out all the forms, he told me it would be 7-10 days before I got the glasses back. This surprised me a lot, since I've only ever had my glasses done in the store, not shipped somewhere else.\n\nI didn't pay too much attention to the glasses in the store, but what I saw looked fashionable. I'd come back if I was in the market for new frames, but I think if I just need lenses again, I'd go somewhere else.","useful":0,"user_id":"aOmBzXU8pbuiPlStcaU19A"}
{"business_id":"pgDMnRiVZ_yKA0zezH_jOQ","cool":0,"date":"2015-08-07","funny":0,"review_id":"fIy5THlkCtyzsaQURRIK0g","stars":5,"text":"I was very excited to get my frames here. They always have great service and are honest. They will help find a frame that is best for you, sometimes you need an honest opinions, let's face it. Shawn is super awesome and I can't speak highly enough of the staff there. I would work there if I could, just a great place. You pay more for frames, but they often have specials if you sign up on the website. I","useful":0,"user_id":"oiunb9tMeRlR7GUg4mW7Rg"}
{"business_id":"pgDMnRiVZ_yKA0zezH_jOQ","cool":0,"date":"2014-10-25","funny":0,"review_id":"XcUqNGNnFqXoGG2zvFjzlg","stars":5,"text":"SEE is amazing, sincerely amazing. For a while, I had been contemplating getting new lenses for my old pair of glasses and I knew I needed an eye exam badly - I've been to some of the  more well known eye exam/frames stores and always gotten a good prescription, but I've always (within 6th months or so) realized my perscription wasn't helping. So I went in to see Dr. Engdahl and HOLY MOLY. He had me in my new prescription within 15 minutes and was able to diagnose me with convergence insufficiency. For the first time in my life I had glasses that not only worked, but I could focus without strain (a problem with those who have convergence issues). No optometrist had ever caught that before. He even offered me a recommendation to an eye therapy center which has helped as well. I cried after the appointment - in a good way - for the first time in my life not only could I see but I had validation for a lot of other problems I was having. What a great, gentle, awesome doctor. \n\nAs for the staff - I loved their energy and directness when choosing frames. Being told honestly what I looked like to being provided with a whole room of people helping me find the perfect fit, a discount with my insurance, finding more discounts I could use, and being around people who care how you look and feel (and how well you see). So yeah, its kind of expensive, but I got more than I paid for and I've never been happier.\n\nThe frame selection was great as well, lots of vintage and modern styles to fit all sort of people, and great color palettes. They even have an 'economy line' that doesn't cost as much with some really freakin' fabulous styles (so no sacrificing style for price); I am going to get another pair when when I have more money.\n\nGo get your eyes checked here. Get some quality glasses, and yeah, you might pay more than you may want to (if you're a student) but its worth every penny.","useful":0,"user_id":"hmMz2TkkYTYXF41W37-XMQ"}
{"business_id":"pgDMnRiVZ_yKA0zezH_jOQ","cool":0,"date":"2014-03-15","funny":0,"review_id":"C8YVIeb5u0yzQigBE0EcDg","stars":5,"text":"Everyone I know in Madison gets their glasses here and I always loved how they looked so I decided to check them out myself. It's a great place to get original and fun frames. The people there are very attentive, personal and helpful (they will not be afraid to tell you how you look in a pair) so don't come here if you'd prefer to look at glasses in peace. I didn't mind though - I loved the help and walked out with a pair of glasses I love and people do not stop complimenting me on them! They get new frames in very frequently, but they sell quickly so if you find a pair you like, you should buy them because they may not be there the next time you come in.\n\nThe prices are a bit high, but worth it since every pair is original.  I used a Groupon so keep an eye out for discounts. My pair would have cost around $400, but I ended up spending less than $200. I did pay for some extras such as some special type of lens. It is A LOT clearer than the other lenses in the glasses I already had, but they smudge very easily so I would recommend buying the cleaner, the big bottle only costs $5. \n\nBeware, SEE is addicting. I used to hate shopping for glasses and now I can't wait to get another pair. When you buy 5 pairs, you get the 6th free so I  will be working my way towards that.!","useful":1,"user_id":"fnJnw1YGmHcPuLY23HZEfQ"}
{"business_id":"pgDMnRiVZ_yKA0zezH_jOQ","cool":1,"date":"2015-12-21","funny":0,"review_id":"bOWcgEsB0CiXgX33YcWgPw","stars":4,"text":"I previously wrote a less than stellar review but am very impressed by how my purchase ended.  After an unfriendly first experience I decided to give SEE another shot.  Lauren who helped me was a doll and I got a very genuine apology from the gentleman who had previously offended me.  I now have my new glasses and would recommend SEE.","useful":0,"user_id":"f6QfT8armgqfeKbELIKmxA"}
{"business_id":"pgDMnRiVZ_yKA0zezH_jOQ","cool":0,"date":"2016-01-16","funny":0,"review_id":"OfbJGBM6pJfm4F5lIV-4kQ","stars":5,"text":"I have a strong prescription and my optometrist was very impressed with how thin my lenses are. She wanted to know exactly where I got them--SEE on State St!!","useful":0,"user_id":"JxLqemEg9q8IN3mvj2oIbQ"}
{"business_id":"pgDMnRiVZ_yKA0zezH_jOQ","cool":0,"date":"2014-01-04","funny":0,"review_id":"lnIxgLzdS2AUHo53vhtnFg","stars":5,"text":"We went to Ulla. $1000 for a pair of glasses and lenses. Nice folks. Nice frames. But we're not 1%ers. \n\nWe went to SEE.  Great people. Two pairs of eyeglasses for under $700 plus a 10% discount for opening a credit account with zero percent for six months. \n\nSean knows his stuff. Chanel helped us and I tried to hire her away from SEE almost immediately. Super professional and energetic. \n\nWe'll be back for sure.","useful":2,"user_id":"A_ud_DdktYLvamC8lLIXUA"}
{"business_id":"pgDMnRiVZ_yKA0zezH_jOQ","cool":0,"date":"2013-04-18","funny":0,"review_id":"D349VXo55v-cWrI8f7QksA","stars":5,"text":"Looking for well-designed, interesting glasses at a reasonable price and with great customer service? GO HERE. Absolutely fantastic. A friend of mine in Chicago had told me about this place, so when I saw that one had opened here I decided to check it out. I was worried it'd be a bit too fashion-y for me, that they'd be \"too cool\" jerks because I'm a sort of nerdy schlub, but they were totally wonderful. Just super passionate about what they do. Some of their opening suggestions for frames were... a little more out-of-the-box than I really wanted to go, but once I gave them an idea of what my tastes were they were really helpful in finding the right fit. I'm very particular about my glasses and will spend ages looking for the *right* pair, fussing over tiny details I dislike, but all of their glasses are just so thoughtfully designed that I ran into way less of that. Plenty of things didn't work for me - there's a lot of unconventional frames that you might be wary of - but the things that worked WORKED.\n\nTheir prices are also way more reasonable than you'd think from the upscale vibe - another reviewer on here said they were expensive and I don't know where they've been getting their glasses, because I've bought a whole lot of 'em in the last 18 years, and this was on the cheap side compared to, say, Lenscrafters, for something considerably more unique. I mean, yeah, you can get a pair for less at one of the discount places, but I've never found anything there that met my standards - I mean, they're pretty much part of my face, I want to do it right. So if you plan on spending several hundred dollars to get new frames anyway, you owe it to yourself to at least check here; it's really nothing like any other glasses store I've ever been to.\n\nBoth my roommate and I got glasses here a few months ago, and when we came back last weekend so that she could also get a pair of sunglasses, the manager and staff remembered us and greeted us warmly. More frames aren't in the budget for me right now, but the instant they are I know where I'll be going.","useful":1,"user_id":"VFeAEiDcW5ZR_Mzp7I1fzg"}
{"business_id":"pgDMnRiVZ_yKA0zezH_jOQ","cool":0,"date":"2013-08-04","funny":0,"review_id":"arrajD_mLhV3TLKiIletcw","stars":5,"text":"As soon as we walked in, the store manager greeted us.  Excellent service and an awesome assortment of glasses to choose from.  As my husband tried on a few pairs, they asked others what they thought.  Very fun and customer focused!  My next pair will be from See and I'll recommend to friends.  :)","useful":2,"user_id":"prWhhkk-R5x0W4ajhDf47Q"}
{"business_id":"pgDMnRiVZ_yKA0zezH_jOQ","cool":0,"date":"2012-12-30","funny":1,"review_id":"KdsrfrQ5S4csuJQINBhHgQ","stars":5,"text":"SEE is an amazing eyewear boutique that just opened up on State Street. My boyfriend and I stopped to look at some frames because the other optometrists on State Street were closed. The staff was super helpful in suggesting frames and letting you know if they thought it worked for your face shape or not. They really encourage you to try on all the frames you want. The sticker price also includes the lenses, so what you see is the total cost (not including tax, I think). If you do not have a prescription, they have a doctor there on Tues and Thurs who can do an eye exam for $39. There are so many cool frames in all sorts of colors and shapes, if you wear glasses or sunglasses you should definitely check it out.","useful":3,"user_id":"nT3tLANzGy0a7DuB_GIQjA"}
{"business_id":"pgDMnRiVZ_yKA0zezH_jOQ","cool":0,"date":"2013-09-13","funny":0,"review_id":"Cz55m3CZ5E1CTXzWihVzag","stars":5,"text":"I can't imagine going anywhere else for my glasses! Shaun/Sean and the entire staff is great!  The doctor is fantastic as well.","useful":1,"user_id":"JL9rhLYuPhyWbDMUnh9oGA"}
{"business_id":"pgDMnRiVZ_yKA0zezH_jOQ","cool":0,"date":"2014-03-17","funny":0,"review_id":"gbvyZJNJBvGfHynuD58ctw","stars":4,"text":"Best staff - so helpful and will give you honest feedback on frames.  They're not afraid to say \"ick\" if you look bad in a frame.  Love the selection - great lab services.  Glasses look great and I can SEE.","useful":1,"user_id":"X8aJ1YUIm0SiKhHsrADYnA"}
{"business_id":"pgDMnRiVZ_yKA0zezH_jOQ","cool":0,"date":"2013-09-23","funny":1,"review_id":"3UYMYaPpHchGN697h2mOWg","stars":2,"text":"Damn you beautiful, blue, poor sighted eyes. I didn't want you to get any worse... Alas you did. \n\nI went in for an eye exam and I filled out a form, while filling it out 6 pairs of glasses were plopped down in front of me to try. I haven't even gotten a new prescription and you already have things you want me to purchase... Jeez. The woman insists I try each of them on and critique them. Then she says I can go check out more pairs, the optometrist pops out as soon as I look at a shelf of glasses. \n\nIf you go to dean eye clinic, you'll see that the nurses wipe down all of the equipment before your face touches it and there are removal pads for each person's forehead. At see...not so much on the hygienic side. I felt grossed out that this was the case and two days ago I noticed some blemishes where my forehead rested.... Nasty. \n\nThe optometrist wasn't particularly friendly, in fact he talked down to me when I saw no difference in the images and walked to the side of me and slowly explained that I should be seeing two images...yes I see them but no difference and I don't need you to show me with pens and hand gestures.  I don't appreciate condescension. \n\nI come out from the exam and there were 20 different glasses for me to try. I really only wanted the exam and if things went smoothly then I would have purchased some glasses. \n\nWhen it's time to purchase some frames, ill be sure to go to a place less pushy and more polite.","useful":2,"user_id":"BS3qOK1iRLcWtoV9KnwyXg"}
{"business_id":"pgDMnRiVZ_yKA0zezH_jOQ","cool":1,"date":"2013-07-19","funny":0,"review_id":"0ZPMqx7zzhHOBWwaYTzLlg","stars":5,"text":"What a great store with such amazing help .these folks know thier biz and are very helpfully and not pushy . I have bought both glasses for myself and little girl here and have had a really hard time fitting yet they fixed her up and she is so happy with her new little cat eye glasses . In a nut shell ,  fashion forward frames ,great price ,and the best staff in he biz .","useful":1,"user_id":"2tiQTcQ3ij7zMPOw5FcCEQ"}
