{"business_id":"p36XSjsfgvEYE_lZHU4nrg","cool":0,"date":"2017-03-19","funny":0,"review_id":"9FPBlUR2XocuYBMbMdrZPQ","stars":1,"text":"They told me insurance wouldn't cover the full cost of my basic cleaning and fillings replaced--something that surprised me and that I clarified at the time. Insurance has since informed me that this was incorrect, and that Aspen charged me even though the insurance had covered the full price.\n\nAspen also listed the wrong tooth to be filled, tried and failed to fill it two full times before managing it (causing me to leave 30 mins after they promised me I would be out), and my teeth still hurt almost a month after the basic cleaning.\n\nI've been to the dentist twice a year for most of my life and have never encountered such incompetent dentistry. I now understand why people hate the dentist.\n\nThey are in place to make money, not to care for your teeth. Go elsewhere.","useful":0,"user_id":"DqfbpJxJgsPTdPrw0BD8zA"}
{"business_id":"p36XSjsfgvEYE_lZHU4nrg","cool":2,"date":"2016-04-06","funny":0,"review_id":"cbSm-JmlMhjxRz3HvsvpLQ","stars":5,"text":"Excellent service at this location!!  HIGHLY recommended if you need dentures, everyone there treats you as family! \n\nYou will NOT GO home dissatisfied!  \n\nThey take exceptional care in making sure that the quality of your dentures are what you expect. \n\nKathy, the technician is a perfectionist and will make sure that what you expect is what you get.\n\nEvery time we come in Danielle has come over to say hello even if she was not assigned to treat my husband.\n\nLOVE ASPEN DENTAL!!","useful":0,"user_id":"jJmT6PZ2yIpo9sLfuZ5Ffw"}
{"business_id":"p36XSjsfgvEYE_lZHU4nrg","cool":1,"date":"2016-08-04","funny":0,"review_id":"qWfawR4jPcEB7KhTjC67sA","stars":5,"text":"Knowledgeable, friendly, caring, kind, and patient - just some of the adjectives to describe the people who staff Aspen Dental.","useful":0,"user_id":"5EcaEdpalyow_bjiUkCQPg"}
