{"business_id":"P8y_F6OBbLHpQ8MpRsEwjA","cool":0,"date":"2015-01-23","funny":0,"review_id":"pj8i3xgfB57VvMviWv5OCA","stars":5,"text":"WONDERFUL EXPERIENCE HERE! Dr. Carrie Donahue did a great job with our pup! After getting terrible treatment at Spring Harbor Animal Hospital, we took him to Full Circle and they fixed our pup right up! She immediately identified the problem - a foreign body in his paw - and removed it. She gave us some stuff to treat it, and 2 days later is looks immensely better. He'll be 100% in 1-2 days. What a relief! We've found our new vet!","useful":1,"user_id":"CKkxn8jwOwhmCmcHcxylpg"}
{"business_id":"P8y_F6OBbLHpQ8MpRsEwjA","cool":0,"date":"2012-03-01","funny":0,"review_id":"hRLUlQHfGI0AdHDGhccItw","stars":5,"text":"After months of trying different pills to control his pain, we made the difficult choice to put our wonderful senior dog Stanley to sleep. We decided it might be more stressful to bring him into our regular vet, so we searched online and found Dr. Carrie and Full Circle. She would come to our home and help Stanley pass on. I was able to communicate with Dr. Carrie via email and she was informative and kind. She said we could cancel at the last minute if we needed to...everything was on our terms. When the day came, Dr. Carrie and her assistant came to our home and were compassionate and patient. They got to know Stanley and got right on the floor to give him a pet when they walked in the door. When we were ready, they gave us all the explanations and time that we needed with each step. Stanley had a truly peaceful death in the bed he laid in with us each night, in the arms of my husband and I. Our other pets were able to see what was going on, so hopefully that has made things less stressful for them. \n\nAfter Dr. Carrie and her assistant left, we found they had left information on grieving your pet and a trinket that we have kept nearby ever since. A few days later, she checked in to see how we were doing and then delivered a paw print from Stanley in clay that we'll keep forever. \n\nI just can't say enough about Dr. Carrie and Full Circle. We found her services to be very affordable, but after going through this (and having not-so-great experiences in the past when our beloved pets were euthanized), we would have paid anything to have the peace of mind and compassion we were given.","useful":4,"user_id":"ZR9l4AiTXwWnKjfKdpnCAw"}
{"business_id":"P8y_F6OBbLHpQ8MpRsEwjA","cool":0,"date":"2016-08-12","funny":0,"review_id":"AJns0cFvgZzEXY3uGCE11A","stars":5,"text":"The anti-itching regime prescribed by Doctor Carrie worked like a dream! 110% satisfied!","useful":2,"user_id":"rK5Dad-qTmkL3jfI6JPABg"}
{"business_id":"P8y_F6OBbLHpQ8MpRsEwjA","cool":0,"date":"2014-07-09","funny":0,"review_id":"FN9w7cNntZzVl_eITY3G0A","stars":5,"text":"So, bottom line is that Dr. Carrie is awesome.  Most vets over-prescribe all sorts of medicine - monthly flea/tick, monthly heartworm, etc etc. As a result, I have learned to go to \"holistic\" vets, but let's face it, some if them are a little TOO holistic for my tastes (I don't think essential oils will cure cancer, for example).  Dr. Carrie is the perfect blend - she knows her stuff and recommends the necessary vaccines/medicines without over-prescribing. She is a wealth of information and is friendly and warm. She is the best!","useful":1,"user_id":"e3bdGUM_aVSFwcFRBDWHrg"}
{"business_id":"P8y_F6OBbLHpQ8MpRsEwjA","cool":0,"date":"2013-07-11","funny":0,"review_id":"8LpHAAtEJmsi6c8xhCsE9Q","stars":5,"text":"Surely no one ever wants to have to put their pet down, but when that inevitable time comes, it's supremely comforting to know that there are veterinarians like Dr. Carrie who provide compassionate and thorough care.  My cat has been on a slow decline for about a year now.  I always felt I'd know when he would be ready to pass on, but it didn't make the decision easy by any means.  From the moment we walked through the door, Dr. Carrie and her assistant made me feel calm and helped assuage the guilt associated with putting down your beloved pet.  Her calm, pleasant and extremely caring nature helped make the whole process much easier to deal with.  It's clear that she cares as much about the human clients as she does the animals.\n\nI hope it's a long time before we meet again, but in the meantime I hope this review helps others to find a peaceful and caring way to end their pet's suffering.  \n\nThank you so much.","useful":0,"user_id":"OChd58NTOvqhrMe5dUJHPw"}
{"business_id":"P8y_F6OBbLHpQ8MpRsEwjA","cool":0,"date":"2012-05-11","funny":0,"review_id":"hVtaZ0od9PJqOA5H9ncYxA","stars":5,"text":"I cannot say enough good things about Dr. Carrie and her empathy towards our family and the difficult decision we faced. It is never easy when it is time to say goodbye to a trusted loving family member. Dr. Carrie did not make it easy; however, she made it easier. \n\nThere was a sense of peace surrounding Duke's final moments. A sense of peace we would not have had in a sterile vet's office.","useful":0,"user_id":"cHO4pLf-n9tVXzrMDkXMSg"}
{"business_id":"P8y_F6OBbLHpQ8MpRsEwjA","cool":0,"date":"2014-09-17","funny":0,"review_id":"FkhgryhWxuCiQui9hpWzQg","stars":5,"text":"We love Full Circle! We have an elderly spaniel mix with a host of chronic issues, and Dr. Carrie has been wonderful in helping to ensure that he is as happy and healthy as possible. The support staff is cheerful and knowledgeable, and the space itself is relaxing -- with dog toys in the waiting room to entertain the pooches while you wait for your appointment! They call the day after appointments to make sure everything is going well, and our appointments have always been on time. Full Circle is a wonderful addition to Madison's near-east side.","useful":0,"user_id":"CjQqDD8YErHcYZtjEGK9sg"}
{"business_id":"P8y_F6OBbLHpQ8MpRsEwjA","cool":0,"date":"2016-02-08","funny":0,"review_id":"nTlagEglMTspAf-TDlVfdQ","stars":5,"text":"I can't say enough great things about Dr Carrie and her staff at Full Circle Vet. \n\nMy 9 year old Pug's Mast Cell Tumor Cancer returned with a vengeance a little over a year after a mass was removed with 'good margins'. The surgery was done by my previous traditional vet in Chicago. I wish I would have known then what I know now about dogs and cancer. I would have taken my Pug to see Dr Carrie right after surgery. \n\nDr Carrie treats the body as a whole by offering nutritional recommendations, Chinese medicines, herbs, acupuncture, essential oils, etc....Healing and strengthening the immune system, blood flow, inflammation, pain relief, etc....\n\nMy dog had other health problems that were exacerbated by the cancer. In the end, we talked about her quality of life. She transitioned this world in a most peaceful and dignified way. The room was filled with so much love. I'm very grateful for Dr Carrie and a very special person who was also in the room with us.\n\nI believe in using both holistic and traditional vet care. If you're on the fence about holistic vet care, stop by Dr Carrie's office. I highly recommend.","useful":2,"user_id":"sEHPtebeJONQnadFIjCuNw"}
