{"business_id":"pAvqYATjeOZ81xRXh_LC1g","cool":0,"date":"2017-03-07","funny":0,"review_id":"zjB-dyxQCnUPlrhJlLM04g","stars":5,"text":"As someone who suffers from an auto-immune disease and chronic pain, Float Factor has really changed the way I treat my disease. Before I was taking 6 extra strength Tylenol/day to deal with pain. Now, go to Float Factor once a week for an hour float room session.  \n\nSkeptical at first, float has become one of my favorite weekly activities. The soothing effects on my muscles lasts a few days and the night of the float is the best night of sleep by far. The Float Factor is my oasis - I can soothe my muscles, clear my mind, and meditate - all in one place.\n\nIt's taken about 3 floats to really get the hang of meditating - but one of the most transforming experiences I've participated in.","useful":1,"user_id":"G_nYxgiZekCekV68jYfFtg"}
{"business_id":"pAvqYATjeOZ81xRXh_LC1g","cool":1,"date":"2017-04-20","funny":0,"review_id":"zMokxJmewMdXpVUE_sN7EA","stars":5,"text":"The ability to be utterly quiet and weightless is more relaxing for my mind and my body than a massage.","useful":0,"user_id":"L2xJWax59jCfqXfDsvCu1A"}
{"business_id":"pAvqYATjeOZ81xRXh_LC1g","cool":0,"date":"2017-02-18","funny":0,"review_id":"k6Gmfdl604TI7sw83PmVzA","stars":5,"text":"Best expierence I ever had. Feels like your body leaves the skin and your in outer space. Im going to do this at least twice a month as a form of meditation and body detoxation. This would be an excellent gift for anyone. Now get down to this place your missing out on a great expierence. Thanks Float Factor.    Kelly V","useful":0,"user_id":"f2HnZN-7Y7s3s241djlJ6A"}
{"business_id":"pAvqYATjeOZ81xRXh_LC1g","cool":0,"date":"2016-08-12","funny":0,"review_id":"eaAec2Yqk0mDmL5ks1djdA","stars":5,"text":"Absolutely one of the most transformative experiences I've ever had. I've never felt so relaxed. I can't recommend this place enough!","useful":0,"user_id":"pMSPGi24xLabOujm8lJ0yQ"}
{"business_id":"pAvqYATjeOZ81xRXh_LC1g","cool":0,"date":"2017-02-05","funny":0,"review_id":"kzI-siYzzCwYRGQk24TEvw","stars":5,"text":"The first 20min felt kind of claustrophobic but I just gave in and controlled my breathing. At 40min I was almost falling asleep and had complete body paralysis. It was probably the most relaxed I've ever felt. Another hour in there and I feel like it could have led to an out of body experience.","useful":0,"user_id":"pwyTde4cydCHqzEY96NoAA"}
{"business_id":"pAvqYATjeOZ81xRXh_LC1g","cool":0,"date":"2017-07-10","funny":0,"review_id":"IyNSI-8GX4z53N45sF3rXQ","stars":5,"text":"A wonderful experience. I found floating to be very calming plus the Float Factor has a very well thought out operation. The appointment reminder email has links to select the music you want in the float pod and directions to the location. The staff has a very upbeat attitude. The place is nicely decorated with colorful pictures and artwork. The pod rooms were very clean and the pods look new. Afterwards, I sat in room near the reception and drank tea. I highly recommend floating at the Float Factor.","useful":0,"user_id":"zr5XImvx3-nxMtHv3RKqDQ"}
