{"business_id":"pW-Xx8F83WLogN5nHS-8cA","cool":2,"date":"2015-08-04","funny":0,"review_id":"pWx6Ed0R9AQI5SlSGst7tQ","stars":5,"text":"The eye exams at this place are AWESOME! The doc there is very much into his craft and so knowledgeable, helpful and caring. He had eye issues as a young person so he lives this stuff. I have been getting exams for decades but I learned more in one session with him than I ever did in the last 20 years. Now this won't be your 20 minute eye exam, you want to plan for an hour. More if you're getting your glasses there. The service is very personal and they take the time needed. Their selection of frames is top notch. High quality French and Japanese brands with super cool designs unlike anything else I've seen in town including Ulla. I went to the one on Atwood and was blown away by the personal service.","useful":1,"user_id":"eJ00Pm6BVn91jySR6ETCag"}
{"business_id":"pW-Xx8F83WLogN5nHS-8cA","cool":0,"date":"2014-06-04","funny":0,"review_id":"RJoRtCtys4e8quNpRFrl6w","stars":5,"text":"I've been to Eyeopia for both both eyeglasses and contact lenses.  It is the best optometry experience I've ever had by far!  Dr. Peter Andreakos is engaged, intelligent, and clearly enjoys working with people.  He took the time to talk to me as an intelligent adult about my prescription and eye care needs (work on computers all day, need bifocals in a few years).  They were careful to help me find glasses that worked best with my prescription but were also unique and complimented my face/eyes. (I get compliments on my modified cat-eye's all the time now!)  They also helped me find the best contact lenses for particular needs (dry eyes, astigmatism). \nThe staff are also engaged. conversational, and knowledgeable.  They give a high level of personal service and remember me when I go back.\n\nEyeopia is a refreshing experience.  They make me WANT to go back to the optometrist because I always leave there feeling great.   I can never go back to the beige, beige office of my former optometrist ever again.","useful":0,"user_id":"tVtvZVmr1T6CECNqr7sAsg"}
{"business_id":"pW-Xx8F83WLogN5nHS-8cA","cool":0,"date":"2014-07-26","funny":0,"review_id":"vg_pyrBfxXOKZEG7ykhGJA","stars":5,"text":"My review is being filtered by Yelp's software, so I'm going to try this again because gosh-darn-it- this business rocks and deserves some praise. In my first review I indicated that I was not a patient- which is true- but I AM A CUSTOMER ON THE RETAIL END OF THE BUSINESS. \n\nThis review is over-due and 5 stars was well-deserved by the amazing staff and doctor-owner here. \n\nThe doctor and team at Eyeopia were all exceptionally patient and friendly with me as I went through the long process of finding the perfect pair of eye wear. The business model is a little different- but if you are open to the approach- you won't be disappointed. \n\nHere's how it works: Make an appointment. You sit down. They talk to you- get to know you and what you are looking for. Then they start bringing you frames and you start trying them on. You can still walk around the store mindlessly looking for the right frames- but let's face it- none of us know what we are looking for until it is on our face. My partner and I went through the process together about 1 year ago. \n\nNo adjustments needed for my partner. I had issues with the lens material and finding a material that was compatible with my vision. They swapped the lenses out twice- with no hassle and no additional charge. By the end, I was asking if I could pay more- and they kept saying no. \n\nPerhaps the frames here are more expensive than other discount offerings- but they deliver on carrying beautiful, well-made frames (I get compliments at least 2-3 times a week) and service. \n\nHighly recommended.","useful":0,"user_id":"TIaGhZk3W4nA7AXroaIdjA"}
{"business_id":"pW-Xx8F83WLogN5nHS-8cA","cool":0,"date":"2012-10-27","funny":0,"review_id":"r0Gj3kuvX4t8c9iziCUJNw","stars":5,"text":"I recently purchased two pairs of eyeglasses at Eyeopia's new location on Monroe St. \n\nHands down, this was the best experience I have ever had shopping for eyeglass frames.  Their way of doing things is different--it's by appointment--AND, going with the flow and doing it their way resulted in finding the best frames and lenses I've ever purchased. (The added benefit is that your frames will be in perfect condition.) \n\nAbout their appointment-based approach... I would not have found the perfect frames without Peter (the owner and optometrist) and Stella (the manager at the new Monroe Street location, and the most patient, knowledgeable, and helpful optical person on the planet). For me, shopping for eyeglass frames had been about as painful as finding jeans that fit. No more!  \n\nEyeopia's selection and service are outstanding. Given their eye for great design, Eyeopia's selection works for any age, ranging from playful and \"out there\" to clean, classic modern designs.\n\nI told Stella and Peter that I wanted my frames to help me present an image of confidence, competence, and approachability, and that I wanted to be on trend with my East and West Coast clients. I love my new glasses, and received many complements on my recent trip to Los Angeles.\n\nPeter is great!! The prescription that my doctor wrote was way too strong, so Peter worked with me to find the exact right prescription and positioning of my progressive and computer lenses to meet my lifestyle. The lenses now work perfectly for me. \n\nPeter and Stella were 100 percent committed to helping me have a great experience and find great glasses. They succeeded, and I am delighted!!","useful":1,"user_id":"iVsk_I0uxQcdo0UsuF9L7g"}
{"business_id":"pW-Xx8F83WLogN5nHS-8cA","cool":0,"date":"2014-07-31","funny":0,"review_id":"YO7zVnRHJVsfJ86jdxSlAQ","stars":4,"text":"At Peter's recommendation (the owner), I did a fitting at both locations as they have different inventory at each store. I worked with Abi on Monroe St. and Savannah on Atwood Ave. OMG, what fun!!!! I really wanted the stress & work taken out of the frame finding process and Eyeopia was just the ticket. I love their process. I felt well taken care of and the frames are gorgeous/high quality. Fun, classy, quality, professional, all around great experience! Thank you to Peter, Abi, Stella, Savannah, and Liza! I will be back!!!","useful":0,"user_id":"I56E92RKWGt8ECdpGVcURA"}
{"business_id":"pW-Xx8F83WLogN5nHS-8cA","cool":0,"date":"2011-05-04","funny":0,"review_id":"tiveQ61pZ8bcHweDQjennQ","stars":5,"text":"I was completely surprised to read these reviews- I had the opposite experience with Eyeopia. I thought I'd weigh in, since I've been recommending this place to all my friends.\n\nI'm used to optometrists being gruff old men, but I found the optometrist at Eyeopia to be charming and funny. I had also been wearing a brand of two-week contacts for several years that I could really only wear for one week because they quickly became uncomfortable. The optometrist gave me two new brands of one-month contacts to try out, both of which were MUCH more comfortable, and which I can wear for the full month. It's saved me a lot of money!\n\nI admit I didn't shop for frames or attempt to take photos of myself, but overall I thought the customer service was great at Eyeopia, and everyone there treated me with respect (as far as I could tell).","useful":1,"user_id":"VwnMpXk7CxOSsjgHdsD8dA"}
{"business_id":"pW-Xx8F83WLogN5nHS-8cA","cool":0,"date":"2014-03-19","funny":0,"review_id":"Llo7HALFDgWafm0iKv3XTw","stars":5,"text":"I love this place! Everyone who works here, Stella and Peter are fantastic! I love that they bring glasses to you while your eyes are dilating and help you narrow down frames that look great on you. All the other times I've ever tried to pick out frames has been rough since I can't see without glasses or contacts and lets face it. Trying to pick out frames sucks when you can't see things.  They have a really great selection of frames for regular glasses & sun glasses. There are vintage frames, hip, funky, and everything in between to make you look fantastic. I haven't ever gotten so many compliments before on a pair of glasses.","useful":0,"user_id":"ZXwvMYWNfa0WoZ2mzU1QOA"}
{"business_id":"pW-Xx8F83WLogN5nHS-8cA","cool":0,"date":"2011-11-22","funny":0,"review_id":"M3kbEJNrTt6Cjdbry2wBuw","stars":5,"text":"Far and away the best optometry experience of my life. I've been a glasses-wearer for over 15 years, and Eyeopia made it apparent how poor my previous optometry experiences were. I got the most thorough eye exam I've ever had, had an optometries that was patient and understanding, and a staff the helped me to find the perfect glases independent of my preconceived notions of what looked good on my face. I cannot recommend Eyeopia enough, and will never go to another optometrist as long as I live in Madison.","useful":0,"user_id":"JVAkjklETFo0176UR8u8Zg"}
{"business_id":"pW-Xx8F83WLogN5nHS-8cA","cool":0,"date":"2010-09-21","funny":0,"review_id":"P0GnS0OWQ9jcyPF34ZaS-Q","stars":5,"text":"Great doctor and staff! I love the frame selection here and simply the best glasses I have ever had. I recommend the ProDesign frames from Denmark, they just fit perfectly and look great!","useful":0,"user_id":"TzoUV6DmBErQ2ICSigmHug"}
{"business_id":"pW-Xx8F83WLogN5nHS-8cA","cool":0,"date":"2012-09-26","funny":0,"review_id":"wvwAUK1mphryYdOgPmIl3w","stars":5,"text":"I just don't understand the anger in some of the reviews of Eyeopia. I can honestly state that I have had one of the very best experiences at and an optometrist and one of the best eyewear buying experiences ever. \n\nPeter is fantastic, his staff; friendly and helpful. This is like no other eye exam and eyewear place I've ever been to. It's not sterile (attitude or environment), cookie cutter or corporate. It's truly boutique, individual, and chic. \n\nBe prepared for different. The method with which they help choose eyewear works. Many times I've purchased frames because I thought they fit or looked good, only to later find they were uncomfortable and not well fitted to my face or head. They'll be honest with you on what works so don't take it personnally. Trust them because they do this everyday. You, genrerally, only shop every other year. \n\nI'm as picky and anal in the buying experience as anyone can be and this place gets it.\n\nI would strongly suggest you check it out yourself and not take the angry, vengeful words of another to make up your mind. If you don't feel comfortable, leave. No need getting into an arguement or dispute. If you don't fit there, move on. No harm done.\n\nI can tell you the minute I walked in the door, I knew where I was getting my exam and buying my frames, lenses, and contacts.  \n\nOne happy customer!","useful":0,"user_id":"L1-soHyPiDsk1zoYuy5r7Q"}
{"business_id":"pW-Xx8F83WLogN5nHS-8cA","cool":0,"date":"2015-03-31","funny":0,"review_id":"bU2VW-fGvpHpg6aKAzhzqA","stars":4,"text":"Love this place. \nBest eye doctor I have ever had.\nSure the prices are high, what do you expect from a boutique eyewear place. \nBut the exam is worth every penny.","useful":0,"user_id":"sJfsabPADgNDoh6-mu2yfQ"}
{"business_id":"pW-Xx8F83WLogN5nHS-8cA","cool":0,"date":"2015-12-27","funny":0,"review_id":"NOQ0nzJa5RfmDXbMH0LC5Q","stars":5,"text":"The eye exams are excellent . The Optometrist Is very thorough and really cares . The only place I've ever went that they really find the best and coolest frame for you.","useful":0,"user_id":"4tWByxj9HUijQ3eDgIs_DQ"}
{"business_id":"pW-Xx8F83WLogN5nHS-8cA","cool":0,"date":"2011-11-23","funny":0,"review_id":"Cmr10uS892-IWQ71xQeC6g","stars":5,"text":"peter, the optometrist, is great! super nice guy who is engaging, funny and smart, and willing to answer any questions you have in a professional manner. \n\nall of the women who work here are very friendly and helpful. they helped me to pick out my new frames and i couldn't be happier... they're cast from a vintage frame mold, made in the US, and totally me. i've received a TON of compliments and have been happy to tell people where i got them.\n\ni am so glad i decided to give eyeopia a shot, and will definitely be back for all of my eyecare needs.","useful":0,"user_id":"vO1a12SLh9EgKLnEw9vkcg"}
{"business_id":"pW-Xx8F83WLogN5nHS-8cA","cool":0,"date":"2010-11-21","funny":0,"review_id":"SA5Qk8tfNDiI58Qaa-SbvQ","stars":1,"text":"I echo Sean B.'s review.  As a longtime boutique-glasses shopper (Spex on State St., Ulla for years since), I was eager to see what Eyeopia might offer beyond other options in town.  I entered the store on Atwood and began to browse, trying on some of the frames that appealed to me as the woman behind the counter chatted away with a friend/customer.  She finally seemed to suddenly notice I was in the store when she raced over to chide me, in front of the other customer/friend/whomever, for handling the glasses, telling me that at _this_ store, the staff select frames for customers that they think they should try on, and customers do not touch or, frankly, opine at the first pass.\n\nI've been wearing and handling fine glasses for two decades, so I decided to take a pass on the rather ridiculously silly non-service and headed over to Ulla, where (Sean B., listen up!) trying on and handling glasses, even taking your own photo with them, seems to be no problem at all, and certainly doesn't mean that a lower level of service is offered.  I dropped $500 on a lovely pair of SALT frames there and haven't looked back at Eyeopia since. \n\nBy the way, by all accounts, LA Eyeworks and other lines I noticed they carried, before being scolded out of the shop, are notoriously poor quality and other shops I know well do not carry those lines for a reason.","useful":4,"user_id":"1lMU2hQKtPzYUxSuUH3q8g"}
{"business_id":"pW-Xx8F83WLogN5nHS-8cA","cool":0,"date":"2015-02-27","funny":0,"review_id":"VJmXuGZeMF3g17odt1JxLQ","stars":5,"text":"I am still going to Eyeopia & really liking it. The rude (or at least sort of rude) woman I encountered before hasn't been there in the times I've been back for yearly exams and lens fittings. I think she may have left. The new people that I have encountered have all been fantastic!","useful":0,"user_id":"EN8eBPmMtmjyJa0Z2bGLeQ"}
{"business_id":"pW-Xx8F83WLogN5nHS-8cA","cool":0,"date":"2010-11-21","funny":2,"review_id":"4n4XIimuHS7tILe8CytdIA","stars":5,"text":"If you've only shopped for frames at Sears and you're accustomed to taking photos of yourself as part of the eyewear decision process, Eyeopia might be a little intimidating. If you're really fragile, sheltered and emotionally challenged, you might even find Eyeopia insulting and/or condescending. There are few professions as socially violent as optometrists after all. It's THOSE four-eyed beasts that roam the streets mugging widows and burning down orphanages. \n\nEyeopia is a full-scale eyewear boutique. One goes there to be serviced by a careful, learned, talented and invested staff member who wants you to leave not just satisfied but elated. If you want a pair of frames that will keep the metal filings out of your eye when your operating the third shift punch press go to Wal*Mart. If you want of a pair of frames that will blow the tits off your date and impress your friend from Manhattan then go to Eyeopia. If you're \"a little bit of hipster\" and your own vanity matters to you, you'll fucking love Eyeopia as long as your not a lunatic who could benefit from decades of therapy and megavolts of electroshock therapy. \n\nI'm been to both boutiques, Dr. Pete has checked my eyes for the past three years, and I have been thrilled with the frames I've been put in. He and his staff take into account your hair color, face shape, skin tone, eyebrow arch and all sorts of factors when they fit you with a frame most suitable for your application. Each frame that adorns your face is evaluated. On my last visit, no less than five people (FIVE!) were consulted as I narrowed down my final collection. Bad genes gave me shitty eyes, but Eyeopia gave me stellar frames. The trade-off is a net win.","useful":5,"user_id":"TC8fL2PiY0jL80_MXN9eiQ"}
{"business_id":"pW-Xx8F83WLogN5nHS-8cA","cool":0,"date":"2011-10-17","funny":0,"review_id":"pwT5v4c-euyJanYS0eDmsQ","stars":4,"text":"I had  a perfectly delightful time  choosing my glasses here.  The optometrist spent a very long time talking with me about my vision concerns, how I use my eyes during work and leisure, how my posture will affect the placement of my progressive lenses and how I can expect  to adjust to my first bifocals.  I always have a hard time finding frames I like, so i appreciated having someone knowledgeable make the first round of suggestions.  We narrowed it down to 4 or 5 good choices, then I later returned with a friend to help make the final selection.  No one batted an eye when I mentioned budget concerns in my frame choice and they were completely helpful in making the most of my insurance benefits.  So far, I'm a fan.","useful":0,"user_id":"hlfD6duY54QBZHEM2vP32A"}
{"business_id":"pW-Xx8F83WLogN5nHS-8cA","cool":0,"date":"2017-07-04","funny":0,"review_id":"bCcdMbxsSXlPH3P3gd44IA","stars":5,"text":"I am so happy with my new frames from Eyeopia, and I can't thank Sarah enough for her help. I've always found it hard to find glasses because A) I have a terrible prescription that won't work with some frames, B) my nose has no bridge, so lots of frames slide off, and C) I just don't look that good in glasses. Somehow Sarah found no less than a half dozen very cute and fashionable frames that look good on me AND stay on my face AND work with my prescription. It's like a miracle. Plus the frames I got cost less than any of of the boring frames I found at other shops. If you have a hard time finding good looking glasses, I highly recommend Eyeopia on Atwood and Sarah!","useful":0,"user_id":"qqAFlTnr45HI3Vnf63q1RA"}
{"business_id":"pW-Xx8F83WLogN5nHS-8cA","cool":0,"date":"2017-07-18","funny":0,"review_id":"3Y5-RD5i0PA6Oc6w3T5PRQ","stars":5,"text":"Just came home from getting the final measurements for my new pair of glasses, having had an eye exam and frame selection yesterday. What an experience! Dr. Peter explains everything so well and does not BS you. He's also a funny guy, which put me at ease. I was almost overwhelmed by the frame choices, and truly appreciated their approach for selecting just the right frame. They bring you options, and if they think the frame is wrong for you after it's properly seated, they whisk it away immediately.. The \"yes\" and \"maybe\" piles may grow, but Sarah and even Dr. Peter can help you narrow those down in short order. They even took pictures of me trying on each of the few remaining choices so I could review them at home. I'm eager to my new pair of glasses, because I know they are going to fit me properly (unlike my current pair from LensCrafters) and the frame is super cute. They'll have to do a lot of work to get me to take my business elsewhere.","useful":0,"user_id":"bITAoVxTDsUBSDSykvd8Vg"}
{"business_id":"pW-Xx8F83WLogN5nHS-8cA","cool":1,"date":"2011-06-25","funny":1,"review_id":"pVJawsfNoB3UTxguuDLw6A","stars":1,"text":"This is the worst eyeglasses store I have ever been in.  Correction:  The worst store period.  \n\nBad service is not even the right term.  They have glasses that are hard to find other places, but what the heck?  In my whole life, I really have never been yelled at by a shopkeeper until it happened to me suddenly and very unexpectedly at Eyeopia. I was totally blindsided.   Incredibly, it was not by some disgruntled employee, but by the owner!   And this was after I had spent $600.00 in the store!\n\nSelection is not worth it if the owner doesn't bother to stop himself from losing his temper if you inadvertently cross him. There are other good places to get glasses in Madison.   This place sets a new standard for awful service.   However, if you like to live dangerously, or enjoy being insulted, then this is the place to buy your glasses.","useful":3,"user_id":"lyT46GAEnMWJJMGSZjRrvQ"}
{"business_id":"pW-Xx8F83WLogN5nHS-8cA","cool":0,"date":"2016-04-09","funny":0,"review_id":"ccmmu8DEurxd5Wfhx4CbhQ","stars":5,"text":"I've been here for 2 eye exams, contacts, and a sunglass purchase. Dr. Peter Andreakos is exceptional! I changed to this optometry clinic in early 2015 after a horrible customer service experience at another locally owned office. Since coming here Dr. Peter has been approachable, honest, funny, relaxing, and ultimately professional. The staff here is ALWAYS outstanding! Forgive me for not remembering names, but they all extend their knowledge with no qualms or hesitation. This matters to me because I rely on their professionalism. How professional they are depends on how you feel interacting with them. And, it all works here. The biggest thing for me - The contact fittings here are excellent!","useful":0,"user_id":"WfV8RdSsFxOAYI0I8MYlTQ"}
