{"business_id":"QXA3A98cch3Kf0jJT3QDDQ","cool":0,"date":"2012-02-17","funny":0,"review_id":"I7fiZng-FjKIjXwlvby-PQ","stars":3,"text":"I go for the cheap eye exams (glasses and contacts). Dr. Ken has been in the office since I started visiting a little more than 4years ago now. \n\nThe staff is stable and responsive enough. \n\nThe frames are nothing I prefer but they stepped up and offered more name brand/designer frames. But contacts and contact exams are good enough to beat Sam's wholesale prices so I remain loyal. \n\nNever a long wait. Exam day (I'm never brought right back) but in under 3minutes - I'm going back. Upon pick up: fitting never takes long. Cleaning is always done with professional courtesies. Check out in the eyewear dept with no addt'l waiting or lines.","useful":1,"user_id":"r-zUIQPaHzvIyL93wQaoiQ"}
{"business_id":"QXA3A98cch3Kf0jJT3QDDQ","cool":0,"date":"2015-09-18","funny":0,"review_id":"mgGSfa1-rCOsrUmWsssyCQ","stars":2,"text":"My exam yesterday was quite a disappointment. I won't be going back even though scheduling was quick and the exam was cheap. The place was overwhelmed with customers, I wasn't even checked in until 10 minutes after my appointment time. The woman who did the first part of my exam was nice, but the optometrist was such a disappointment! After a brief exam he told me I needed glasses (which I suspected) but gave me almost no explanation and told me contacts were not an option. I felt so confused when I left that I called a clinic recommended by a friend and scheduled another exam. What a waste of time!","useful":0,"user_id":"aOyQ1qgni0Z7oCnYqwhkkw"}
{"business_id":"QXA3A98cch3Kf0jJT3QDDQ","cool":0,"date":"2014-03-14","funny":1,"review_id":"gDd2b_1tUz2bLMuPCWCDrA","stars":2,"text":"My prescription had changed and since I'm on the west side, I decided to visit Shopko Eyecare Center for the eye exam.\n\nThe good: The exam didn't take long, and it wasn't crowded. One half of the exam is done by one person who handles the front desk and the other half is handled by an actually optometrist. \n\nThe bad: They really need to do a good cleaning on all the equipment they use. One of devices need to check my eyes had grease and hair stuck to it. It looked like it hadn't been cleaned in a long time. Also, if you are looking for any extras, you need to go somewhere else. I asked about getting tested for Macular Degeneration and I was advised to visit UW clinic or Dean clinic.\n\nThe cost of my exam was $53.","useful":2,"user_id":"c7GMekr3HNT947UlT6IvyQ"}
