{"business_id":"quDJejS81zZM3Vmvyz8fBQ","cool":0,"date":"2011-03-20","funny":1,"review_id":"mSQUeB7e_QFnkeQdCQKuiQ","stars":5,"text":"Extremely competent staff. Got me into the right contact lenses on the first appt. Everyone was friendly and I interacted with every employee on my first visit. They have a Middleton clinic as well, and a good website with lots of information about the doctors. I researched a lot before I found them and I'm glad I made the right choice. Have already had friends go to see them.","useful":1,"user_id":"5WuM15S_fdmH35SeOSWXbQ"}
{"business_id":"quDJejS81zZM3Vmvyz8fBQ","cool":1,"date":"2012-04-04","funny":0,"review_id":"NGVI4iStSJtbmQQO6ktunA","stars":5,"text":"Quite possibly the best optometrist I have ever been to, and I have been seeing optometrists for almost 20 years.\n\nEveryone here is SUPER nice. They make a point of cleaning all of the equipment you are going to be touching right in front of you. And (my favorite part) they don't do the puff test! They have this little contraption that touches your eye (I thought it would freak me out, but it was fine.) - WAY less stress than the damn puff test.\n\nI will definitely be going here from now on for eye exams.","useful":1,"user_id":"eiNMxqkU3kpOAiyXPZWRjw"}
{"business_id":"quDJejS81zZM3Vmvyz8fBQ","cool":0,"date":"2017-06-06","funny":0,"review_id":"Buamj-R_A1oRYl1kGrib5Q","stars":1,"text":"I recently moved to Madison and chose this optometrist office based on Yelp reviews.  \n\nI'll start by saying the doctor and technician were very strong.  I felt like I had a solid eye exam.  My poor review is based on the cost practices of this office.  I've worn the same brand and strength of contacts for several years.  In this exam, they confirmed that prescription was still the right one.  They did not fit me with new contacts.  They charged me $42 on top of the $139 exam fee for a \"contact fitting\".  When I objected because they had not done a contact fitting, I was informed its a required charge whether I get a fitting or not.  I've gone to several other optometrists and never been charged a fitting when there was NO fitting.  I complained and asked the person I was dealing with to talk with her manager about this, and indicated I would not be returning to their office due to this.   After 24 hours, I have heard nothing so decided to share this via yelp.  So $181 for a visit compared to my former optometrist who charge $89 for the same.  \n\nBe smarter than me!  Ask more questions about the price of the services before you go!","useful":0,"user_id":"vKBiiEFt3iaXTqXAqWWddw"}
{"business_id":"quDJejS81zZM3Vmvyz8fBQ","cool":0,"date":"2017-02-04","funny":0,"review_id":"FPVg0rfl_w3xBSB8d77fyg","stars":5,"text":"Great eye care center.  They have the latest technology and the staff is quite knowledgeable. They really listen to you and help find solutions.","useful":0,"user_id":"dJzqSybfVhHlQg1BZ3gF2w"}
{"business_id":"quDJejS81zZM3Vmvyz8fBQ","cool":0,"date":"2013-08-21","funny":0,"review_id":"_p-cVRTEx9-RnvsF0PcJUQ","stars":4,"text":"Very thorough and pleasant staff.  Dr Callie Maursetter was wonderful!  Knowledgeable, professional and friendly.   I would give this 5 stars except for 1 thing.  First, whatever that contraption is to measure my eye pressure is awful. There is no puff of air but to say you are going to \"tickle my eye\" is the understatement of the year.  Instead of scarring the crap out of me with air this little contraption sticks something in it, it is as terrifying and equally uncomfortable as the dang puff test. If it wasn't for this incident I would have had a 5 star visit.","useful":0,"user_id":"YDx_hrAjnVhtaJhbQY_XJg"}
{"business_id":"quDJejS81zZM3Vmvyz8fBQ","cool":1,"date":"2014-02-13","funny":1,"review_id":"z1xQIPBFSx1LQwPJ1rycpA","stars":5,"text":"The opticians and optometrists at Isthmus Eye Care are so friendly and helpful. I recently had an eye exam and contact fitting here, and it was a great experience. Not a huge fan of having my pupils dilated, but they put some drops in afterward which was supposed to help the dilation go away faster. Dr. Maursetter was very nice and explained the purpose of all the tests she was running. It's always helpful when a professional is explaining what they are doing instead of just doing something and leaving you wondering why they are doing it. She gave me some daily contacts to try since I had complained of dryness with the two week contacts. After wearing those for a week, I decided I did not like them so they gave me a different brand to try on. They are very accommodating of your needs, and ordering contacts from them is quick and easy.","useful":1,"user_id":"nT3tLANzGy0a7DuB_GIQjA"}
{"business_id":"quDJejS81zZM3Vmvyz8fBQ","cool":0,"date":"2017-07-23","funny":0,"review_id":"_9XOPqhebXQzC7AiluYFPg","stars":5,"text":"Dr. Adam Burns was great. I chose this location after many years of annual exams at GHC. My insurance changed, so I needed a new provider. I'm passionate about supporting local businesses and this is location is five minutes or less from my home. Robyn helped me understand by glasses benefits while also understanding I wanted to go home to my holiday weekend. She quickly advised me and let me come back another time to look further. Beautiful new office with nice, updated technology. Highly recommend.","useful":0,"user_id":"KRqwju38ytfZxPnsVRtIDw"}
{"business_id":"quDJejS81zZM3Vmvyz8fBQ","cool":0,"date":"2013-09-16","funny":0,"review_id":"NfpDjG53T2MQzhEg06ivFg","stars":5,"text":"I received a rave recommendation from a friend, so I scheduled an appointment.  I was very happy with it.  Dr. Mauresetter, Amy and Robyn were all very professional and personable.  They were much more thorough than my previous optometrist.","useful":0,"user_id":"fbaes7S3KK9Dv9AeJjsAjA"}
