{"business_id":"QpDdv1SBudkBr5BlQw10Og","cool":0,"date":"2013-12-02","funny":0,"review_id":"nmgj7AGlYp7jGes5yPoHDw","stars":5,"text":"Dr. Khan is a fabulous surgeon. He has the most fantastic \"bedside\" manner and the office's music is also a great distraction. He helped locate and remove a cyst that wrapped around my molar.  He showed me the cyst after surgery to let me better understand what was happening to my tooth.  In the most painful moment he listened and analyzed my problem, calmed me during my surgery and even followed up with a phone call.  Fantastic!","useful":0,"user_id":"KImDfKRpLV1vv7in15gehg"}
{"business_id":"QpDdv1SBudkBr5BlQw10Og","cool":0,"date":"2013-12-20","funny":0,"review_id":"hTBJ-kTu8Hj6ZUOq8_mDJg","stars":5,"text":"I had a root canal done today. The process took around 30 minutes and \nI really had no pain during or after. I did not take any pain medication even though it was prescribed because there was no need. Dr. Douglas Ferris takes a lot of care and pride in his work, even in the way he carefully and painlessly numbs your gums before the procedure. I highly recommend him.","useful":1,"user_id":"e9bVxMuG-1NIJWqT_pDEmQ"}
{"business_id":"QpDdv1SBudkBr5BlQw10Og","cool":0,"date":"2015-05-19","funny":0,"review_id":"8UCfTCmlhj_0uQtpgZJmcA","stars":1,"text":"My husband went to them because of an infection in his jaw bone.  Was quoted $2100-$2500 for a molar apicoectomy.  He asked them to see if our health insurance would cover any of it.   They said no.  (A side note about our insurance...  We have tricare through his military service.) He called tricare from their office and was told that yes, they do cover this.   The receptionist argued this with him while he had the claims rep on the phone who told them it was and she finally agreed to submit for preauthorization - bringing us to today where they called to say the authorization was declined.  When we called tricare to see what happened.  Tricare said it is covered as a limited approval and required an explaination and none was given (tricare told her this over the phone while my husband was still in their office).   Had they put a reason in there he could get this fixed next week.   Without it he needs to go through the appeal process (30 days) and hope it doesn't get worse in the interm.","useful":1,"user_id":"igXOx1YhIj9725KK5qiZOA"}
{"business_id":"QpDdv1SBudkBr5BlQw10Og","cool":0,"date":"2012-12-10","funny":0,"review_id":"Z9wR6JliIbsA9bdaPdQxvQ","stars":5,"text":"I had a great experience with Dr. Kahn, and his super nice assistant (I think her name was Rachel.) He was funny, very kind, and SO QUICK!!!! I had another root canal in the past and it took almost 2 hours...But at Capital Endo, I was in and out of the office in 1 hour, and that included 10 minutes of filling out paperwork, 20 minutes of numbing shots/waiting for mouth to be numbed, and five minutes of paying at the end. SO FAST I could not believe it- and totally, completely painless. \n\nI would recommend Dr. Kahn in a heartbeat!","useful":1,"user_id":"T6qqdpIm03osq--Ri1tUFQ"}
{"business_id":"QpDdv1SBudkBr5BlQw10Og","cool":0,"date":"2016-11-24","funny":0,"review_id":"8-PSZm0TV2bLluTC92aYuQ","stars":5,"text":"Fantastic experience!! ... not what you would normally expect from a dental procedure.  Professional, courteous painless and quick.  They removed the bad of a root canal!\n\nHighly recommended!!","useful":0,"user_id":"fsSrGzURcpGpg9njdwJJnA"}
