{"business_id":"QBbVQZHF0BLxVQJCMdNetw","cool":0,"date":"2016-04-25","funny":0,"review_id":"sn8HcsUb1ORm7HBS8FNTAg","stars":5,"text":"My husband and I have been going to see Todd for over 3 years. Always professional, friendly and helpful. As a sports massage, it can be painful, but not over the top. He's done wonders with my legs, appreciated as a runner. Highly recommend.","useful":1,"user_id":"31HHcUBfvn8j-uCas6Dm1w"}
{"business_id":"QBbVQZHF0BLxVQJCMdNetw","cool":1,"date":"2014-12-01","funny":1,"review_id":"iEao1wF8-GVzdYJwqufLHQ","stars":2,"text":"I purchased a groupon and scheduled a massage with Todd. Their online system is less than user friendly but he was great about scheduling for me. When I arrived for my massage Todd mistook me for someone else. When I let him know that I was a new patient he took me back to the lobby to fill out paperwork. While I was filling out the paperwork he proceeded to take his sweater off so that he was just wearing an undershirt. While this is not innapropriate, it did strike me as unprofessional. His social interactions with me continued to be strange. While he was never inappropriate, he was less than professional. When I told him that I had suffered from tight painful calves he said \"Yes!\" Again, not inappropriate but not professional. I have also never had a therapist that didnt tell me to undress to my comfort level. He just told me to undress and that he would be back  with a heat lamp. At this point, as a female about to undress for a large male, he didn't do anything to make sure that I felt comfortable. The entire interaction leading up to the massage was strange and uncomfortable.  \nThe massage itself was fine. At one point he made a slurping nose and then apologized for forgetting to swallow. The pressure was too much at times and when I told him that it hurt his response was, \"But it's so good for the tissue.\" I will not be going back and I wouldn't recommend him to a friend. I think it's good to remember that if you are a muscular male that is working with women in vulernable positions, you need to make sure that you are professional at all times.","useful":3,"user_id":"hQ7GCAaeLAu6LSgGGUMNvA"}
{"business_id":"QBbVQZHF0BLxVQJCMdNetw","cool":0,"date":"2017-04-13","funny":0,"review_id":"8_PBbkj3LCA_aEg928m5iQ","stars":5,"text":"This review is mostly for Rhea (more below). To know where I'm coming from -- I'm newish to Madison and was looking for a go-to spot for  massage therapy. This is not my first time getting a massage, but this was the first place I've tried in Madison.\n\nAfter learning about Body Harmony on Groupon, I called for an appointment. I agree with the previous user that I was a little annoyed that their website was a bit out of date (no way to book online or send an email, and one of the numbers was out of service). But, I left a message for Todd and we eventually got in touch. He was very friendly and helpful in scheduling a last minute appointment, which I was deeply grateful for because I was having issues with tension headaches and shoulder pain, and I needed fast relief.\n\nMy appointment ended up being with Rhea, and she was amazing!!!  I told her right away about my neck and shoulder pain and tension headaches. She got right to it and was very good at communicating and asking me if she was applying the right amount of pressure.  I like a lot of pressure, and Rhea applied a strong touch!  She found my knots and pressure points right away, and dug in. I'm very happy and relaxed, definitely coming back!","useful":1,"user_id":"Lt2aW5FxlikYJLAMJgziFg"}
{"business_id":"QBbVQZHF0BLxVQJCMdNetw","cool":0,"date":"2014-08-04","funny":0,"review_id":"-Tjh6zgbYhh6ssBXDmfTyg","stars":5,"text":"My family and I have appreciated the services available from Body Harmony for over a decade! We have had acupuncture (Amy Regutti) & massage (Jennifer Crye & Todd Harth) and have found the practitioners of the highest quality. Their knowledge of the body, the interrelated issues and of recources for your health are fantastic.  Beware....these aren't light weight 'feel good all over' type of massages. These are deep tissue rehabilitative type massages.  Best I have had.  You certainly can get a 'feel good' one, but if you need a more therapeutic massage or quality acupunture, this is the place to go.","useful":1,"user_id":"j6YKmalaHNC2EbY53HYNkA"}
