{"business_id":"qI_Dhihb97PhaKgI0_BnoA","cool":0,"date":"2017-06-12","funny":0,"review_id":"SGbDTPjnRzMIlw5lfMh9VQ","stars":4,"text":"Pros: I can see better than 20/20 now, nice staff, easy and flexible scheduling, expert surgeon, Star Trek grade laser.\nCons: A little light on the info with respect to the actual procedure and what to expect afterwards.\n\nI did a ton of research before settling on TLC. I read a bunch, watched youtube videos of the procedure, and even visited multiple Lasik vendors in Madison to get a comparison.\n\nI chose TLC because they were the most braggy about their equipment and their surgeon. They have state of the art lasers and a surgeon that has done 100,000+ surgeries. They are a bit of a factory, but that's kind of what I wanted. I wanted what I considered to be major eye surgery to be just another day at the office for the guy fixing my eyes. I don't want to be practiced on, I want an expert that finds my case slightly boring. \n\nWhich is where I think the source of my criticism that they were light on the info comes from. I think because they pump people out, they don't give excess info and just go through the motions. I had to ask every time what each instrument did and what they were doing, because otherwise, they didn't explain, unless asked. When asked they were happy to answer, but I wanted them to be a little more forthcoming.\n\nI was a textbook case, my vision was -3.00/-3.50 with the tiniest astigmatism in one eye. So slight that my eye doctor that I've gone to for the past 10 years never bothered to mention it to me. And now I see perfectly!\n\nThe actual procedure is really cool, but also very uncomfortable. You just have to get through it.\n\nThe cost is high, it's like paying for a lifetime of glasses and contacts all at once, but the ultimate convenience factor and benefits are very high. Overall, worth it.","useful":1,"user_id":"LUWbVukgLd7hGvQ3la4pgg"}
{"business_id":"qI_Dhihb97PhaKgI0_BnoA","cool":0,"date":"2014-02-27","funny":0,"review_id":"EgQjAGqIAWQF9gIs5-NpZA","stars":5,"text":"I was referred to TLC by many friends then my eye doctors opiniom was icing on the cake.  So glad i took their advice as the experince was beyond top notch!!!  They are wonderful people there!  Very thorough with everything and i was very comfortable with my decision.  Surgery was quick and painless.  My perscription was average at -2.50 but now the day after im seeing 20/10 combined in both eyes and just a little itchy eyes.  Unreal how different you see life after this!!!  Dr Probst and Dr Copeland are very knowlwdgeable in what they do.  Tammy and the rest of the crew that assisted were fantastic!  Highly recommended!!!!!","useful":3,"user_id":"KeANa9bB5Q3PRtbVbMjSnQ"}
{"business_id":"qI_Dhihb97PhaKgI0_BnoA","cool":0,"date":"2017-04-22","funny":0,"review_id":"tGcic6hFugek8caW2p8Bnw","stars":5,"text":"I was referred to TLC Madison after moving here from Iowa City. I had been looking forward to lasik since my vision had remained stable over the past few years and my home eye doctor thought I would be a good candidate at 24 years old, -2.00/-2.25 and with a slight astigmatism.\n\nI set up a hour-long consultation and they confirmed that I would be a good candidate. I travel a lot for work, but they were able to book me for an appointment a couple weeks later that fit with my travel schedule perfectly.\n\nI was pretty nervous the day of, so they let me stay until the relaxation area about an hour longer until I was ready - looking back, I had nothing to be worried about. The procedure is strange (nothing like it!) and a bit uncomfortable, but I'm writing this 2 days afterward and I CAN SEE. A couple uncomfortable seconds were absolutely worth it.\n\nI am able to get around outside with sunglasses (eyes are still a bit sensitive) and I've mastered the eye drops (something I have never been good at before now) and although I do have a little bit of redness in my left eye (from popped blood vessels) that is normal and will clear up in 2-3 weeks.\n\nI would highly recommend Dr. Probst and Dr. Kurt for anyone in the Madison area that is interested in lasik - I was treated very well and they did a thorough job of explaining what was going to happen before, during, after my surgery and why. If you have any reservations about lasik, just ask - they were able to put my mind at ease and I'm sure they'll be able to help decide if it's the right choice for you too.","useful":1,"user_id":"mJVQ_YcCi8YcotDeCzjyqA"}
{"business_id":"qI_Dhihb97PhaKgI0_BnoA","cool":2,"date":"2014-02-02","funny":0,"review_id":"sl__jdvDk3PqeT-qFXtpHw","stars":5,"text":"Dr Probst did my LASIK on Friday, January 31, 2014. I must say, from start to finish, I had a very good experience.\n\nI went into TLC in October of 2013 to find out if I was a candidate for LASIK.  My prescription was -4.00/-3.75 and a very slight astigmatism. They put me through all the tests and scans totally free and found I was a good candidate. They did not, in any way, pressure me to go with LASIK. I decided to wait until 2014 so I could max out my flex spending account to pay for it.\n\nOnce I chose 1/31 as my date, I needed to stop wearing contact about 3 weeks prior to the surgery. There were two pre-op exams - one with my normal optometrist (Olson Eye Care) and one to do final scans for my LASIK at TLC. Everyone was very friendly, I was given a ton of good information and felt in very good hands.\n\nMy arrival time was 10:00am. They took me to a little office and gave me another eye exam to makes sure everything was still looking as they expected.  They went through all the post-operative care and explained how recovery would progress.  They offered me a mild sedative (probably Valium) to ease any anxiety.  Then I met with Dr Probst who was also great and very confident that I would have a good experience.\n\nNext, I was brought back to, what I call, the relaxation room. You wait in leather recliners with some relaxing music and such.  They do the final preparations for surgery and then I was called in.\n\nI laid back in the operating chair. All I needed to do was focus on the red light in the machine that was placed in front of my face.  I have to say, it was a really weird experience.  The red light goes in and out of focus, for a brief period (seconds) you can't see at all.  Then everything goes white and finally they are finishing up. Each eye literally only takes minutes to do.  The person assisting always told you what was about to happen and how many seconds you would be experiencing it, so that was very nice. I was in the car going home at noon.\n\nImmediately after the surgery, I was able to see the clock across the room.  As of this review, it has been about 36 hours since my procedure and I am seeing better than 20/20 out of my left eye. My right eye is still a little foggy but it should be clear in the next few days according to my optometrist.  The right eye is just a little swollen from the surgery so the inflammatory will resolve that soon.\n\nAll and all, I have felt very little pain or discomfort.  My eyes are a little tired and my swollen right eye feels a bit like there is sand in it. But, again, as long as I keep up on my regiment of eye drops, that should be resolved within a couple days.\n\nThe entire cost for my LASIK (again, my eyes were -3.75/-4.00) was $3950. This included EVERYTHING - scans, pre-op exam, post-op exam, follow up exams, etc. No hidden costs (so far) which is nice.\n\nI'll add/change this review if I have any changes but so far, I'm very happy with the results.","useful":6,"user_id":"NPlr72yBZCFvZog8hBIqEQ"}
{"business_id":"qI_Dhihb97PhaKgI0_BnoA","cool":1,"date":"2017-03-23","funny":0,"review_id":"5S4yShGPL-THrEXJMrnj8w","stars":5,"text":"I had been looking into LASIK for years, and I finally decided to go for it. I asked my eye doctor from childhood for a recommendation and he told me that Dr. Probst was one of the best in the country, not just in Madison. My experience was excellent - they worked with my travel schedule, helped me through my nerves, and walked me through every step of the actual procedure. I am so happy that I finally got it done, and TLC was a great choice.","useful":0,"user_id":"y1WlMI30nIvppvptUUf5DA"}
