{"business_id":"r4RBO20cL8Q-4fKo-kjLLg","cool":0,"date":"2011-02-10","funny":0,"review_id":"sflS-7aIM8qI2uQibiEPHw","stars":4,"text":"A very new office on Odana Rd.  My favorite dentist in another practice left last year, so I decided to check out the dentist (Dr. Besley) here.  He was very personable, patient, and thorough.  I also like that the practice is not too business-oriented like many other places in Madison. The hygenist, Melissa, was extremely gentle, whic I liked.  I plan to keep going back!","useful":1,"user_id":"6yLtr4ptZsLnt5-5MtTBRA"}
{"business_id":"r4RBO20cL8Q-4fKo-kjLLg","cool":0,"date":"2012-06-13","funny":0,"review_id":"-Sg2toub9SYWjMRT228_RA","stars":5,"text":"TCD is the best. I'm so glad I met this great group of people. Always so welcoming and friendly. I'd trust Dr. Clark with anything and I've seen his cosmetic work- AMAZING. I'd recommend him to anyone. Thanks so much TCD.","useful":1,"user_id":"R-zY4Vi5aD4QpwlL43ftoA"}
{"business_id":"r4RBO20cL8Q-4fKo-kjLLg","cool":0,"date":"2016-06-08","funny":0,"review_id":"8K99PQhhsFs7HgPZlNpqxg","stars":5,"text":"Dr. Vandehaar has been my dentist for the last 3 years.  In that short amount of time, he and the other team members at TCD have done so much for me! He fixed the pain in one of my teeth that I had been dealing with for years (the result of bad dental work in the past) with one simple procedure, figured out how to actually numb me with Lidocaine or whatever (I have always just dealt with feeling the drilling while it's happening), fixed my bite so my teeth come together correctly (preventing my teeth from constantly breaking as well as eliminating the 2-3 headaches/week I have gotten since I can remember), and gave me a bright beautiful smile that I am proud to display.  I always thought people that talked about cosmetic dentistry \"changing their lives\" seemed a bit dramatic unless it was an extreme circumstance, but the confidence I have gained as a result of my new smile never ceases top amaze me. Thank you SO much to Dr. V. and the team at TCD! You are the absolute BEST and I recommend you to everyone I know!","useful":2,"user_id":"y78nxB1fSe04DaLTniD83g"}
{"business_id":"r4RBO20cL8Q-4fKo-kjLLg","cool":1,"date":"2016-08-08","funny":0,"review_id":"-0GhlgTdCdJybVaG46OElQ","stars":5,"text":"Highly recommend this dentistry- it's clean and modern. Staff are caring, smart and efficient. Already looking forward to getting my teeth cleaned again, looking the best they ever had.","useful":0,"user_id":"zjjppP4BvQqwjTbAP-afiA"}
{"business_id":"r4RBO20cL8Q-4fKo-kjLLg","cool":0,"date":"2016-03-01","funny":0,"review_id":"kr61KMr-QQlXMb-0df_VOQ","stars":5,"text":"I've been going to TDC for a year and a half so far, and they are fantastic! This review is a bit overdue. The office is very nicely set up. The waiting area is clean and professional. Each room is set up like a pretty standard dental office, very clean. On my first visit, they told me they like to do a full set of x-rays just to get an idea of what my teeth are like overall, but my insurance didn't cover for a full set. So they told me they will still do the full x-ray set, but just write it as whatever my insurance will cover, and they will cover the remaining cost. How great is that?!? The staff is wonderful and courteous, also very punctual. I'm never waiting in the waiting room for more than 5 minutes. The cleanings are done nice and quickly, I'm in and out in less than an hour.\n\nDr. Vaandehaar is great! He always makes suggestions for me to consider, but is never pushy about getting anything done that isn't absolutely necessary. For example, when I had a cavity, he obviously strongly recommended that I take care of it asap. But when it came to some preventative things, he told me what was going on, and what some options are and said it's something to think about. \n\nThe only complaint that I have is, they do send A LOT of appointment reminders via email and text, multiple times leading up to your appointment. Yes, you can totally opt out of it, so I guess this is really on me. \n\nAlso, TDC is the only place that staff actually came in and sang happy birthday to me during my cleaning. It was so sweet! By far the best dental office I've been to. Highly recommended. (And I'm not just saying that because of the singing)","useful":2,"user_id":"sexreU7gYqeILeCySPRRNQ"}
