{"business_id":"r4KrKai3Nmmsos-_Pltstg","cool":1,"date":"2016-02-03","funny":0,"review_id":"129qEI7lIRhMdnDp0yoELw","stars":5,"text":"Love this place!  Always a relaxing stop.  The staff is friendly and efficient.  The atmosphere is quiet and comfortable.  Well worth making a stop for a quick foot rub or splurge on the 1 hour body massage.","useful":1,"user_id":"lsWHWCO715d3iT9nl3bAxQ"}
{"business_id":"r4KrKai3Nmmsos-_Pltstg","cool":0,"date":"2015-09-26","funny":0,"review_id":"d51rUcXOT11DxypTVHd3AA","stars":4,"text":"Place is fabulous. I was able to walk in and request in one hour foot rub which comes with additional shoulders, neck and hands massage. I could not believe the care that was taken soon as I sat down in the very comfortable chair. I was immediately given a foot bath while she reclined the chair then proceeded to give me a head massage followed by the hands and  lastly, my feet. When I thought she was done with the massage the therapist reclined the chair further and asked me to turn over onto my stomach. She finished with my shoulders, my neck and the back of my legs. The price was cheaper than I've seen anywhere and unlike any massages I've had before. It was truly enjoyable and I would recommend going there to anybody, especially to those who are always on their feet.  A final note, there was a sign that said \"We accept credit cards but prefer cash\".  I'll be back.","useful":1,"user_id":"KImDfKRpLV1vv7in15gehg"}
{"business_id":"r4KrKai3Nmmsos-_Pltstg","cool":1,"date":"2016-11-22","funny":0,"review_id":"q2em0N8G2ajGolzzNOwaQw","stars":5,"text":"We had spent the weekend at the Fields Museum in Chicago. Sore feet come with that territory, so I have no business complaining. After some convincing, my husband agreed to accompany me to get a foot massage. We were not disappointed! The atmosphere was very soothing and relaxing, and the fountain in the backdrop was a nice touch. The facility was clean and the staff, pleasant natured and polite.  At times the massage had a little more pressure than need be, but that might have something to do with my sensitive sore feet. All in all, the ambience, the staff and the service is worth the price you pay. I will return for sure.","useful":0,"user_id":"dUnGyyvxusRpIqsmaF8kVQ"}
{"business_id":"r4KrKai3Nmmsos-_Pltstg","cool":1,"date":"2016-02-26","funny":0,"review_id":"2grFGLM6n6a7QAvKyTMK6A","stars":5,"text":"Absolutely amazing service! It definitely exceeded my expectations. My whole entire body was so relaxed afterwards. I would recommend this place to anyone!!!","useful":2,"user_id":"3tMLyzVzuVPuG7D88jLpgg"}
