{"business_id":"rH08YFSHuFXultyf0lQ3NA","cool":0,"date":"2016-08-28","funny":0,"review_id":"8hOBGHUNoclG15KEGW9xqQ","stars":5,"text":"After moving from Chicago I was worried I wouldn't be able to find anyone to match the massage skills of Heather Fraelick(!); however, I've now had three massages with Julia Rowe at SolEscape and cannot say enough positive things. Julia is extremely professional and is always able to pinpoint exactly where my tightness and pain is located and works slowly and gently (but firmly!) to work out the kinks. When I leave I always feel like I'm in a dreamworld I'm so relaxed! I'm super picky about massages so I was super happy to find Julia and SolEscape!","useful":0,"user_id":"77b-tCF-mVp18k2xFishFQ"}
{"business_id":"rH08YFSHuFXultyf0lQ3NA","cool":0,"date":"2015-03-22","funny":0,"review_id":"rkEsv5Q8KWPZNqv8DwQi8Q","stars":5,"text":"I came here because I was in dire need of a massage. I was able to make an appointment online for 2 days later.\n\nI got the 90 min SolEscape Signature Massage with Julia Rowe. I will say, it was one of the best massages I have gotten. Julia was able to get all the kinks out (and 90 minutes was the perfect amount of time). Towards the end of the massage, Julia used hot stones on my upper body/face and it felt amazing.\n\nEven though I live in Milwaukee, if I get a chance to return here, I will.","useful":2,"user_id":"5ogD10-_oV1FDeiL4QJDKQ"}
{"business_id":"rH08YFSHuFXultyf0lQ3NA","cool":0,"date":"2017-05-06","funny":0,"review_id":"qwL_hjdbgZbCLFNHKprVMQ","stars":5,"text":"Feeling stiff and sore lately, I booked an 85 minute deep tissue massage with Kate and was not disappointed. She has great feel and tailored the treatment to my areas of greatest need. Now I feel like jello. Highly recommended.","useful":0,"user_id":"g7FZ2JHbI5DSj_jhWD-5TQ"}
{"business_id":"rH08YFSHuFXultyf0lQ3NA","cool":1,"date":"2017-03-22","funny":0,"review_id":"ds1oki60unsx6v4BrQJwgw","stars":5,"text":"Excellent facial and neck and shoulder massage.  The best I have ever experienced.  Prices are reasonable.","useful":0,"user_id":"WDYPtRbWjp6pIh3vuGC_aw"}
{"business_id":"rH08YFSHuFXultyf0lQ3NA","cool":0,"date":"2012-04-12","funny":0,"review_id":"Wa0oG3FCjG7p2KmftxFNYA","stars":5,"text":"I have received several massages over the years, so I have some base of experience in this area.  My girlfriend and I went to Sol Escape for hour long massages late last year.  I needed work done on my upper back and shoulders, as my job has me leaning and lifting regularly.  Hannah was my therapist, and she was fantastic.  Despite her relatively diminutive stature she had plenty of pressure and strength, and she really listened to my needs and what I was trying to accomplish.  The building was well lit, which is to sat somewhat dimly, and very relaxing.  I'm not a big \"energy\" of a place kind of guy, but there really was a calming feeling both in the reception area and the massage room.  I felt relaxed and soothed after my massage, and my girlfriend did as well.  Highly recommend!","useful":0,"user_id":"dJMLNRpYLOuNb-N092sxhQ"}
{"business_id":"rH08YFSHuFXultyf0lQ3NA","cool":0,"date":"2017-05-01","funny":0,"review_id":"qRqWSOu6R9z55KrhXBWnew","stars":5,"text":"I just got what was probably the best massage of my life from a massage therapist named Bridget. She even went a little over time because we got a late start (nobody's fault--some paperwork needed filling out and the weather was bad). Massages are awesome (duh...hardly needs saying) but they're also expensive--too expensive for most of us to afford on a regular basis. This might be the first massage I've had where I thought \"that was definitely worth the money. Maybe even a bargain.\"\n\nI will definitely be back.","useful":0,"user_id":"xDBy_ZU7WLAVLQH4LxiE_Q"}
{"business_id":"rH08YFSHuFXultyf0lQ3NA","cool":4,"date":"2016-11-07","funny":1,"review_id":"gYATGFpPTWTfYO-u27pEPA","stars":5,"text":"So, I travel all the time. No really, all the time. So when I have one free weekend in Madison a month, the need to treat myself from all of the travel, and an aching, painful back that's been bothering me for years... The natural choice is to find a good massage! After gratuitous Yelp searches, I was lured to SolEscape. And, man, it's worth it! I made an appointment online (they have weekend appointments!!!), and since I haven't been there before, I asked for whoever was available. That meant Michelle was my masseuse, and she is just fabulous! I regularly fall asleep on the table, while still getting the slightly-painful-but-needed extra attention on my sore shoulders. The full body 75 min deep tissue massage... Woowww. Words can't describe.\n\nThe atmosphere is very kind, respectful, relaxing, and the massage oils are very pleasant--just the right amount of scent without being overpowering. They have heated massage tables, which I didn't expect to like as much as I do. Even the music is just right! My only comment would be that you can hear people talking when they are getting rung up in the main area, which can sometimes be distracting from the experience. \n\nOverall, a wonderful splurge that will hopefully lead to better back health!","useful":7,"user_id":"nQAM59y5RCiqerT3thcr6g"}
{"business_id":"rH08YFSHuFXultyf0lQ3NA","cool":1,"date":"2015-10-25","funny":0,"review_id":"uVk3FJ98vfDZjnnefaelkg","stars":5,"text":"I visited SolEscape based on the solid reviews and they are right on. I had a 90 minute, firm pressure massage with Emily, and surprisingly she hasn't been mentioned yet. She is an artist and your skin/muscles could be her canvas!!! I constantly critique, which sometimes feels like a curse, plus I've had my fair share of massages. Emily will not disappoint. She has a gentle voice and presence but amazingly strong hands and energy. \n\nOne thing I feel like SolEscapes could improve upon is bedding. It's not a deal breaker because it's all about the hands for me, but I do love heavy blankets for that weighted feeling and high thread count sheets. \n\nRegardless, I will go back. Thank you, Emily!!","useful":1,"user_id":"Q_qLEHINdW83CWRBLoW-7Q"}
{"business_id":"rH08YFSHuFXultyf0lQ3NA","cool":1,"date":"2015-11-08","funny":0,"review_id":"LcA1EucrR1G35kTMcnXLdw","stars":5,"text":"I LOVE the new esthetician on staff, Christyn!!!  She is attentive and excellent at what she does.  I will definitely be seeing her on a regular basis.  She had some good practical tips that were naturally-based to address some facial skin issues I am having.  I totally recommend her at Sol Escape.","useful":0,"user_id":"VFCYZMOuaS1uYbca0JVKiA"}
{"business_id":"rH08YFSHuFXultyf0lQ3NA","cool":0,"date":"2014-12-24","funny":0,"review_id":"c0J3auxQwrMwOAKwbIONoA","stars":5,"text":"I travel worldwide and frequent massage locales from Asia, America, Europe. SolEscape is a modest clean small operation using a mix of Chinese/ western methods. My masseuse was Julie S. \nBased on only 1 visit, I rate it a surprising 5 stars. Cost was $59 for 1 hour with first time discount.","useful":1,"user_id":"NWlY16d7jZ40yDXtCD6raA"}
{"business_id":"rH08YFSHuFXultyf0lQ3NA","cool":0,"date":"2012-07-18","funny":0,"review_id":"2FaS3nneh5-OJ-MczH2FNw","stars":5,"text":"I go to Mickie to have my legs/eyebrows waxed and she is fantastic. Competent and efficient - she does the best waxing job I have had in Madison. \nThis combined with the friendly unpretentious, accommodating staff and easy parking in the lot alongside means I will be going back to try out their facials and massage.\n\nSo glad the new website is up and running.","useful":1,"user_id":"WuDP916VJqb30AwzS09dNQ"}
{"business_id":"rH08YFSHuFXultyf0lQ3NA","cool":0,"date":"2013-04-04","funny":0,"review_id":"8hyPgvWUO_w3iEvyEX57Ng","stars":5,"text":"I recently went to Sol Escape for a 90 min massage/facial combo with Micki.  The massage was very relaxing.  Micki did an excellent job relieving the tension in my back and shoulders.  She is very kind and has a warm personality that really made me feel at ease.  She was very efficient through out the entire massage/facial and you could tell she really enjoys her job.  I loved that she incorporated hot stones into the massage.  It was my first time getting a facial and she was very informative as to what she was going to be doing.  She also followed up afterwards with suggestions for things I could do in my skin care routine to keep my skin healthy. Great service!\n\nMy mom got a massage with Sunny the same day and really enjoyed her massage as well stating that Sunny really worked out the aches in her shoulders as well.  The massages lasted over 90 minutes and were very much worth the cost.\n\nI've also had a massage from the owner Hannah.  Hannah does a great job as well, very strong and adjusts pressure to your needs.  She did a lovely job with the interior of Sol Escape, I love the setup very nice soothing environment.\n\nSol Escape is an excellent place to get a massage or to treat yourself to any other of their many services.  If it is your first time getting a massage I highly recommend trying out Sol Escape all of their therapists do a great job and are very professional.","useful":1,"user_id":"5rtpO-1hBlAZ9n07CsM-Zg"}
{"business_id":"rH08YFSHuFXultyf0lQ3NA","cool":0,"date":"2016-05-24","funny":0,"review_id":"9r3WyKMqAR2COvnVlKEHfw","stars":5,"text":"A friend of mine recommended SolEscape and Julia Rowe for a prenatal massage. I wish I could go every week. She does amazing work and has such a relaxing personality and touch. I highly recommend prenatal massage as a way to relax during pregnancy, especially towards the end! It is honestly the only time my body and mind are in full chill mode (and this place has everything to do with it). I had one prenatal massage at another studio and it was nothing compared to the two I have received from Julia. I can't recommend her enough and look forward to my postnatal massage!\n\nI also received a regular (non-prenatal) massage from someone else at SE, but I cannot remember her name, unfortunately. She was great though. All the staff I have encountered are super friendly and I love this little neighborhood spa! Being able to book online is a huge plus. \n\nThanks, SolEscape!","useful":1,"user_id":"nh5BKSiKXGMKmfrGV0Upnw"}
{"business_id":"rH08YFSHuFXultyf0lQ3NA","cool":0,"date":"2014-04-05","funny":1,"review_id":"sGPvadE8wsecj7znagkMyA","stars":5,"text":"I have had many massages at many places and this is the first time I have felt like the massage therapist REALLY cared about helping me work through some of my physical issues.\n\nHannah took the time to really talk with me to understand some of what I was dealing with and I had a 90 minute massage that she put together just to help me deal with some of my specific tightness and pain.  She is a miracle worker and I can't wait to go back!","useful":3,"user_id":"f3UMQNLYoncoKfJ9L4drow"}
{"business_id":"rH08YFSHuFXultyf0lQ3NA","cool":0,"date":"2011-09-23","funny":1,"review_id":"W8YxOC9B4WeO_z4-tMKj5A","stars":5,"text":"I saw a service menu posted at Heartland CU, and thought I'd get myself a facial and my first peel (I'll try anything once). I have been going to day spas since I was in my teens, and I know a good service when I find it. I can say with confidence that this place is good. It was really one of the best facials I've had in Madison. Unhurried, relaxing, and very thorough. I have found many facials lacking in the extraction department. The aesthetician either doesn't get all of them out, or they rush, damaging your skin. Not so in this case. I had tons of nasty-ass blackheads/whiteheads (mostly on my nose but other places, too), and congestion from ingrown hairs. I also had a (new word of the day) milium near my right eye- ew. It looks like a huge whitehead, but it's actually a cholesterol deposit, and should be extracted by a professional. Hey, Mickie got rid of that, too- in her words: 'easily'! :D She was friendly, easy to talk to, and informative about the service. Other good things? A nice firm hand and head/neck massage (such a relief for my tendonitis and neck problems... sigh... :3), attentive yet unobtrusive ensuring that I was comfortable. Perhaps this is insignificant to others, but... while I was having the peel, she fanned me by hand, to keep my skin cool. Like, with a paper fan. This way, she could watch closely for any adverse reactions to the peel. I liked that. It really stood out to me as hands-on and human. :) \n\nNow that it's been 3 days or so, all this dead skin has come off- leaving my skin brighter, smoother, and happier. Sol Escape also offers package deals on multiple services (sometimes this means you get an extra service for free!), so give a call or check the website. They also sell some high quality natural botanical products, which I may try in the future. Big ups to this new local business. With service such as I received, they will surely thrive. \n\nAnd, hey, guys- you, too can get facials and peels and stuff! It's ok to be pretty... :3","useful":1,"user_id":"JKzqdJ8Xe7uHHcQo5vthNA"}
{"business_id":"rH08YFSHuFXultyf0lQ3NA","cool":0,"date":"2016-08-28","funny":0,"review_id":"7ZgVLJ4pVu_i9gJu5yMM6w","stars":5,"text":"My gf & I went for our first massages together for 60min. Bridget & Liz were great. We left feeling relaxed and peaceful. Definitely recommend and will definitely look to come back, especially with our  active lifestyles.","useful":1,"user_id":"Nc0QIdfbK-VIjmDUlCM5Zw"}
{"business_id":"rH08YFSHuFXultyf0lQ3NA","cool":0,"date":"2013-11-27","funny":0,"review_id":"W3U49BGqUDS7xrLatNHpJg","stars":5,"text":"When I want to relax, refresh and revitalize, I head to Sol Escape for a massage. Hannah has the kind of knowing touch I look for in a masseuse. She is able to adjust pressure to your liking and find all those hidden tight spots you didn't even know you had!\nI started out with 60 minute massages, but was always so sad when the time ended I decided 90 minutes, or even 120 is the ONLY way to go! \nYou will not regret giving this as a gift to yourself, or to someone you care about. \nThe space is extremely clean and comfortable, and they have nice products as well.","useful":1,"user_id":"dHCq5U6sroiLnnlWq7yjQA"}
{"business_id":"rH08YFSHuFXultyf0lQ3NA","cool":0,"date":"2016-08-18","funny":0,"review_id":"V01vxXyzCHsWT_VrLnCkkQ","stars":5,"text":"I love getting massages at Sol Escape! I recommend Hannah and Liz, but I am sure that anyone there would be great. What's awesome about Sol Escape is that they have massage therapists on staff 7 days a week and they offer evening times, too. It's very easy to book appointments online. The place is very clean and they even have table warmers for winter massages. \n\nAsk about the package deal--if you pay for a 5-visit punch card, it ends up being a bit cheaper.","useful":0,"user_id":"BhiJbWqJBM-irf9tPuIj9A"}
{"business_id":"rH08YFSHuFXultyf0lQ3NA","cool":0,"date":"2013-10-05","funny":0,"review_id":"FP4IS0NaFi6pzmwWvUy56g","stars":5,"text":"I recently had a massage from Bridgette.  I've had upper back tension for the past couple months and despite stretching and exercise I still wake up in the morning with my ears feeling like they're up by my shoulders.  Bridgette took note of that and worked on my upper back.  When I awoke the next morning, I noticed by shoulders and upper back felt so much better.  \n\nDuring the massage we also discussed yoga and I asked what poses and stretches I could do to open up my shoulders.  After the massage she demonstrated some - I'm glad to have more techniques to help with my stiffness.  Finally, she obviously paid attention to other areas I needed to work on - she pointed out that my right leg is much stiffer than my left and gave me advice on what to do to ease that muscle tension.  As a runner, I really appreciate this.  Thanks Bridgette!","useful":1,"user_id":"Q6c2uqdglvd4AQqOReqiSQ"}
{"business_id":"rH08YFSHuFXultyf0lQ3NA","cool":0,"date":"2013-02-21","funny":0,"review_id":"7qiqhwRVHbkeBOaZcznb0g","stars":5,"text":"Had a massage and back facial and it was AMAZING.  Micki was fantastic and I've never felt so relaxed.   I'm never been a regular spa/masage client but after being treated to this I will be making this part of my monthly routine.\nI highly recommend this place!","useful":2,"user_id":"PXCrenSZ2MhhukaRTvk4IQ"}
{"business_id":"rH08YFSHuFXultyf0lQ3NA","cool":0,"date":"2017-03-17","funny":0,"review_id":"ww5PwKWY72HldrMrFkKf2Q","stars":5,"text":"My husband booked us a couples massage here and it was fantastic. Our masseuses, Robin and Liz, were very thorough about addressing our individual needs (I had a sore neck and tight facial muscles from TMJ) and our 30 minutes flew by all too quickly. The rooms are very clean and comfortable, and it's right next door to Tex Tubbs if you feel like getting tacos afterwards. Additionally, their online booking system is very convenient and they have evening and weekend slots available.","useful":1,"user_id":"nT3tLANzGy0a7DuB_GIQjA"}
{"business_id":"rH08YFSHuFXultyf0lQ3NA","cool":0,"date":"2016-12-12","funny":0,"review_id":"ODlrmISjwRv5ceEinQUs0A","stars":5,"text":"I've had a few cycling accidents, some of which cause me chronic pain.  I had Neural Reset Therapy that remedied some severe Achilles' tendon pain I was experiencing and acupuncture for a ganglion cyst and leg pain that developed after different accidents.  I'm so relieved that I found ways to recover from something I thought I was just going to have to life with.  I'm really grateful that SolEscape is in my neighborhood.  They've helped me a lot!","useful":0,"user_id":"6pAOrtwVDdG5uKMe3o69EA"}
{"business_id":"rH08YFSHuFXultyf0lQ3NA","cool":0,"date":"2017-07-24","funny":0,"review_id":"wzzY9dVxE8wxhVUzdHi2FQ","stars":5,"text":"I was overwhelmed with how absolutely amazing this place is. I had a lovely cup of tea, my masseuse was unbelievable, and I left feeling refreshed, rejuvenated, and relaxed. I look forward to my next appointment.","useful":0,"user_id":"0yDaGE5T__Lj-V2hf69csA"}
