{"business_id":"RiIIYo6DRAVl6zwOsVpc3g","cool":0,"date":"2014-07-28","funny":0,"review_id":"zCJkDRvav1xMQijTBEUyHQ","stars":3,"text":"Decent selection of frames, and the prices seemed to be on par with everywhere else. However, they are not upfront with the costs. After they swiped my credit card they told me that the glasses come with their 1 year protection plan, and made it sound like it was free. They never actually told me the cost or gave me a chance to decline this fee. I only found out they charged me extra after studying my receipt afterwards. \nThe glasses were ready in an hour as promised, and the staff was friendly.","useful":0,"user_id":"Zs8aYm0hMIgu9Yp8643t5w"}
{"business_id":"RiIIYo6DRAVl6zwOsVpc3g","cool":0,"date":"2016-03-05","funny":0,"review_id":"qHX4nuDy91v8l-j5AOP6oQ","stars":2,"text":"Very disorganized and poorly run. Had to wait 50+ minutes for an eye exam after my scheduled appointment. And they kept saying they were only 10 minutes behind. Hard to find an associate and obviously since its lens crafters, the lenses are ridiculously expensive. Never buy without a sale/promotion.","useful":0,"user_id":"cYQ57bxc0aSkDkldniIryA"}
{"business_id":"RiIIYo6DRAVl6zwOsVpc3g","cool":0,"date":"2015-07-31","funny":0,"review_id":"j-EyptV2Z7Cw8QgrR95MmA","stars":1,"text":"Went there intending to buy a new pair of glasses. Left after staff ignored me for the better part of 20 minutes. Poor selection too.","useful":0,"user_id":"8nf5U2qQppTDe2cEJHjI2Q"}
{"business_id":"RiIIYo6DRAVl6zwOsVpc3g","cool":0,"date":"2016-07-11","funny":0,"review_id":"172LBJHNy7nDqjMQbCvb2g","stars":3,"text":"Three stars because both my husband and son found frames here they liked and were happy with the service. I, however, don't care for the selection of women's frames and prefer the East Towne LensCrafters. The west side store is cramped and the lighting makes everyone look awful in the mirrors (I'd think lighting would be so important in a store like this with people trying things on and evaluating their faces). The West Towne LensCrafters used to be the \"cool\" LensCrafters in Madison with the better brands, etc., but not any more. The LensCrafters at East Towne is larger, has a nicer, wider selection and the lighting is good, thus making me feel good about the evaluation and selection process.","useful":1,"user_id":"krTXvpaRz5b6r_m3p4DpcQ"}
{"business_id":"RiIIYo6DRAVl6zwOsVpc3g","cool":0,"date":"2015-01-12","funny":0,"review_id":"0SlWg9rl7QtrZb2g7FHXPA","stars":1,"text":"My latest visit to the LensCrafters at West Towne Mall was a couple days ago when I asked them if they could order me a replacement temple for glasses I bought there a year and a half ago. They said they can't do that but I could try to do it myself online. I did try but had some trouble so I went to Pearl Vision and asked them to order it for me. Pearl Vision in Fitchburg was more than happy to order it for me, even though they don't even sell that brand. So why couldn't LensCrafters do that?\n\n\nUgh. I hate this LensCrafters. I do shop at LensCrafters because they have such a huge selection. But I can't stand this one in the west towne mall. Several times I've bought glasses at a small boutique shop here in Madison because I would rather support a small business than LensCrafters but I keep coming back to LensCrafters because of their selection. So over the course of 20 years I've spent well over $10,000 at LensCrafters but I will no longer go to the West Towne Mall location. I will probably go to a Twin Cities LensCrafters who, in the past, have been very professional.","useful":0,"user_id":"GE0KUDyS5bs_tkkvYtn12A"}
{"business_id":"RiIIYo6DRAVl6zwOsVpc3g","cool":0,"date":"2011-12-10","funny":0,"review_id":"09I7fd7Ym9f5HKHFV6g2FQ","stars":2,"text":"We no longer shop at Lenscrafters after finding much better prices and service at other eyeglass places.   The reason we went there is because it is the first thing that pops into our mind because of their advertising.   Contrary to the ads, our eyeglasses have always taken more than an hour there but that is no big deal to us.   We really just want nice glasses for a good price\nThe eye exams always went well there but getting the eyeglasses was always a different story.\nOur glasses with insurance always carried a personal cost to us of hundreds of dollars.    Our service was usually weak due to them being understaffed.   \nWe bought glass from LC from the early 90s till about 2003.  Then we went to Sears and got a really great deal on some very nice glasses.  Better, more personal service too.  Then a friend directed us to another eyeglass place over by Monona Drive and they were even cheaper for a great product.  That is where we get all our glasses now.  My last pair cost something like 40 dollars total!\nI remember the last time I stopped by LC to have a pair of glasses serviced.   They failed to greet me for quite some time and when they did they said it would 45 minutes before they could help me.  I just left and never went back.","useful":1,"user_id":"duku8ZJEzJC3_E8602coqg"}
{"business_id":"RiIIYo6DRAVl6zwOsVpc3g","cool":0,"date":"2015-03-26","funny":1,"review_id":"KQUSPNCCOVv6yWHW0W3Kuw","stars":5,"text":"I had originally gone to Stanton Optical to get new glasses, and they said they would be ready within 14 business days. About 2 weeks later, they called to let me know that while they were putting one of the lenses in the frames, they had broken, and they couldn't get another pair so they wanted me to come in to pick out a new pair. I went in, chose a new pair, and left. About 3 weeks later, I called inquiring about when my glasses would be ready for pick up. I was then told that they had no record of my order, and that I should come in and pick out 2 new frames, AGAIN! Needless to say, I was not pleased, and I asked for a full refund. I then went to LensCrafters, and picked out 2 frames, and they were done THE SAME DAY. That is definitely customer service at its best.","useful":0,"user_id":"E99Mnqrqdx5FZ_17OiBBDg"}
{"business_id":"RiIIYo6DRAVl6zwOsVpc3g","cool":0,"date":"2012-04-24","funny":0,"review_id":"ZfJRK_UlXOFE_tBg5-V7kg","stars":1,"text":"Today I went to Lenscrafters to get a new contact prescription and a new pair of glasses. I had an appointment set for 11am and was first helped around 11:05 to get the initial screening before the actual eye exam. By 11:30 I was just waiting for the doctor to get back from \"running to the post office\". I was told I should start looking at frames while waiting, so I did and was quickly approached by a worker offering to answer any questions etc.  At this point I felt great about the service and was happy with my overall experience. Finally the doctor was back and took me in at 11:40 for the eye exam including the pupil dilation. While the dilation was setting in I was told to continue looking at frames again until the doctor could see me again. Ten minutes later I figured I should go check in with the doctor to finish up the exam. By this time I had pretty much found the frames I wanted and thought I would be out of there soon (it had already been almost an hour and a half since I arrived). \n\nFinally the eye exam was over and I came back out to find the woman who had been helping me with the glasses to finish and pay for them. Come to find out, there were 2 other customers that she was helping which meant I had to continue to wait just to pay for the frames. It was now 12:40 and I was assuming I would have been able to finish getting frames, seeing as I had actually made an appointment for contacts and glasses when these other customers had just walked in. As I waited for another 20 minutes, one of the two woman working the desk decided to take customers that had just walked in even though I had been there since 11am. The customer sitting next to me even said something to the worker, asking why these new people were being seen when I had been there so long. She said she would \"take care of it\" but did nothing to help me. Finally at 1:15 I gave up. I could not wait any longer and gave the woman the glasses I would have bought, and told her I could not wait for her. Had they not been so terrible with customer service, maybe I would have waited a little longer. There was such terrible communication between the employees and the customers--- no one knew when they would be helped or if they ever would. Maybe they should have a sign in sheet with the time of arrival so that you knew how long of a wait it might be. \n\n I will now NEVER go back to lenscrafters, and I suggest you also find I different place to get an eye exam or get new glasses. It will not be worth the wait.","useful":1,"user_id":"9P1IdeNRSgbznf-sg9CkVA"}
{"business_id":"RiIIYo6DRAVl6zwOsVpc3g","cool":0,"date":"2008-02-17","funny":1,"review_id":"RQofOKBODOvF1ADF46xMLA","stars":1,"text":"I will write of my experience at this Lens Crafters and emphasize that I will NEVER set foot in this store again.  I had an evening appointment and I had just finished a day at my job of office monkey.  I had changed into a t-shirt because being in full office gear for 3 more hours was seriously going to chafe my morale. This meant I had minimal make up on, hair styled about 10 hours ago, and khaki pants.   I was asked no more than 3 times if I was over 18 years old (uh I'm out of college). I ended up volunteering to have the receptionist examine my driver's license!  Oddly everyone but the optometrist had some comment to make about my age or my appearance. (how effing rude, just look at my eyes and get me through the herd, yo)\nNext infraction... the REFUSAL to explain FEES upfront.  I had asked how much the exam would be and I explain I am there for both glasses and contacts.  AFTER I finish the exam -- I am curtly told that if I want contacts the fitting fee is an additional $80. (um I did want contacts and I did tell you that.)  I ask them to reduce the fee and am told to call back in the morning.    \nThird infraction... after bringing in my YEAR old glasses to get the lenses replaced, I am told that the frames are too \"cracked\" to receive new lenses.  Funny how the next optometrist I went to didn't have that problem.\nFourth infraction.. After getting quotes from 3 other eye care facilities, I end up calling the next morning to ask about receive a reduced fee for a contact fitting.  I am told that the \"fitting\" they provide is superior service to all others in Madison and refuse to give me a reduced price, even after I explained that I was not fully informed of the fees.  (and EVERYWHERE is is between $30-40 less)\n\nThis Lenscrafters is an abomination to all others. The staff is way too rude considering they're trying to rip you off.","useful":5,"user_id":"5oM7gXmeX7s6T1_KlL30yQ"}
{"business_id":"RiIIYo6DRAVl6zwOsVpc3g","cool":0,"date":"2014-08-05","funny":0,"review_id":"DV1hD_d9HXAi7sdYZOmAdQ","stars":1,"text":"We shall never return. The worst place I have ever been for glasses. I hate being lied to and this place just made me mad. I went for contacts. They told me the price was the same all over madison. They lied. They charged double what other places in town do. I won't be back.","useful":1,"user_id":"tc7P9ycWZDWmqbnHapbIQQ"}
{"business_id":"RiIIYo6DRAVl6zwOsVpc3g","cool":0,"date":"2013-07-12","funny":0,"review_id":"j1U4GNBaUB44_PEwXVxF1Q","stars":5,"text":"Very friendly employees and very helpful, they weren't just trying to make a sale, they really cared about my daughters vision needs, not only did the Dr come out and introduced herself after finding out my daughters vision script, she recommended and gave us her professional advice... Not to mention that the one year warranty really benefits both young little girls like my daughter who may break them on a playground, and big kids who just can be careless. everyone breaks things now and then, but glasses can get expensive especially for a 6 year old who just doesn't want to wear them anyway and may break them or misplace them very easily.. So thanks LensCrafters we will be long time clients..","useful":0,"user_id":"LRzgwZiWyFhT4NMDDZ2lhQ"}
{"business_id":"RiIIYo6DRAVl6zwOsVpc3g","cool":0,"date":"2013-12-08","funny":0,"review_id":"ABHtaxvQ8dLTv0mZBpw3Dw","stars":2,"text":"Typical mall place to buy glasses.   I was greated right away....but after that.   Just wait.   There were only two employees and about 10 customers.   Someone did come out of the lab to move things along.   Not someplace I would visit for anything except safety glasses for work.","useful":2,"user_id":"Z-xFTIjDvC_ndvi81enm0Q"}
