{"business_id":"rB4HYopnht0Z4IVRmLGvBQ","cool":1,"date":"2016-09-28","funny":0,"review_id":"LSI2Hh4g_-V4W3Rm5cYCbg","stars":5,"text":"I'm originally from New Jersey, so my health insurance is based in New Jersey, thus limiting the number of in-network doctors I can see in the Midwest. I noticed the farther out I went, the fewer options I had. Of course, I called the bigger places first, and they told me either they weren't taking new patients or they couldn't schedule me until 2017. Well, thanks. Finally, I called Associated Physicians and was able to get an appointment for the following week.\n\nI've only had one experience here, but it was a positive one. I didn't wait very long in the waiting room. I remember there have been times at other clinics where I've waited for an hour or more with barely any face time with the doctor. \n\nThe nurse came to get me and asked all the necessary questions. She was very receptive to everything I was concerned about and made sure to write it down for the doctor to see. I saw Dr. Fothergill and she was really great. Regarding my concerns, she gave her list of options, and asked me what I thought. I like that she really listens and asks more questions to clarify.","useful":2,"user_id":"09QcQYf_t1NEq_AkjJuABA"}
{"business_id":"rB4HYopnht0Z4IVRmLGvBQ","cool":1,"date":"2015-11-03","funny":0,"review_id":"9wyNqn_bUVKSWqxasACjPw","stars":5,"text":"I highly recommend Associated Physicians. I have been a patient since the 1980s. My doctors provide thorough exams; so thorough that a routine appointment about headaches led to an exam that uncovered a serious unrelated problem. Follow up is excellent. I was referred elsewhere for additional tests, yet my AP doc called just to see how I'm doing (even though she has info from referral). From routine exams to other health problems, AP is great.","useful":0,"user_id":"UDMxRVJtxI2vQdsocRQp9Q"}
{"business_id":"rB4HYopnht0Z4IVRmLGvBQ","cool":0,"date":"2011-01-04","funny":1,"review_id":"g-YfhOJx9OVj0CTBJwXE-g","stars":4,"text":"I have been a patient at AP for the last couple years. When I got pregnant I was referred here from UHS and could not have been happier with my experience. (I had moved here from Milwaukee and hadn't gotten hooked up with a new OBGYN yet). My OB was Dr. Weidel, but I met all five doctors who had been in that practice, and Dr. Dickmeyer delivered my son. \n\nHowever, about a year ago, four of the five OBs from this practice left AP to start their own women's health clinic, Madison Women's Health. Now they have four new OB-GYNs at AP, and presumably new nurses, PAs too. I followed Dr. Weidel to MWH and I would really strongly recommend this new practice. It is very nice and the doctors are great. They are concerned about comprehensive women's health so there's more emphasis on overall health and well-being, not just OBGYN-related sort of things. \n\nSince my son was born he has seen Dr. Heather Rainwater in the peds department at AP and we have also been very happy with everything in that area. The nurses are really nice, they are pretty quick with everything, and the doctors seem to enjoy their work.","useful":0,"user_id":"itmb9uAolzQnmEBDlV24qQ"}
{"business_id":"rB4HYopnht0Z4IVRmLGvBQ","cool":1,"date":"2015-03-04","funny":1,"review_id":"ImaFFSohHXYN0703YMcFnw","stars":5,"text":"This clinic really is quite excellent.  Unfortunately, health concerns have caused me to be a more frequent visitor lately, thus I have more experience.  I have nothing bad to say - the appointment backlog isn't bad, I never sit in the waiting room to long, my doctor listens well and never seems rushed, and they're quite willing to discuss things by phone when appropriate, saving me unnecessary appointments and co-pays.","useful":0,"user_id":"HI3-AURbeVDI8nQaXclHxw"}
{"business_id":"rB4HYopnht0Z4IVRmLGvBQ","cool":0,"date":"2014-01-02","funny":0,"review_id":"icZjQIjORlqsmYBbjvQ4WQ","stars":1,"text":"I had both my sons through doctors here. Neither births were positive experiences although my sons are happy and healthy. Pediatricians upstairs are grand. Obgyn, not so much.","useful":3,"user_id":"QdmkwjRyO5b0r2-jibbmTw"}
{"business_id":"rB4HYopnht0Z4IVRmLGvBQ","cool":0,"date":"2015-11-03","funny":0,"review_id":"0IOWzlqDyyri-KOB-qs_ww","stars":5,"text":"I have been a patient of Dr. Berghahn's for about 3 years now.  My Obstetrics history is quite lengthy, having experienced five miscarriages prior to the birth of our miracle baby and one miscarriage after. After transferring my OB care to Dr. Berghahn after my second miscarriage I immediately noticed a difference from the previous practice. She really took the time to get to know both me and my husband, talk about my history, and come up with a plan for the future. She was supportive of me seeing specialists when it became clear there was something more complex going on and was always willing to work with my other doctors to ensure I was getting what I needed for a healthy pregnancy.  I will never forget after my third loss the voicemail Dr. Berghahn left for me. She told me about an article she had just read and how the statistics for a successful pregnancy were almost exactly the same for me as it would be for someone who had never had a loss. It meant so much to me that she would take the time to call me just to reassure and encourage me.\n\nI am now the mother of a thriving 6 month old baby girl and was especially lucky that Dr. Berghahn was the doctor on call the night I gave birth.  It seemed so fitting,  She had been with us from the start and I am so thankful she got to experience our happy ending with us too. \n\nI would highly recommend Dr. Berghahn or any of the providers at Associated Physcians. I have never experienced such a high level of care for me, the patient, as I have at AP.","useful":0,"user_id":"5t_VXlRHezK4lCBN1DVTIA"}
{"business_id":"rB4HYopnht0Z4IVRmLGvBQ","cool":0,"date":"2011-01-04","funny":0,"review_id":"aX3D5MvJdDwJ2yMfiyEOKQ","stars":5,"text":"I am in my third trimester, and I have loved my experience with Dr. Barbara Burns at Associated Physicians.  She and the nursing staff have been helpful with questions/concerns and reassuring throughout my entire pregnancy.  The staff has never been judgmental of my weight gain, decisions about my pregnancy care, or my birth plan.  I would recommend Dr. Burns and Associated Physicians to anyone looking for an Ob/Gyn in Madison.","useful":0,"user_id":"pV2dTQZ1-044AW2_z6A2hw"}
{"business_id":"rB4HYopnht0Z4IVRmLGvBQ","cool":0,"date":"2014-08-12","funny":0,"review_id":"yifhpya24Gcwp4_nTqkfZQ","stars":5,"text":"From the minute I walk into the clinic, I feel so welcomed...every, single time!    It's really not a cliche' that they care ... they show that they do.   At my former physician's office, he would take notes for quite a while before addressing why I had made the appointment.  Thank goodness that hasn't been the case here - they get right into why I'm there to see them.  Highly recommend them!!","useful":0,"user_id":"FN_OKFPwbLZbO3yD2pcJxg"}
{"business_id":"rB4HYopnht0Z4IVRmLGvBQ","cool":0,"date":"2010-03-14","funny":1,"review_id":"_FG47ltItt92V5F-qFfrPg","stars":1,"text":"We've had so many red flags after 6 months of prenatal care we're switching to another group before we give birth and something REALLY wrong occurs.  \nThe nurses are RUDE - I've interacted with 6 of them, four were just awful!  One nurse (in her mid-50s) actually forgot to turn the fetal heart rate monitor on and said, \"That's funny, I don't hear a thing\".  OMG, what  moron!  I had to tell her to turn on the machine. \nAnother nurse recently told me I've gained too much weight - I've gained 23 lbs and I'm 31 weeks pregnant! ??? She later came back and indicated she was incorrect, but why would she say that??? \nOur OB is nice, but she's transferring out of the group soon.  \nThere seems to be a lot of drama, I really DO NOT recommend going there.","useful":5,"user_id":"apoKg6ff0kDjmkKTTpPKEA"}
