{"business_id":"SLI9ty5gIZ3OmSKmST26qw","cool":0,"date":"2013-10-03","funny":0,"review_id":"2RXJOnCudzPmSJ2wOr0XJg","stars":4,"text":"Good massage, nice environment and professional staff. I'll return to this business in the future.","useful":0,"user_id":"oL6Sw7Q8jXkTzc8GaMoArA"}
{"business_id":"SLI9ty5gIZ3OmSKmST26qw","cool":4,"date":"2015-08-11","funny":0,"review_id":"XAUvnWMmWLA-3SxXbvq2kg","stars":5,"text":"Outstanding massage therapy. After three days of horrible neck pain, I called around to the usual places only to find that absolutely nowhere had last-minute availability. A friend recommended calling Bergamot and they fit me in within two hours. The boutique was fabulous, the business is locally owned (not a chain), and they pride themselves on giving you the full 60 minutes instead of the usual 50. Jessica did a fantastic job asking about the problem areas and proceeded to treat them amazingly, along with a wonderful full body massage. The prices are quite reasonable and very comparable, the product line is hard to resist, and the services are outstanding. I've definitely found my new favorite place.","useful":4,"user_id":"y4-1jeScO-vcW8L4TSUK8w"}
{"business_id":"SLI9ty5gIZ3OmSKmST26qw","cool":2,"date":"2014-07-07","funny":0,"review_id":"bOiT-Fp1Js0BZGaY4m-eLQ","stars":5,"text":"Bergamot Massage is a GEM of a find in Madison.  It is a locally owned business with caring, compassionate massage therapists who really understand how to use massage in a holistic way.  Seth is my usual therapist, and for a yoga teacher with a persnickity body, he's a treasure.  Sometimes I go for a therapeutic session, sometimes for just a relaxation. He always meets me where I am, as he is really THAT good.  He takes the time to understand what is going on with you as a WHOLE and works with your body.  He is kind, friendly, professional, and I can't recommend him enough. \n\nOn top of everything they have a cute boutique, which is a great place for a gift.  Give a gift certificate to someone you love, they will LOVE IT:)","useful":3,"user_id":"VbUo9HYtWgjGQQll-HYQaQ"}
{"business_id":"SLI9ty5gIZ3OmSKmST26qw","cool":0,"date":"2013-12-28","funny":0,"review_id":"1DEPf3hzyXevVjGByUEwMQ","stars":4,"text":"I gave this place a try because coworkers LOVED their chair massages.  I can see why.  I had the Hot Stone massage and I am extremely pleased.  They are super friendly, ask questions so they know what areas to concentrate on or avoid and did a great job.","useful":0,"user_id":"KiAzMzG65-qTimyOumNMFw"}
{"business_id":"SLI9ty5gIZ3OmSKmST26qw","cool":0,"date":"2015-12-02","funny":0,"review_id":"ErQOlakHs8S01mO5Z78bvQ","stars":1,"text":"I missed my schedule and they charged me full price $75 with out tell me when I book my appointment. Ripped off.","useful":0,"user_id":"Qa17tBRsSWVZxjBrf_E1Gw"}
{"business_id":"SLI9ty5gIZ3OmSKmST26qw","cool":0,"date":"2017-01-29","funny":0,"review_id":"yeffVY_C1iS1sVFVfxLI6g","stars":5,"text":"The girl that works the front desk is very thoughtful and always very positive and has the sauna completely ready for me every time.  They are always willing to address any concerns as well","useful":0,"user_id":"TIa1ZltbbFfbsAkm0MFZrg"}
{"business_id":"SLI9ty5gIZ3OmSKmST26qw","cool":0,"date":"2015-06-02","funny":0,"review_id":"hM7obFFQXQngnOotgsk2PQ","stars":5,"text":"This place is fantastic. They use great products, very friendly staff and can often (not always) accommodate same-day appointments with someone on their staff. I've used several masseurs but Fillipo is the best.","useful":0,"user_id":"mLU-4okV97sJBy5O8yoJqQ"}
{"business_id":"SLI9ty5gIZ3OmSKmST26qw","cool":1,"date":"2015-08-06","funny":0,"review_id":"Foh1sioQc7GO6oJRkV-Smg","stars":5,"text":"Always one of the best days of my month when I come here. Been a member for awhile, tried four different MTs and they were all good with their own technique. Clean, relaxed environment. Prices are pretty standard/fair for this line of service.","useful":0,"user_id":"bTc5BC7jZp9nUnnXiDt7rg"}
{"business_id":"SLI9ty5gIZ3OmSKmST26qw","cool":0,"date":"2016-01-18","funny":0,"review_id":"Ozsg3d8jFXO37mgj2Ai9cQ","stars":5,"text":"I've had massages by many of the therapists at Bergamot, all wonderful!  The owners Seth and Deanna have created a gorgeous and relaxing environment to get away for an hour or two.  They are caring, try to help to get you in, and have a terrific staff. Most importantly, their therapists listen to you each time you visit...what you need, where it hurts!  Love to support a locally owned business as well.","useful":0,"user_id":"wtcYEhBViwEgqPh4Vklrkw"}
{"business_id":"SLI9ty5gIZ3OmSKmST26qw","cool":0,"date":"2015-05-07","funny":1,"review_id":"3V-Aky_VCEL5Rdge0eNseQ","stars":5,"text":"I love this place!! I started going once a month and now I am up to once a week!! I think it's hard to find a massage therapist that you really like, but I have found my home here!!!","useful":0,"user_id":"uXXFGYr5Du3v4TF598Kgdg"}
{"business_id":"SLI9ty5gIZ3OmSKmST26qw","cool":1,"date":"2017-01-10","funny":0,"review_id":"l2UC_wkh5cLWE3RaBoXZPQ","stars":5,"text":"I love going to bergamot for my massages. Everyone is so friendly and they make you feel very comfortable the second you walk in the door. I have the monthlymembership and it is a great value. I'm looking forward to it every month!","useful":0,"user_id":"A74N8EYQ1lFwh7qazN3C9w"}
{"business_id":"SLI9ty5gIZ3OmSKmST26qw","cool":0,"date":"2013-04-01","funny":0,"review_id":"wvZBVjOrE0Z0YTPckvXwAg","stars":5,"text":"I was visiting from out of state and decided on a whim that I needed a massage. The first few places I called were booked, but when I called Bergamot they said they could get me right in!!!  The staff are friendly and inviting, the facility is relaxing and clean, and the prices are very reasonable.  I highly recommend seeing Felipe. He did an amazing job!  Next time I'm in town I will be going back!","useful":0,"user_id":"q63L_9H9znYQyqd7H1HBxQ"}
{"business_id":"SLI9ty5gIZ3OmSKmST26qw","cool":0,"date":"2015-04-24","funny":0,"review_id":"yzhhllWKO-HXEOOec0XLjw","stars":1,"text":"The young lady - Megan - who gave me a massage was really great - attentive and very professional. Sadly the blonde girl at the front desk and the rotund, bearded guy were not. At all. \n\nOn arrival - my first time there - while 'signing in' - I hear both make fun of my strong foreign accent - not the kind of thing you want to experience when trying to relax and forget the world. So the massage is great - but sadly the administration and 'welcome' very poor - soured it.\n\nAfter talking to friends this weekend about this massage therapy place - they all thought I had been way too easy on the joint so am dropping this to 1 star - I would drop it to zero if could - they were very unprofessional.","useful":0,"user_id":"jnKWz_IgRh8oW8zaqptqEw"}
{"business_id":"SLI9ty5gIZ3OmSKmST26qw","cool":0,"date":"2011-02-08","funny":0,"review_id":"wRZg7m1Hi0P_v856dj7PHw","stars":4,"text":"I have been searching for a new massage place with easy to book openings, and found a coupon for this place.  They had an immediate opening, so I took it.  I am SO glad I did!  Seth, one of the owners, was fantastic!  Honestly, this is one of the best massages I've ever had.  Usually, I go to the school for massage he graduated from, so am familiar with the style of graduates from there.  It really felt as though he took it up a couple of notches, and worked out kinks I've been trying to get out for months.","useful":3,"user_id":"e4_SLq4h7q_NC3Xv4LsTjA"}
{"business_id":"SLI9ty5gIZ3OmSKmST26qw","cool":1,"date":"2016-01-12","funny":0,"review_id":"1RK0yNAPa2A0yFD_pqXHFw","stars":1,"text":"I went here for a massage before Christmas because the person to whom I usually go was not available. It was awful. Too much oil. Lots of rubbing oil into my hair. 50% of the time focused on my back and not my neck and shoulders like I had communicated.  But, it was a lot of rubbing oil on my body but not massaging. I chatted with the masseuse afterwards & expressed my disappointment. I wish I had asked for a refund or something.","useful":1,"user_id":"f9Ppk0BZFxBCKVJAm3EP9Q"}
{"business_id":"SLI9ty5gIZ3OmSKmST26qw","cool":0,"date":"2014-06-11","funny":0,"review_id":"4bV9TTN9VA5RDa6nPb5bzQ","stars":5,"text":"I found this place when I was located in Madison several years ago, but unfortunately have moved away about two years ago. Ever since I've moved away, I look forward to the summers when I'm willing enough to return to Madison and always book a massage here when I do.\n\nFrom my first massage to my most recent one last week, Seth has done an amazing job at being friendly, helping me relax, using the right pressure, and never cutting edges with time or services. I've had a regular massage, hot stone massage, body wrap, and body scrub. Whatever you're looking for, call up Seth for a friendly and convenient booking at good prices, an excellent 5-star massage that I haven't found elsewhere, and a relaxing time that you won't regret.","useful":0,"user_id":"LRrORhzKHvqcw1xcXXX7RQ"}
{"business_id":"SLI9ty5gIZ3OmSKmST26qw","cool":1,"date":"2017-05-31","funny":0,"review_id":"gqqL-X3-lGlCsN6zhISbdg","stars":5,"text":"I was very happy to have gotten an appointment right away.  Jo was very thorough and my service was excellent.  It was a very calming environment and the oils had a great aroma.  Thank you!\nI will be back!","useful":0,"user_id":"LbOf98yFgTiQLp2DyyaP_g"}
{"business_id":"SLI9ty5gIZ3OmSKmST26qw","cool":0,"date":"2013-08-30","funny":0,"review_id":"bRUiH32iFa7Y-ljfQSP4Tw","stars":5,"text":"Great massage place!  They managed to get me in for a same day massage.  Generally very easy to book massages.  The place is very clean and professional and they seem to really care about their clients.  It's also easy to find and there's plenty of parking.  Hours are more limited during the summer, but generally no issues getting an appointment.  I'm a fan!","useful":0,"user_id":"vy-hvYeOHFYxt0G7U62_gA"}
{"business_id":"SLI9ty5gIZ3OmSKmST26qw","cool":4,"date":"2015-12-07","funny":1,"review_id":"vbOUdtlqa0G0wC-6-aVRUQ","stars":5,"text":"Lovely salon, quick service, quality products.\nI enjoyed my 60 minute massage with Casey. She has a way with stretching that will leave you all losey limbered up. Both my boyfriend and I had massages.\nThe membership is something i am seriously considering. I was impressed that they never pushed a membership. All business is done quietly and discreetly. Rooms are warm and subtle.\n\nThe only thing i would suggest is a music selection option. I wanted to break the digeridoo ten minutes in. My boy, however, had aome lovely orchestral soundtrack music.\nI suppose it depends on the room!\nI reccomend it.\nEnjoy.","useful":7,"user_id":"XfLvyx9J_W9yHVA6aCZGLQ"}
{"business_id":"SLI9ty5gIZ3OmSKmST26qw","cool":1,"date":"2017-05-23","funny":0,"review_id":"LU4dofO4hnjGacWUxHxRnQ","stars":5,"text":"Excellent and knowledgeable massage therapy focused on individual needs, in a peaceful, pleasant, and professional setting.","useful":0,"user_id":"MwPnn0q72yY0T67URepd_Q"}
{"business_id":"SLI9ty5gIZ3OmSKmST26qw","cool":0,"date":"2017-06-19","funny":0,"review_id":"O7Za7HRiNpnhn6niTv8RPw","stars":5,"text":"One of the best massages I have had.   (That's saying something because I'm very picky.).  I had a deep tissue massage with medium pressure - Jessica was my therapist.  She had a restorative touch and I was able to completely relax.  I left feeling great.  Highly recommend!","useful":0,"user_id":"eDHiIu4heVtgoSidWiml4g"}
