{"business_id":"SRrLzl_1gKisaGy3c69uIA","cool":1,"date":"2017-04-25","funny":0,"review_id":"cz04E53HptULJyru9GQecg","stars":5,"text":"Had a great experience with Rosanna. Arrived 30\" before closing for a quick browse, left with 2 new pairs of glasses ordered and ready the next day. Rosanna gave good recommendations on frames and graciously stayed a bit late to process the order.","useful":0,"user_id":"ZYTDhyyGZEkfC6cHLulG9w"}
{"business_id":"SRrLzl_1gKisaGy3c69uIA","cool":1,"date":"2013-07-13","funny":0,"review_id":"VumZGY42c02HqXeMgAgxzw","stars":1,"text":"Eyemart Express and the Funkhouser staff offer horrible service and will try to nickle and dime you every opportunity that they can. They won't offer an explanation, they'll just be rude and insistent.","useful":3,"user_id":"2PvvAd7rbTJjrKVGXlNlFQ"}
{"business_id":"SRrLzl_1gKisaGy3c69uIA","cool":0,"date":"2015-09-06","funny":0,"review_id":"wIVrxXA84f3qzhfZhVsnOg","stars":3,"text":"Hard to pick between 3 and 4 stars.  I'm always treated well here, but I have to wonder if I'm missing out on outstanding service somewhere else.  Nothing has driven me to leave, but I could go somewhere else...  I've been a customer ever since I've needed lenses, so they are all I've known.\n\nSo, could they be 4 stars?  Yeah - maybe they should be.  I'd have to go somewhere else to know better though.\n\nFor a good exam, reasonable prices and nice people - you could do worse than Eyemart Express.","useful":1,"user_id":"4zTUqzgK7MMycdrhNDKIBQ"}
{"business_id":"SRrLzl_1gKisaGy3c69uIA","cool":0,"date":"2013-07-13","funny":0,"review_id":"asXZH5FHCCKVch2ZJJ8F8w","stars":2,"text":"I have been going to this location for several years, although after my last experience, I won't return. There has always been an air of pish-posh snobbery here at EyeMart Express, and why, I can't begin to imagine. The staff never says hello when you enter, perhaps they're overworked, or just having an off day, either way that is just not acceptable. Furthermore, I agree with the previous reviewer about the \"nickle-and-dime\" culture they seem to have going on here. They will seriously do anything for a buck. Dr. \"Funkhauser\" herself has always been quite nice, but I'm afraid she must direct her staff to squeeze every penny out of patients. Why else would they act this way? There is clearly a deeper public relations issue going on here, and it is also clear that this location must address how they are being perceived- or many once loyal customers may do like I did, and go elsewhere.","useful":4,"user_id":"nltSEQ5uxD8LYIrfn4BlUQ"}
{"business_id":"SRrLzl_1gKisaGy3c69uIA","cool":0,"date":"2017-03-11","funny":0,"review_id":"nV7moomRKNMzbTT9agGa2w","stars":1,"text":"I don't wear glasses all that often so when I saw their $38 frames and lenses deal for two pair I was intrigued. Well for that price the selection is very limited. That was fine with me I have a bit extra to spend on nicer frames. So when you go that route your second pair starts at $10 for a $39.95 pair of frames and lenses. When they brought me my total it seemed a little high so I asked them to itemize it for me. Well it turns out the total discount didn't even cover the cost of the lenses which were suppose to be included in the price of the frame. For each pair the lenses cost $49 but I was only given a discount of $89 off the total. I also had a second pair on there that there was no discount for the frame. if I could get a $39.95 second pair for $10 why wasn't my $69.95 pair also discounted $30 like all their signing suggests? I believe based on their advertisements that I should have been discounted roughly $130 but no one could explain to me why it was only $89 which didn't even cover the lenses so I left never to return again. Save yourself the time.","useful":0,"user_id":"mig7smcH-drTtcmZRW5GDg"}
{"business_id":"SRrLzl_1gKisaGy3c69uIA","cool":1,"date":"2015-01-20","funny":0,"review_id":"SHK0BBi4_wHA1P9lADUnzw","stars":5,"text":"Thank you Eyemart Express!  I am a first time eyeglass wearer.  I won't bore u with the details but it was a challenge due to insurance and what not.  Ava helped me pick out my frames and was very patient Joel took over from there, for me anyway, and helped me get what I needed.  the place is busy!  The employees at Eyemart Express take care of their clients as quickly as possible, have always been friendly, despite their work load.  Thank you for your respectful helpful service!  The price was in line as well!","useful":2,"user_id":"bP7hbcCzKim5K77K_uFqJA"}
{"business_id":"SRrLzl_1gKisaGy3c69uIA","cool":0,"date":"2015-01-14","funny":0,"review_id":"kxKyi6PkOk6VE6riMj2-fg","stars":5,"text":"I went here today and had a great experience.  They were busy, I waited patiently, didn't need to be acknowledged 50 times, once was enough.  Was in and out in an hour, picked 2 new frames with all the extras and paid $100 less than I did for exactly the same thing with my insurance at Visionworks.  I worked with the manager, he was great. seemed pretty efficient.  He was working with 2 other customers at the same time and I got helped pretty quickly.  I wear progressives so I have to wait 2 weeks to get my glasses, if anything with my experience changes then, I will update my review.  What I see with the previous reviews of this place seem completely unfounded.","useful":0,"user_id":"FY_0j8AFzufSLwmugDRn8w"}
{"business_id":"SRrLzl_1gKisaGy3c69uIA","cool":0,"date":"2012-03-18","funny":0,"review_id":"O4eIXgKIZDveKeTOSwSsFg","stars":1,"text":"This place sucks!! I brought in on multiple occasions my own frames to put new lenses in and the shop said they wouldn't do it. So I brought more frames in with the same frustrating outcome. I decided to try the other location in east Madison just in case the staff at the Odana was just being jerks. Sure enough the other location had all my frames with new lenses in them with in the hour. No hassles, no run around. So if you want to go to a eyemart express and not wait 20 minutes to be seen and have a staff that will actually help you, go to the east madison location and NOT the odana dr. location.","useful":3,"user_id":"kDSghG1BXWOdhONSdXnkLw"}
