{"business_id":"sJObNe2Oa4eJBjPTRJEgjA","cool":0,"date":"2017-01-04","funny":0,"review_id":"lqF4oGZ0yy9Kc2Hk-H79EA","stars":1,"text":"I would love to say I had a great experience here however if you have any balance that gets kicked back from your insurance company they will immediately send it to collections and never notify you. Service goes a long way in my book and this was just lazy and terrible service. A simple bill in the mail or call and this would have been paid for.","useful":0,"user_id":"8O7Mv5wetNh2BuO5pGRfeQ"}
{"business_id":"sJObNe2Oa4eJBjPTRJEgjA","cool":0,"date":"2013-12-10","funny":0,"review_id":"9V6K1zfqAlq9A7uz-vcqIg","stars":5,"text":"Thank you to a great place from the front door sales to the Dr.  Staff went out of their way to get me 2 pairs of glasses in a rush prior to a trip I wanted them for.  They also handled all insurance for me. Great selection of glasses too!","useful":0,"user_id":"MVz8r_qdkBWS32WdX0xjdw"}
{"business_id":"sJObNe2Oa4eJBjPTRJEgjA","cool":0,"date":"2011-08-03","funny":0,"review_id":"A9Q4aosuZXWas-lmmJopYQ","stars":5,"text":"I love that not only the staff listens to you, but so do the doctors! After an unsuccessful attempt to find a new eye doctor in Chicagoland where I currently reside, I found myself back up in Madison for my eye appointment. I wanted to go to someone I knew I could trust, who wouldn't take me for a ride... I love that they take my vision insurance, as well as many others, the place is always clean and organized and the frame selection is great too. After working in the optical field for many years, I can honestly say that Dr.'s Rick and Angie Olson are the most professional and sincere optometrists I've met.","useful":0,"user_id":"TMrkdY9N-XjgKBeONiLP8w"}
{"business_id":"sJObNe2Oa4eJBjPTRJEgjA","cool":1,"date":"2017-05-18","funny":0,"review_id":"MCAEC2wn-z4VnNGKBzG5_Q","stars":5,"text":"The best customer service!  I love this office!  They have the latest technology to take care of your eye health.  Every staff member I've met is so friendly and knowledgeable.  I recommend them to all of my friends and family members.","useful":0,"user_id":"Cr2MoB9kk1nORmY6T55hFQ"}
{"business_id":"sJObNe2Oa4eJBjPTRJEgjA","cool":1,"date":"2016-05-25","funny":0,"review_id":"h1iiCDYrryj0Nv19UUl_jA","stars":5,"text":"Love everything about this place!  Dr R. Olson is extremely knowledgeable, friendly, and communicates well.  Nice scheduling options, staff are very fast & helpful.  Highly recommend!","useful":0,"user_id":"iWC68p0O4dHbH1c31UD_Pg"}
{"business_id":"sJObNe2Oa4eJBjPTRJEgjA","cool":0,"date":"2013-02-13","funny":0,"review_id":"1p3xfuBVPzSnvpB-Dvxu6A","stars":5,"text":"Absolutely my go-to optometrist. I've been nothing but happy with my vision, and I honestly feel welcome, and well taken care of every time I call and see my doctor.","useful":1,"user_id":"pyhxrZvVW9ylmvIYn676hw"}
