{"business_id":"SkMHTrR-qn-6qNalTpu1MQ","cool":0,"date":"2017-06-10","funny":0,"review_id":"eXlEkNLO58dI-ars_JC-9g","stars":5,"text":"Everything about my experiences at Oak Park Dental have been overwhelmingly positive. From the moment you walk in as a new patient you are greeted with genuinely caring individuals; this is not feigned caring, but authentic. My first cleaning was done by Kelly. She has a light touch and is very thorough at the same time. (More about Kelly later). I had the same bridge for more than 30 years. Dr. Jana Gyurina determined it was time for the bridge to go; this was not an arbitrary decision but based on x-rays that revealed decay underneath. During the removal of the bridge, Dr. Gyurina showed me the degree of decay that was there. After the procedure I received an email that contained photographs of what was revealed with the old bridge removed; not a minute too soon. Dr. Gyurina saved my teeth. If I had procrastinated the decay would have advanced such that I might have lost the two teeth that the bridge was sitting on. The new bridge itself was a product of CAD (computer assisted design) and Dr. Jana's expertise. I was able to watch as she determined the perfect angle to set the bridge. I need to have my teeth cleaned every twelve weeks. Kelly has been my go to person. The last time I was there she said \"I was thinking about you regarding this new procedure for bone loss.\" It was evident that she was not attempting to up-sell me; to sell me on some unnecessary service. Instead she sees me as her patient and takes ownership of outcomes for me; it really is a team approach. Jill Simpson is their equivalent of an F & I person at a car dealership; she made all the parameters of my insurance exceedingly clear and understandable but most importantly, in a manner that demonstrated empathy and compassion. She recognizes money does not grow on trees and offered various scenarios so I could obtain the care I needed.","useful":0,"user_id":"rhR-Q0rhSnejw7DEWU8B2w"}
{"business_id":"SkMHTrR-qn-6qNalTpu1MQ","cool":0,"date":"2016-04-03","funny":1,"review_id":"yRhLCRNlm6vqw4Ji61Lksw","stars":5,"text":"Fair, honest, and kind. The hygenist I had was very nice. The best part was that I saved $600 by coming here for a deep cleaning! I recommend this place to everyone! Over diagnosing is a big problem in modern dentistry. Luckily this place is honest. And everyone working there is really nice too.","useful":0,"user_id":"MlvmV75YprbCOUfLXqjczQ"}
{"business_id":"SkMHTrR-qn-6qNalTpu1MQ","cool":0,"date":"2014-12-19","funny":0,"review_id":"gaJ_19l1xYWpqPUz9DQuFg","stars":5,"text":"Amazing staff!!! I had a broken wisdom tooth that put me in so much pain, called to make an emergency appointment as a new patient with no dental insurance, and they were happy to fit me into their busy schedule on the same day! They were all so nice and so caring, hands down the best dentist experience I've had yet, I plan on going back!","useful":2,"user_id":"_DeDNBMyefaIEIHm_C-sVg"}
{"business_id":"SkMHTrR-qn-6qNalTpu1MQ","cool":0,"date":"2015-04-23","funny":1,"review_id":"fG__SoIWHBWHqmqyWsGbqQ","stars":5,"text":"Can't imagine going anywhere else for dental care. \nAlways professional, excellent, quick and caring service. Thank you!","useful":2,"user_id":"e9bVxMuG-1NIJWqT_pDEmQ"}
{"business_id":"SkMHTrR-qn-6qNalTpu1MQ","cool":0,"date":"2016-12-05","funny":0,"review_id":"H0QwSCDyripDjhPce9c1mw","stars":1,"text":"She charges triple what other dentists charge, and does shotty work. She will also try to make you get Invisalign even if it's not what is best for you.  Money hungry dentist.","useful":0,"user_id":"ySPTLClSEV_9biY8iZEWPA"}
{"business_id":"SkMHTrR-qn-6qNalTpu1MQ","cool":0,"date":"2015-03-20","funny":0,"review_id":"o619nHx3OFWkpSXhm7cqGw","stars":5,"text":"Dr. Jana Gyurina is a true expert in the field of neuromuscular dentistry!  The staff at Oak Park is always very friendly and efficient in their work.  They have the newest technology in diagnosing and treating  temporomandibular joint dysfunction.  When getting cleanings I know that Dr. Jana and her hygienists never miss anything, and they always make sure as a patient I am comfortable.  I would highly recommend Oak Park Dental and Dr. Jana to everyone for the highest quality dental work and pain relief for TMD.  There are no other dentists in Madison who can compare to Dr. Jana's expertise and attention to detail!","useful":2,"user_id":"EV62c8o3TruBAQQDlIqJGA"}
{"business_id":"SkMHTrR-qn-6qNalTpu1MQ","cool":0,"date":"2017-02-26","funny":0,"review_id":"ztVH33jNzjeliIqwZBG_3w","stars":5,"text":"My hygienist Danielle is so nice and made my teeth super clean. Dr. Jana is one of the best dentist I know. So happy I switched to Oak Park Dental is the place to go in the Madison area!","useful":0,"user_id":"vQBqLXnTTMjmxmut4_sdIQ"}
{"business_id":"SkMHTrR-qn-6qNalTpu1MQ","cool":0,"date":"2015-07-10","funny":0,"review_id":"hNldEErK4Dpitn8ofZXm2A","stars":5,"text":"Dr. Jana and the staff at Oak Park Dental are beyond exceptional! They make you feel very comfortable. Their expertise and chair-side manner is top-notch. From the very first appointment I've felt like a VIP, very important patient!","useful":0,"user_id":"j1XU_uIFHD5apxihYNbzQg"}
{"business_id":"SkMHTrR-qn-6qNalTpu1MQ","cool":0,"date":"2015-04-17","funny":0,"review_id":"tL9h11NqTRKMFLM9aFa6MA","stars":5,"text":"The office is awesome. Dr. Jana and Dr. Steiner are very informative as well as the hygienists. I had fillings done by Dr. Steiner- Saw photos showing me the cavities. I was pleased with how easy and painless the experience was. Everyone is very friendly. All in all a great experience and atmosphere.","useful":0,"user_id":"21pYlWV3_6J4qGU6b0kZTg"}
{"business_id":"SkMHTrR-qn-6qNalTpu1MQ","cool":0,"date":"2017-05-24","funny":0,"review_id":"p2pnjyKO2arYKzORoAR_Wg","stars":5,"text":"You guys, this is the best dental experience I've ever had in my entire life. I have extreme dental anxiety and needed a crown replaced; the perfect storm of horrible. They got me in quickly and treated me with such respect and kindness. The entire staff was snesitive to my anxiety and went above and beyond to make me comfortable.  The work they do is amazing and the office amenities cannot be beat. I am no longer scared to come to the dentist and look forward to my cleaning in November. Every single person in the Madison area should come here.","useful":1,"user_id":"BL_K4c_0ngPGHdt3B_VDhA"}
{"business_id":"SkMHTrR-qn-6qNalTpu1MQ","cool":0,"date":"2015-04-10","funny":0,"review_id":"FK0h0lWmgKdasy1q12LqUw","stars":5,"text":"Amber and Dr. Steiner were exceptional. I had a cosmetic patch on one of my front teeth repaired, and when they were done I had to honestly ask them to tell me which tooth they worked on, because I couldn't tell! It was that good of a match! They were both very friendly, polite and gentle. I had to be numbed a little, and I didn't even feel the poke. I am glad to be getting my dental care here.","useful":2,"user_id":"4e6vdj57VHcWMIBz-16Rpw"}
{"business_id":"SkMHTrR-qn-6qNalTpu1MQ","cool":1,"date":"2015-11-09","funny":0,"review_id":"GaQMqCBHnqtqYzRXCvaBeA","stars":5,"text":"My family has been seeing Dr. Jana for many years now, and we have always been so pleased with her care. The staff at Oak Park Dental is great - responsive, courteous, personable - and the new dental suites are state of the art. Oak Park truly is a one-stop shop! Cleanings, fillings, same-day crowns, and soon, orthodontics, all under one roof. And when your kids actually look forward to their dental appointments, you know you've landed in the right place. Here's to many more years of beautiful, healthy smiles!","useful":0,"user_id":"RcR7wjHxB9a-Oc9YmCmjhQ"}
