{"business_id":"SQQauQvKTxMG30aMNLxE2w","cool":0,"date":"2011-09-13","funny":0,"review_id":"uKTaEBANNnlqyNtTKsyh2Q","stars":5,"text":"A great experience. I bought their Groupon for teeth whitening and had a pleasant experience, so I came back when I needed some fillings replaced. I explained to the dental assistant my history with horrible dentists and my fears of the numbing process, so they gave me extra topical, and took it very slow with the needle, giving me three small doses, pausing in between, instead of one giant shot, easing my anxiety.\nThe office is extremely clean and modern, the staff all friendly and very knowledgable, and there are even TVs in each room - a fun little perk. The only negative I guess would be limited hours; no after work hours are available, so I either have to leave early, use my lunch or use vacation.","useful":1,"user_id":"F5Wi9_5RAr1i_Us3mHIKWQ"}
{"business_id":"SQQauQvKTxMG30aMNLxE2w","cool":0,"date":"2015-06-04","funny":0,"review_id":"Ubxa4r0wDzi7PNysQDheLg","stars":5,"text":"Had two fillings done one was a monster. He's is really good at checking on you to make sure you are ok. He is attentive like a a therapist and a talented confident Dentist. I was really happy because I don't like pain and I felt nothing.","useful":0,"user_id":"tG5s3vgVpHun0unatapjMg"}
{"business_id":"SQQauQvKTxMG30aMNLxE2w","cool":2,"date":"2015-12-31","funny":2,"review_id":"p6tOPZg-i0T9wPyPhT46HA","stars":5,"text":"A few years ago I received direct mail announcing the opening of this office by Dr. Boucher. As I was tired of the upsell attempts for $30K smile revamp at OPD (and rough work, likely unnecessary procedures as I've learned from others telling my same story) I was glad to have an option for a female dentist.\n\nDr. Noah is currently heading up this facility. I've had one visit with him so far. Overall, people here in my view are newer/younger and therefore include customer service as part of your experience and don't aim just to bleed you and your insurance for every penny to pay for the equipment. They aim to please and meet your needs.\n\nTIP 1 - If paying cash you'll get a 5% discount.\n\nI have a couple dental hygienist friends but keep my inherited soft teeth and quirky gums at Odana Hills Dental because it's nice. Waiting area is warm and inviting, and you never wait more than a couple of minutes for your hygienist. It's downright cozy. See the pics they've posted! Someone seems to have put thought into making the environment serene knowing most people are stressed at the dentist.\n\nI got assigned Curtis as my hygienist and will stick with him. He is totally adorable as well as knowledgable and gentle with the cleaning.\n\nTIP 2 - Check in on Yelp when you arrive. There's a free gift for you!\n\nLots of competition in Madison for your dentist directed dollars, but do yourself a favor and make an appointment at Odana Hills Dental.","useful":2,"user_id":"tOMfTEKuz21M9bNPJMH9JQ"}
{"business_id":"SQQauQvKTxMG30aMNLxE2w","cool":1,"date":"2016-11-21","funny":0,"review_id":"oFqYHxsp2dbYU66ADTvJJQ","stars":5,"text":"Great Dental Clinic.  We originally made appointments because they accept our dental insurance - we continue to go for the great care.  Very friendly, attentive staff at the Registration Desk.  The appointments always run on time.  Techs are great, provide a really good cleaning without pain!  Dr. Noah is very knowledgeable, practical and personable.  When you walk in for your appointments, they have already reviewed your records and know who they are talking to and what they are talking about.  Very personal care.  I would recommend to anyone looking for dental clinic","useful":0,"user_id":"1V2ccthFwIj6iurdSsr9FQ"}
{"business_id":"SQQauQvKTxMG30aMNLxE2w","cool":0,"date":"2015-05-20","funny":0,"review_id":"y_g97WWNa40aMk0h60XouQ","stars":5,"text":"Had my teeth cleaned by Curtis today - what a pro! The staff at Odana Hills is so attentive and friendly, AND I got free whitening trays with my first appointment!","useful":0,"user_id":"LGjtoN8ZexBeVHjLHRQtmg"}
{"business_id":"SQQauQvKTxMG30aMNLxE2w","cool":0,"date":"2016-12-16","funny":0,"review_id":"rc_iiTZTBpLjvF-kuEnJqw","stars":5,"text":"Just moved to Madison less than a year ago and was recommended to try Dr. Noah at Odana Hills Dental.\nI couldn't be more impressed with their level of service.  Clean modern facilities, talented caring staff, and genuine warm, nice folks. \nHighly recommended!","useful":0,"user_id":"04Q1XynGrxc_sOjJop0Icw"}
{"business_id":"SQQauQvKTxMG30aMNLxE2w","cool":0,"date":"2012-10-26","funny":1,"review_id":"sQhbAlXueZl8lyv3VjphJg","stars":1,"text":"Horrible customer service!\nI called twice to schedule a consultation and twice no one returned my call. \nI also inquired about a dental service and was told two completely different things from two employees there which shows they are definitely not all on the same page. Lack of professionalism and dental education about their products.","useful":0,"user_id":"DOyOqd2O5SJv97Isfg67Pg"}
{"business_id":"SQQauQvKTxMG30aMNLxE2w","cool":0,"date":"2011-10-05","funny":0,"review_id":"LwLXoJ6COYc18bBCMI4fVQ","stars":5,"text":"Best dentist I've been to.  Very careful.  I just had a basic cleaning & checkup done.  Everything was efficient and painless.  Office was comfortable and staff were very friendly.","useful":0,"user_id":"bGEjid3gMIOxaZY4jXuVFw"}
{"business_id":"SQQauQvKTxMG30aMNLxE2w","cool":0,"date":"2014-07-18","funny":0,"review_id":"y2yAMiLnWxYyRhnzs0HYYQ","stars":5,"text":"I'm a coffee drinker, I have coffee drinker teeth. Yuck, I know. I came across a Groupon for 75% off a whitening at OHD. It is located on the other side of town from me, so I wasn't planning on returning after the whitening. However, their service was great, from the handwritten thank you's, to the gift bag complete with cup and lipgloss, I was sold. So, when it came time to bring my daughter in for a check up and cleaning, you know where I called. They have always been over the top friendly and go above and beyond for their customer. After my return visit for a cleaning I left with a free custom whitening kit to continue fighting the coffee teeth blues. :)","useful":1,"user_id":"0SD7SOeeIOZzr2NkFO6KQg"}
{"business_id":"SQQauQvKTxMG30aMNLxE2w","cool":1,"date":"2016-11-21","funny":0,"review_id":"q3qlrmPAfjLGzEzquEYrkg","stars":5,"text":"Dr. Noah is superb. He is knowledgeable and personal. Our entire family has been to see him. I have been happy with all of the care we have received.","useful":0,"user_id":"L7QcMS4xHXRb5tfMxtupOQ"}
{"business_id":"SQQauQvKTxMG30aMNLxE2w","cool":1,"date":"2011-05-07","funny":0,"review_id":"tu8cOkLuqK6KnJUCocDdQA","stars":5,"text":"I had a great experience from the entire staff here-- from the front desk to the doc himself. I had a severely damaged and decayed tooth that the GREAT (and very handsome) dentist tried to extract, only to have to refer me because of an infection. They didn't charge me for any of the services related to the extraction and all consoled me as I cried! Not only that, they were prompt and courteous when an issue came up at my pharmacist. Thanks!","useful":2,"user_id":"MdqId3m9e5bmUue6MVGCiA"}
{"business_id":"SQQauQvKTxMG30aMNLxE2w","cool":0,"date":"2012-04-02","funny":0,"review_id":"k8RdRxz6EvyCBIUd9CVe6Q","stars":5,"text":"I truly can't say enough about Odana Hills Dental!  From the receptionist, to the dental hygienist, to Dr. Boucher... Everyone was friendly and thorough, while providing exceptional service!!","useful":0,"user_id":"9FJGiIYgSs0exaPYCM57ug"}
{"business_id":"SQQauQvKTxMG30aMNLxE2w","cool":0,"date":"2012-07-10","funny":1,"review_id":"vAAfL1ESBqZDJZAie_F-kA","stars":1,"text":"I purchased the Groupon for the teeth whitening, which I had yesterday. I arrived 15 minutes early to fill out paperwork as they requested, but when I arrived, no one was at the front desk. As the sign indicated, they were out to lunch, which was fine, but when they returned (10 minutes or so later) they asked if I had filled out the paperwork yet. I don't know if they had expected me to just take a clipboard off of the desk to complete on my own or not, but I found it mildly annoying. \n\nFor the procedure you have to put a plastic spacer in your mouth to keep your lips away from the whitening gel, and I was having difficulty getting mine to sit comfortably without digging into my gums. The woman assisting me tried to help by putting cotton rolls in my mouth, but they kept slipping, so I found it most comfortable to  hold the spacer. Into the second round of whitening, another woman came along and noticed that I was holding the spacer, and asked me if I would like to put some cotton in to make it more comfortable. While I realize that she was trying to help, I knew that it probably wasn't going to work, so I said no. She insisted on putting them in during the second round while I still had bleaching gel in my mouth, which got on to the cotton roll that she placed in my upper and lower gums. My gums and frenulum were burning, and I asked her to take them out, but she wanted me to be sure that the discomfort wasn't just that I was feeling my mouth stretch before she took them out. After taking them out they both swabbed vitamin e oil on the affected areas and the second woman left - she didn't explain that she had gotten the bleach on my gums or even apologize for hurting me when I didn't even want the assistance! I had been fine until she tried to help me, but the remainder of my appointment was painful and uncomfortable. \n\nAt the end of the appointment, the woman assisting me explained that the white spots on my gums were from the bleaching gel and that the pain would last about 2-3 hours. I woke up this morning and my gums and frenulum still sting; I can't smile or touch my lips without pain, and I still have tooth sensitivity (the latter is no one's fault, but I wish they had explained that I might still have sensitivity/pain today). Needless to say I'm pretty upset by the experience; I'm going to be in a wedding this weekend and I hope the pain subsides by then. While no one was particularly unprofessional and my review is only regarding the procedure that I had, I cannot recommend them and I would not use their services again.","useful":0,"user_id":"hJITtPHRdZvlZGYZLrnGqA"}
