{"business_id":"SnasIDaq7oW6ZxgY18ibAg","cool":0,"date":"2016-07-03","funny":0,"review_id":"hKCj3SdV9KAVPZPt_VmvfQ","stars":4,"text":"I was pretty happy with Northeast Family Medicine, as a source for basic healthcare and access to a primary care physician, only about one mile from where I was living.  I've been getting my primary healthcare through the University of Wisconsin Hospital and Clinics for nearly 40 years now, and like being close to one of their clinics offering general medical practice services.  I've been cared for by the \"Orange Team,\" and had a couple male physicians who were quite good, and with whom I developed a good rapport.  When they both moved on with their careers last year, I dreaded the need to find another competent physician with whom I would \"click.\"  Then I got lucky and discovered Emily Jewell, a Doctor of Osteopathic Medicine, and I could not be happier.  She always takes enough time to listen to what I've got to say, clearly genuinely cares about me and my health, and played an essential role in finally getting my back problem accurately diagnosed by ordering an MRI done, which revealed two herniated discs.  Although a move in 2015 made me now 7 miles away, I still use Northeast as my source for basic healthcare, and continue to be pleased with everything about it, except how busy my doctor is.  Sometimes it will take a while before I can get an appointment, but if I'm in a rush, I can opt to see someone else on the Orange Team, or request to be put on a call list for cancellations, or both.","useful":1,"user_id":"Y1IWQWJuv2iQVyNxggxfww"}
{"business_id":"SnasIDaq7oW6ZxgY18ibAg","cool":2,"date":"2014-08-04","funny":2,"review_id":"WdaXaHjpZUAxqRnPndQWzg","stars":4,"text":"My daughter and son in law take my wonderful 6 month old grandson Ansel to this clinic.\nI had always recommended using a family medicine office so as to avoid the long lines and mechanical pediatrician offices when my children were little, and so now my family uses Northeast and just love it.\nThey have been treated so well by the staff at this center.\nThey make the family feel very welcome and that you are doing a great job at parenting.\nAnsel loves to have books read to him.  They especially like that the child receives a book at each visit. Ann O. and Jennifer E. are wonderful.  The nurses are affectionate and incredibly capable with any questions we have.","useful":5,"user_id":"hd-S4mtrPY9Q6iuBJegnOQ"}
{"business_id":"SnasIDaq7oW6ZxgY18ibAg","cool":0,"date":"2016-08-17","funny":0,"review_id":"K9ukKwUZRwxqPqTsNwuvGA","stars":1,"text":"horrible treatment. they dont call them croakers for no reason. worthless doctors just like every doctor","useful":0,"user_id":"3G2G2bqJ3vewcvb3EqhxqA"}
