{"business_id":"T6KoF8J3tdNWKfSD9AmdrA","cool":0,"date":"2015-04-16","funny":0,"review_id":"JDPX_Eamr8sAAHEi3O0n3g","stars":5,"text":"I come here for all of my appointments/check ups/pharmacy.  Everyone is really nice and generally there isn't much of a delay to be seen when I have an appointment.","useful":0,"user_id":"t8vDCPg-8z-d9ePghOTXWQ"}
{"business_id":"T6KoF8J3tdNWKfSD9AmdrA","cool":1,"date":"2015-03-03","funny":0,"review_id":"R5A8naQzJ-2cT-hWN086gg","stars":1,"text":"0 STARTS one star is way too much for them.\nThese people are so careless and incompetent it really makes me wander if they even have doctor's degrees or they just bought them. \nI have been seen at dean numerous times and they fail to make the right diagnosis all the time. My husband almost lost a leg thanks to them because they told him it was fine and 3 days later he was in Seattle Washington getting surgery in that leg. \nI went many times to the urgent care because of my health issues and I have to pay for the service but they don't want to even look at me, They didn't even want to hear my symptoms!!!!  I was desperate because I felt terrible and they just told me to find a \"primary care provider\", like, aren't you a primary care provider? isn't this the reason why you work in urgent care? aren't you suppose to hear me out??\nI have arthritis also and I was out of my ibuprofen (the stronger kind) and they said they didn't want to give it to me. This was very offensive as I felt like they treated me like a drug addict where I really have a condition and I needed Ibuprofen. Ibuprofen DOESN NOT make you drowsy and this is usually not what drug addicts ask for anyways so I couldn't see why they didn't want to give it to me. They deserve to be sued in my opinion and go to jail. They will LET YOU DIE and laugh at your back!","useful":0,"user_id":"gFA0eaHyH5NK3iSZWshWkA"}
{"business_id":"T6KoF8J3tdNWKfSD9AmdrA","cool":0,"date":"2011-03-22","funny":1,"review_id":"n8MCpGNogG7UBjnvMmeElw","stars":1,"text":"Dean recently received 5 out of 5 stars for J.D. Power and Associates survey of nine health insurance plans in Wisconsin and Minnesota.\n\nHow is this possible when we were thrilled to leave Dean and work with someone else.   The two negative reviews here cannot be the only bad experiences.   And I suppose there are some good ones too.  But seriously the JD Power and Ass. survey is apparently not a good measure because it doesn't tell the whole story.  Buyer beware.\n(I suppose it is possible that they have started to improve)","useful":3,"user_id":"duku8ZJEzJC3_E8602coqg"}
{"business_id":"T6KoF8J3tdNWKfSD9AmdrA","cool":0,"date":"2016-12-07","funny":0,"review_id":"znmkuCddDxQYhf4g9yUhFA","stars":2,"text":"I've never had issues like this trying to make an appointment to see a physician.  I called to make an appointment in March 2016 for a physical and the soonest they could get me in to a physician that was recommended to me was March 2017.  They just called and said that appointment had to be rescheduled and they told me they are booked out until May 2017 and they can't schedule me because the appointment calendar doesn't go out that far, so I'm out of luck.","useful":0,"user_id":"pFwLNFTTQy1pWn2LFw_HsA"}
{"business_id":"T6KoF8J3tdNWKfSD9AmdrA","cool":1,"date":"2016-10-10","funny":0,"review_id":"0X6hse1BNVW5hsiZmHeJWA","stars":4,"text":"I think this place is pretty good. I get good care from them. Note:  It is not an urgent care center. Those are on the west and east sides. I think that is why the negative review below.","useful":0,"user_id":"Kzns6j-yFIHYsaWnlLy6kw"}
