{"business_id":"t4rBeSFDfwvaIbLftLlhig","cool":0,"date":"2014-08-17","funny":0,"review_id":"SFtQ1KnmPJRJe8UFkxXHAA","stars":4,"text":"Great massage! Really glad I happened upon this place. Don't be perturbed by the building - truly top notch massage. Looking forward to my next visit.","useful":0,"user_id":"tcqf-GozfOXoBxrLr4Tiew"}
{"business_id":"t4rBeSFDfwvaIbLftLlhig","cool":0,"date":"2013-12-20","funny":0,"review_id":"lZ3Wn7E2NBxO70ournKEhA","stars":5,"text":"It's obvious that Andrea is dedicated to, and accomplished at her craft. I was in town on a business trip, and came to her looking for relief from soreness in my larger muscle groups and  overall bodily tension. Aside from working some magic that left me feeling invigorated, she's super professional: she'll set you at ease upon meeting, asks great questions to discern what you want or need out of your session, is responsive to requests for a stonger/lighter touch, and will make sure you're comfortable on the table.\n\nThe studio is located on the lower level of an unassuming mid-century office building, and is without frills -- don't walk in expecting it to look like a spa, be equipped with a fountain, or for there to be someone waiting to check you in with a cup of tea. There are other places you can go for this.\n\nPeople from my office travel regularly to Madison, and I'll definitely be recommending  Resolution to my coworkers.","useful":1,"user_id":"TJjfZDT4jGy2if6YN1rLgw"}
{"business_id":"t4rBeSFDfwvaIbLftLlhig","cool":5,"date":"2015-11-29","funny":0,"review_id":"3LH6wwQzHxhP7CAcdK38Sg","stars":5,"text":"I went in looking for a little stress relief and a fix for my sore neck and shoulders.  My session with Andrea did not disappoint. She has a nice, heavy hand--which is what I prefer, but she also is very intuitive when I needed the pressure eased up. That's not something I can say about a few other therapists I've been to.\n\nThe actual massage part of the session lasted the entire hour--no time-chomping for changing or anything else (this is also a rarity, I've found).  And the best part? No awkward conversation to distract while I was enjoying turning into a gooey puddle of butter on the table. I was able to drift off into an alternate dimension of bliss.\n\nShe has just installed a sauna, so I can't wait to go back and partake of that, too.  \n\nThere's a big parking lot in the back, and I had no problem parking there at 5:45pm, though I've heard it can be more crowded earlier in the day.","useful":9,"user_id":"WeHffRGwXVuqdQyOxsAg0Q"}
{"business_id":"t4rBeSFDfwvaIbLftLlhig","cool":0,"date":"2016-05-12","funny":0,"review_id":"p9Fw6UKAao1IrcUmGv5Gow","stars":5,"text":"I'd never had a therapeutic massage, and never wanted to!  Frankly, I always thought it would be awkward, painful, and kind of a waste of money.  But, I was in so much pain in my upper back and shoulders earlier this week that I decided to give it a try and hope for the best.  I'd already been to Urgent Care for it, and they weren't especially helpful so I was desperate.\n\nAndrea put me completely at ease.  It really was not awkward at all.  I was right that it would hurt a bit, but the temporary discomfort was totally worth it because I felt 100% better immediately after the massage.  I jumped up from the table with no pain!  It was amazing, I couldn't thank her enough.  I wanted to give her a hug!  I immediately scheduled another session.  The next available appointment wasn't really convenient for me in terms of my work schedule, but I went ahead because I felt so much better and wanted to have a follow-up locked in.\n\nThe pain did start to return later in the day, but it wasn't as bad as it had been..  And I feel like I've improved each day since.  I can't say this was due fully to the massage because I've made other changes as well (focusing on posture and form when lifting, taking more time for recovery and rest), and the passage of time alone probably helped.  But, I am sure the massage contributed too and I am so very appreciative.  In fact, I'm so much better that I canceled that second appointment!  Andrea, you're *too* good at what you do.  Haha.  I will be rescheduling, and in the meantime am again just so grateful for the help.  I have already recommended Andrea to multiple friends and family members.  Worth every penny!  \n\nOh, the bathrooms are weird for sure though -- as Nan S. noted.  :)","useful":1,"user_id":"Q58Dk9jLWLCr2m6Ip08T0w"}
{"business_id":"t4rBeSFDfwvaIbLftLlhig","cool":0,"date":"2014-12-09","funny":0,"review_id":"KqNGJVEBh0DFOmxNoz08tA","stars":5,"text":"Andrea is undoubtedly the best massage therapist I've ever encountered. In addition to being a talented therapist, she's also a thoughtful listener and a great teacher. She always listens intently to my concerns, spends time addressing areas in need, and offers helpful advice on at-home therapies and easy-to-follow exercises. After my first visit, I knew I had to return. I now see her regularly and I'm thrilled to have found such a great therapist here in Madison. Added bonus: free parking!","useful":0,"user_id":"W0WcYBfrrxw7mTvcWZ8Ouw"}
{"business_id":"t4rBeSFDfwvaIbLftLlhig","cool":0,"date":"2014-06-27","funny":0,"review_id":"xqCiMmxTB8M27nlg6JPhDA","stars":5,"text":"I had been crabby and ill-tempered due to stress from lots of things going on (looking for properties to rent, wedding planning, starting a new job). My fiance was after me for a while to get a massage and I kept balking because they can be pretty pricey. He kept telling me to come here - he had been here himself per a recommendation from a friend and he kept talking about the massages.  I should've listened to him sooner! Andrea did such a great job! I could feel the knots gradually melting away and the stress leaving my body during the hour massage. She'll set you at ease immediately and take a few minutes at the beginning of the session to chat with you to figure out what parts of your body needs attention. She was wonderful and very professional too!","useful":0,"user_id":"fNeBIAZOhR3FSwjKnsT9JQ"}
{"business_id":"t4rBeSFDfwvaIbLftLlhig","cool":0,"date":"2014-04-28","funny":0,"review_id":"SPO_3ALq67nZ-BH3_VwYqg","stars":5,"text":"Andrea is phenomenal! Really takes the time to listen to what you're hoping to get out of your massage and does a tremendous job to work with you and your body throughout. She also provides some useful tips on how to continue maximizing the benefits of the massage long after you've left her office--real dedication to helping her clients as much as possible. I visited Andrea two days after running an ultramarathon and I walked out of her office feeling totally rejuvenated and relaxed. I will definitely be recommending her to my friends!","useful":0,"user_id":"rR0T-5yv7BaOl7C5gsXW6w"}
{"business_id":"t4rBeSFDfwvaIbLftLlhig","cool":0,"date":"2016-04-23","funny":0,"review_id":"UtXXHO5O5fpiB8ZjYX80Eg","stars":5,"text":"Sunny's deep tissue massage radiated throughout and made all the pain go away. Will definitely go back next time the tension hits!","useful":0,"user_id":"FbmvNdoAiDTuX6a4cY8IxQ"}
{"business_id":"t4rBeSFDfwvaIbLftLlhig","cool":1,"date":"2017-07-20","funny":0,"review_id":"pcQRsDWSMmup3JYnfSYlSg","stars":5,"text":"Sunny was wonderful. She really listened to the areas I wanted focused on and was very in tune with me. She applied deep pressure and used great techniques. The overall experience was very relaxing and just what I needed.  I will definitely be back.","useful":0,"user_id":"5XaXY8dSy6vMhyJ1evBv3A"}
{"business_id":"t4rBeSFDfwvaIbLftLlhig","cool":0,"date":"2017-05-18","funny":0,"review_id":"mG-I5mzm8ZHK6Pog83zHsw","stars":4,"text":"I went for my first-ever massage at Resolution and it was somewhere between A-OK and Yay! Rounding up because I probably didn't express clearly enough my needs since I didn't quite know what to expect. \n\nGOOD:\n+ A very nice, welcoming therapist\n+ A warm, cozy space you wouldn't expect with its utilitarian office location\n+ Consultation and dressing doesn't count toward your massage time \n+ Music was not too ridiculously new agey\n+ I did feel a good bit of relief for the problem I came in with\n+ Good signage to get me to the office once inside the building\n+ Online booking\n\nNEUTRAL\n+/- The bathroom is a little bizarre but it was clean - lock the main door behind you\n+/- The confirmation email told me to check in with the secretary on the first floor after parking to let them know you were in a visitor spot but you enter a small, empty lobby and then head downstairs to Resolution - I'm not sure if I was supposed to wander further into the building first but I just shrugged it off and hoped to come out to a ticket-free car (I did)\n\nCOULD IMPROVE\n- I probably should have started getting massages years ago for how messed up my back is, but it's not the most affordable treatment as it's not covered by my insurance. In any case, I came in with a huge knot in my shoulder that was causing a significant amount of pain, loss of motion, and headaches for weeks. When I did my intake I let my therapist know what was going on and confirmed I had scheduled a therapeutic massage. \n\nThe therapist did massage from head to toe, which was nice and relaxing, but she didn't concentrate on my problem area until the last 5-10 minutes of the massage (it felt like two or three minutes, but massage time flies by so it's hard to say exactly how long it was). She seemed surprised at the size and stubbornness of the knot, commenting along the lines of \"oh wow, you ARE really tight there!\" Yep!\n\nShe did make some headway and I could feel relief. It did take about three or four more days for the knot to completely loosen, though. \n\nI was also disappointed that while she hit a lot of very tender and painful points at the beginning (running down each side of my spine, running along the outside of my legs from hip to ankle) none of these spots were concentrated on. I had expressed that I have a lot of knots in back but none of them were touched, save the shoulder I had complained more specifically about. My lower back (where I have ropy bands of muscle) was never touched. \n\nOverall I felt like I had received a relaxation massage - it was pleasant and calming but for $85 with tip for one hour I was hoping for more. \n\nI have since tried another massage facility (I had another horrible knot crop up about a week later on the other side that didn't allow me to turn my head and was causing spasms that would jerk my head - pretty cool!). When I went in there I was better about saying \"here's what's bothering me, I understand things are connected and you won't spend all your time there, but you can skip the nice hand massage, legs, etc. unless you think it will help relieve the problem.\" I ended up getting about 25 minutes of the massage devoted to fully working out the knot, and the rest was concentrated on connected muscles. For me, it was a more fulfilling experience.\n\nI may return to Resolution because it's in my neighborhood, but this time I'll have to be more vocal about my needs. My therapist didn't make any recommendations about what type of treatment would be most beneficial upon return (they recommend scheduling a therapeutic massage your first time to get a sense of what you would benefit from) but maybe I can call next time to chat with someone before scheduling.","useful":3,"user_id":"wd3xoNaDLib8dhQ7BxUl6g"}
{"business_id":"t4rBeSFDfwvaIbLftLlhig","cool":1,"date":"2016-09-12","funny":0,"review_id":"YejQo2jd7GmxLWqPOFt6tw","stars":5,"text":"I was on a business trip and happened to be staying just a few blocks away from Resolution Therapeutic Massage so I booked a one hour massage out of sake of convenience. After my appointment was over I felt so lucky that this place was nearby and will probably book my hotel at the same location because of Resolution Therapeutic Massage. I had my appointment with Sunny who is incredible!! I can't wait for next time, thank you.","useful":0,"user_id":"IN2W3Kznblzw7lgk78RMJw"}
{"business_id":"t4rBeSFDfwvaIbLftLlhig","cool":0,"date":"2016-04-10","funny":0,"review_id":"W8GkAvZdN7fnByAIkwC-qg","stars":5,"text":"Once you get past the unexpected location in the basement of an office building and the weird bathroom in the basement, the actual massage rooms are relaxing, and the therapists are really nice, with impeccable technique. They actually pay attention to your problem areas as requested. It's also relatively affordable, more so with the discount for unity health insurance. Online booking is super easy. Word of warning - there are only a few visitor parking spots available, as the other spots in the lot are reserved for employees of the building, I confirmed with the receptionist in the firm on the first floor (although not sure about weekends when the office is closed...forgot to ask about that). regardless, parking on washington has been pretty easy. I would go elsewhere if you want a luxury-spa-like atmosphere, but if you want a damn good deep tissue massage, this is the place to go.","useful":3,"user_id":"P-0BwkurpH2jaqg8psCaVg"}
{"business_id":"t4rBeSFDfwvaIbLftLlhig","cool":0,"date":"2014-04-27","funny":0,"review_id":"hWPCiGGRo9hgWJi-Cxoupg","stars":5,"text":"I have seen Andrea about 10 times now.  I get massaged from her on a weekly basis because of a nerve condition.  As the two previous reviews said she is without a doubt top notch at massage and truly cares about making your body feel good.  If you have any muscle soreness or just need a really great relaxing massage I would not go to anyone else.  This past massage session she took the time to teach me the correct way to walk (I knew I did not walk correctly) and helped fix my posture.  This has seriously changed my life in terms of mobility and the amount of pain I was experiencing.  Every week I see Andrea I walk a little better than I did the week before and she remembers every week where she left off the week before.  Slowly but surely through diet, exercise and massage (by someone as good as Andrea) I will be pain free and will be able to be as active as I once was!","useful":1,"user_id":"mKXJLqnHSinbi-8Yc8IZNg"}
{"business_id":"t4rBeSFDfwvaIbLftLlhig","cool":0,"date":"2016-04-30","funny":0,"review_id":"qwJzvsOwxl5JDDV9kaaqBA","stars":5,"text":"Flutura made the whole experience wonderfully relaxing! She took time to ask what to focus on and explained how much time she would spend on different areas. She maintained the relaxed mood with little talking during the session, aside from providing recommendations for home therapy which was appreciated. Her style was gentle kneading and finding pressure points and she did some stretching of my neck and legs. \n\nThe space was also relaxing - dark and quiet with soothing music in the background that maximized the experience. Flutura did not have another appt right away and went beyond the hour mark, which was quite a treat. With excellent service, atmosphere, and a massage that took off weeks of stress, I will definitely be back!","useful":0,"user_id":"xEIA4fa-PNESsQB1Oe89jw"}
{"business_id":"t4rBeSFDfwvaIbLftLlhig","cool":0,"date":"2014-12-10","funny":0,"review_id":"e4vyC-vftWHW9poOVEbKOQ","stars":5,"text":"I had a great massage this morning with Andrea to address some chronic muscle knots and numbness in my hands when I am sleeping.  \n\nWhile the massage was very intense, it was exactly what I was looking for. Andrea asked me if the pressure was OK, and I felt comfortable that I could tell her if it was too much or too little. \n\nI was really, really happy that the massage room is quiet and dark.  No windows! This is very important to me because when I want a relaxing massage, I want it dark.  I was also happy with the fact that I was able to schedule online (major plus in my book) and I was also able to book for the very next day.\n\nMy immediate feeling is that I would rebook her again, and probably soon.\n\nThis initial review is to capture my immediate impressions and I will update it in a few days when I can better assess the physical effects.","useful":0,"user_id":"GmqqtR0C9YCXvOIjXdrnSw"}
