{"business_id":"Tg2zZ_cBsGxjHXCAGQvT0g","cool":1,"date":"2015-08-25","funny":0,"review_id":"DH5m1RS20AHFGThMwKBMtQ","stars":5,"text":"This doctor is kind,  an expert in his field,  and I have been seeing him for years.   I am a nurse and I know what makes a good doctor.........","useful":0,"user_id":"tA335xkefgX69QhY3-mHhg"}
{"business_id":"Tg2zZ_cBsGxjHXCAGQvT0g","cool":1,"date":"2016-03-09","funny":0,"review_id":"tPBItmQs7qgtJEJFm2RZlA","stars":5,"text":"I had to have minor surgery on my foot for an ingrown toenail that had been bothering me for months (two trips to urgent care and two rounds of antibiotics didn't solve it). It could have been a really unpleasant experience, but Dr. Katz and his staff made sure it was an extremely positive, quick, virtually painless and stress-free one. Would highly recommend him!","useful":0,"user_id":"BtPPn_35QiAHziU3cGNVpA"}
{"business_id":"Tg2zZ_cBsGxjHXCAGQvT0g","cool":1,"date":"2013-10-22","funny":1,"review_id":"tC_WFOXNAmd2n-MpGuPTUA","stars":3,"text":"Convenient two locations. \n\nSometimes mistakes are made by the front office and him. BUT he seems really genuine in his apologies and I did return. \n\nFurniture is outdated and pretty worn - not falling apart but visibly needs updating. \n\nThat's all.","useful":1,"user_id":"r-zUIQPaHzvIyL93wQaoiQ"}
