{"business_id":"tBOrqJzf46ZdZKjRMTDskw","cool":0,"date":"2013-07-11","funny":0,"review_id":"rmhRDibabHUGbLfBUhPiWQ","stars":2,"text":"Getting any medical procedure done can be scary, because as a consumer it's hard to know what's really wrong and what's necessary.  So when I went  to them initally, I believed them when they said that some of my metal fillings were deteriorated and I needed to have them replaced with this new fancy composite filling.  (Also more out of pocket even after insurance.)  Never mind that I was under 25 years old and my fillings couldn't have been more than 5 years old at that point.  \n\nSo I go ahead and get that done on three fillings, and when I come back for a 6mo checkup I tell them that my fillings are still hurting me, and that I can't bite with any pressure on them.  They told me totally matter-of-factly that the new fillings didn't go well and that they'd have to do THOSE over.  You have to be kidding me, this for fillings that weren't even bothering me before?  I actually almost started crying, because fillings for cavities that I caused out of bad brushing is one thing, but being put through more drilling because my dentist screwed up!?  Not fun.  The dentist just turned to me and said \"well you don't have any choice.\"  Nice bedside manner, jerk.  \n\nFor a couple years after that I was suspicious of composite fillings, but my new dentist uses them, and I totally think they messed my mouth up at Park St. First Choice.","useful":4,"user_id":"mmlFKfmn1OBE9iBbggGXEQ"}
{"business_id":"tBOrqJzf46ZdZKjRMTDskw","cool":0,"date":"2013-09-16","funny":0,"review_id":"6-j91wCl3rnYNZTryECNvA","stars":1,"text":"The staff here were very nice and friendly. Unfortunately they diagnosed me with 6 cavities - totalling about $1500 in treatment costs. They also suggested I go under gum replacement surgery. I went to have a second opinion to discover I did not have a single cavity. To add to that, I was told I do not need to pursue any sort of surgical procedure at this time.\n\nYou cannot trust this organization.","useful":3,"user_id":"YQFFdoZ8pw7NJqjUwAiNyw"}
{"business_id":"tBOrqJzf46ZdZKjRMTDskw","cool":0,"date":"2007-08-05","funny":0,"review_id":"Hfr4Z3Y-hYtgV6mdxc5GZg","stars":2,"text":"I'm a graduate student with no dental insurance, who had the unfortunate experience of having a (grain of rice sized) chunk of her tooth fall off.  The good news is that there was no pain; the bad involved my experience at First Choice Dental on South Park Street.  I am only giving a rating of two stars because the receptionists were extremely polite and kind.  I spoke to one of them on the phone for at least 5 minutes as we tried to arrange a time for me to come in.  \nAfter my interactions with them the politeness stopped and the bullying began.  The dental assistant was more interested in fixing her computer monitor that was crapping out than the patient. She crammed the X-Ray machine in my mouth and basically told me to tough it out while she fiddled with another computer for at least 2 minutes. (which is a really long time when some huge machine is chafing your effing mouth)  The dentist explained to me that I would need an expensive crown for about $1600.  He tried rationalizing it to me that it was \"mere pennies a day\" as this crown was going to last me 20 years. Additionally, the dentist (thinking that I was one of those uninsured eccentric millionaires) suggested that I get 4 of my other fillings replaced too as they were cracking.  Both of these people seemed to not hear me say at least 4 times, \"I'm not insured.\"  I requested a temporary filling for the problem tooth no less than 3 times in which the dentist flat out refused.  \nAt the end, I was ushered into a room where they discussed finances with me, and suggested that perhaps I ask my parents for help in order to get a crown or maybe I could take out a loan from a bank that they endorsed.  \nI hope it was that they just hate poor people, and they treat insured people better. (who probably have no choice but First Choice)","useful":12,"user_id":"5oM7gXmeX7s6T1_KlL30yQ"}
{"business_id":"tBOrqJzf46ZdZKjRMTDskw","cool":0,"date":"2015-09-18","funny":0,"review_id":"2-PgtJkx7_BKDcdclN-WOA","stars":5,"text":"Great! Been going to the Verona location for a long time. Very conservative approach. They take care of you.","useful":0,"user_id":"DMe5dxErdvj35CKWMOff5w"}
{"business_id":"tBOrqJzf46ZdZKjRMTDskw","cool":0,"date":"2014-03-06","funny":0,"review_id":"Lb4KGBhr1zCDrz8xNvl50w","stars":1,"text":"When I moved to Madison I decided to try first choice dental for my dental care. I really liked the general dentist I saw there and was very pleased with the staff I encountered so much so that I recommend it to my friends and coworkers. However, during my second visit there for just a routine cleaning, my general dentist told me my gums looked a bit thin and he wanted to refer me to their Periodontist to have it assessed. When I went in to see him I was very displeased with his manners and the way he spoke to me. I am a 25 year old registered nurse and he spoke to me as if I was a 5 year old child. Then he proceeded to tell me that I need gum tissue transplants (3 separate sites) and frenectomy. He said it needed it to be done urgently and I could get scheduled for part of the procedure next week. I had never heard of these procedures and I was a little scared because he made it sound so urgent. I decided to go back to my home town dentist to get his opinion who did not think it was needed at least not right this moment. He referred me to another periodontist in the Madison Area. When I saw her she said that my tissue might be thinning a little and that the procedure first choice dental said I needed urgently might not actually be needed for a few years from now. I spoke with 2 more dentists from my home town who both agreed that I did not need any of the procedures I was told I needed and they were shocked at First Choice Dental saying I needed them at all and immediately.  They said it would have been an unnecessary procedure and that first choice is referred to \"last choice dental\" by the local dental associates.  I am never going back again.","useful":3,"user_id":"6XRavd6UBlIZb3vXyRBvJQ"}
{"business_id":"tBOrqJzf46ZdZKjRMTDskw","cool":0,"date":"2016-09-18","funny":0,"review_id":"zt1iuM4pZUBVj7C6OI-wfA","stars":5,"text":"My daughter and I both recently had our wisdom teeth removed at First Choice on Park St. We had an awesome experience. We received great care and had no issues following our procedures. The staff is friendly and worked with our insurance company to get us a quote in a timely manner. The day of the procedure they put us at ease and made sure we had everything we needed. The appointment started on time and everything went smoothly. I have a lot of anxiety around dental work and I could not have asked for better folks to work with.","useful":1,"user_id":"OOFugtIPzCPi5bC8Fs1fGQ"}
{"business_id":"tBOrqJzf46ZdZKjRMTDskw","cool":0,"date":"2014-05-13","funny":0,"review_id":"omq6SwYSXyA0hv5Xunkveg","stars":5,"text":"I, like Wendy, have no idea why the rating is so low. I've always had great experiences here and the technology is excellent. They charge a little more but this is because their equipment is actually modern. My old dentist used those hard brushes, this place uses water pressure. My old dentist used silver fillings with mercury, these guys use white porcelain.\n\nStaff is always nice and welcoming and they even have coffee in the waiting room.  They have a parking lot and actually call you to get you in earlier if that is what you're trying to do.\n\nFirst choice is great and I'm sad to leave when I move!","useful":1,"user_id":"GqHHK6TOOd_BsGID6X_5VQ"}
{"business_id":"tBOrqJzf46ZdZKjRMTDskw","cool":0,"date":"2015-02-06","funny":0,"review_id":"NjAqO3kiOidTwQImPeKU_A","stars":5,"text":"I've rated this dentist before, on Google.\nHere's my experience - every time I go here, I want to tell the world.  I want to repay this office for their kindness, technical skill, and business know-how.\n\nA few months ago, I had Dr. Lee give me a root canal.  I went to multiple dentists after that trying to find a better deal than at First Choice - every single doctor, without exception, said \"wow\" that is a perfect root canal.\n\nThat was impressive so I went to First Choice.\n\nSo I came back today, I joked with the staff a little.  I talked to the new hire and when a senior staff member came to critique her work, I listened and added \"great job\" - I have full confidence in the new hire.\n\nDr. Fick told me a cool story and when I asked to speak to him, he listened to my problem - I mean really listened.  He gave me some inside information about how the industry works and he resolved my issue!","useful":0,"user_id":"3jMNf1ZSC0rLrppD6Ufc2g"}
{"business_id":"tBOrqJzf46ZdZKjRMTDskw","cool":0,"date":"2014-05-27","funny":0,"review_id":"UQGMojJs8H7gFGg3PxqaRg","stars":5,"text":"I adore Dr. Fick and highly recommend him!  I have ALWAYS been treated very well here by everyone I've encountered!!!  I have had a lot of Dental work done and not always covered by insurance, but I trust Dr. Fick won't do procedures just for the money!!  I love this place (as much as you can \"love\" a dentist office)!!","useful":1,"user_id":"Kc5_lewgJYIbIW0obRW9QA"}
{"business_id":"tBOrqJzf46ZdZKjRMTDskw","cool":2,"date":"2011-03-19","funny":2,"review_id":"tz_nxKWPiXr_Xf4g8UVe7g","stars":5,"text":"I am so confused by the first two reviews. My experiences here have always been first rate. The staff are friendly and accomodating. The dentists are warm, gentle and knowledgable. I have NEVER been in pain while there, and the end result has always been excellent. I believe I receive high quality dental care.","useful":3,"user_id":"i-xUlrZFX2yzBVR7SrTn5A"}
{"business_id":"tBOrqJzf46ZdZKjRMTDskw","cool":0,"date":"2015-02-16","funny":0,"review_id":"RMcHcUYR8AH5rSTvCHrk2A","stars":1,"text":"First Choice is an incredibly dishonest and incompetent organization. I've been dealing with them not knowing how to submit an insurance claim for the past three months. After about a dozen phone calls, where I had to reiterate my insurance information to one incompetent employee after another, they finally figured out how to submit a claim, and received payment from Delta Dental for $343.00. This was in November. Now, just last week (early February) I received a bill for $343.00, which was supposedly 60 days past due. They are trying to gouge me for double payment. Once I sort all of this bull shit out, I can guarantee that I won't be returning to this dreadful place.","useful":5,"user_id":"xGBe_B7xxPpbW3CSCaiPLw"}
{"business_id":"tBOrqJzf46ZdZKjRMTDskw","cool":0,"date":"2014-02-18","funny":0,"review_id":"zCb3LH62A56dVOnNLKoEjg","stars":1,"text":"My normal dentist office is the office in Fitchburg. During a recent visit i was told that i had a cracked filling that obviously needed to be replaced. The dentist stated that due to decay under the filling a crown may be needed, but they wouldn't know for sure until the filing had been removed. An appointment was scheduled for later in the week at the S. Park office. They took another X-ray and determined that i needed no only a crown but a root canal as well.  All this on a tooth that hasn't been causing me a bit of pain and has no sensitivity.   That in 6 months a normal filling, became cracked and now a tooth needs a root canal and a crown seemed a bit odd. So I contacted another dental office in fitchburg for a 2nd opinion. I had an appointment scheduled within two days and my *NEW* dentist laughed at the thought of needing a crown. and said a replacement filling would be enough. \n\nSo save yourself unnecessary work and avoid this dental chain.   I will admit that the office staff and hygienists were all very nice and friendly. However, the dentists at First choice should be the last choice when seeking dental care.","useful":0,"user_id":"x6RN7AiQIeNnVFP-ZWrRLA"}
{"business_id":"tBOrqJzf46ZdZKjRMTDskw","cool":0,"date":"2016-02-03","funny":1,"review_id":"haOhb2XZpr_sh3SbxLz1fQ","stars":1,"text":"The office people were nice and the hygienist was just awesome, but other than that it wasn't a very good experience at all.  This place wanted to fill cavities in every spot in my mouth  and wanted to take out my metal fillings eventually as well telling me they were leaking.  Well, looking at the quote for the first quadrant of my mouth and noticing how expensive it was going to be to do the work (their prices are on the high side), I went back to my old dentist who is over an hour away.  He spent tons of time going over their x-rays and checking things over thoroughly, and I had some things to \"watch\", but there was NOTHING that had to be fixed.  Also, my metal fillings were not leaking.  If you need someone to just clean your teeth, you could maybe go here, but other than that, I would steer clear of First Choice Dental.","useful":3,"user_id":"5GCRxbF59G1ae38H7SdMOQ"}
