{"business_id":"tLtmCHfl1XeHAXIgXJ_uVQ","cool":0,"date":"2017-03-21","funny":0,"review_id":"9O5WIWaIRdyk8CqK4jqDaw","stars":5,"text":"TRUST. I know, it is weird that you don't get to pick the frames off of the wall yourself, and that you don't get to see yourself in a mirror right away. However, they will give you a MULTITUDE of options that actually fit your nose bridge and face shape, and you WILL look at the ones that fit well in a mirror, and you WILL ultimately make the decision about which ones you like best. They are only filtering out things that don't sit on the bridge of your nose correctly, and things like that. Trust and enjoy the process! :)","useful":1,"user_id":"eSicbYnNbDiwsMTn4pB9gw"}
{"business_id":"tLtmCHfl1XeHAXIgXJ_uVQ","cool":1,"date":"2014-11-30","funny":0,"review_id":"y8-sNxr0zCUBjQ-RcjSxsw","stars":5,"text":"Just moved to the area and was looking for an eye doc.  I've been wearing glasses for 25 years and this is the first time I truly felt that I was able to get a pair glasses that fit. The glasses are a little bit more expensive than your discount stores, but the consultation and expertise they offer is worth well more than the extra price you will pay. The staff is friendly, knowledgeable and patient.  The process is a little different than what you may be accustomed to, but if you trust them you will be very happy.\n\nThe exam was excellent and Dr. Peter (as he calls himself) was very informative. I found out my prescription has been too strong for many years and he spent time to give me the pros and cons of this.  He offers old-school service the really puts the customer first.","useful":0,"user_id":"Wi5eIkZ3SX7wB7HaOYV7WQ"}
{"business_id":"tLtmCHfl1XeHAXIgXJ_uVQ","cool":0,"date":"2013-12-03","funny":0,"review_id":"iav5F6eskcLmJd6w6EKNkg","stars":5,"text":"Eyeopia -- or eye utopia -- is actually true to its name. After years of having trust issues with my frames and seven sets of home try-ons later, I finally found a place with discerning taste and a deep understanding of the industry and what customers need. Leave your bff, mom, or significant other at home; unless they work at Eyeopia, they won't know about picking out frames. \n\nTIL how your frames fit your face can greatly impact the effectiveness of your prescription. Dr Andreakos (Peter!), who is personable, hilarious, and decorated the Monroe location himself, understands this deeply and takes a holistic approach to eye care and vision correction. No more will I have to deal with jaded optometrists with no taste, knowledge, or opinion about what frames I end up with. Stella, Manager extraordinaire, is extremely knowledgeable and patient as well and she helped make the frame-picking process enjoyable. They make a good team and are both involved in the process from check up to pick up. \n\nLet's be upfront, the frame options they have are pricey. But if you value design, have a strong sense of style, hate making decisions, have a hard time finding frames that fit, are certain most frames weren't made for a nose bridge like yours, have a serious prescription and feel this limits your options, are an adult now and ready to wear frames that fit your face, you will cherish what Eyeopia has to offer. Best of all, they take insurance and have options for people who don't.\n\nEyeopia helped me believe in the impossible, that I too can see clearly and be seen clearly. *mic drop*","useful":0,"user_id":"AEgYsg7EHi-Z6j8R3vd06w"}
{"business_id":"tLtmCHfl1XeHAXIgXJ_uVQ","cool":2,"date":"2015-08-13","funny":0,"review_id":"gVQh_f_W8D1evahrCgkxBQ","stars":5,"text":"I have been wearing corrective eye wear for about 15 years now and have seen around 7 different eye doctors. I have a horrible astigmatism that has always made it difficult to find glasses or contacts that give me great vision. Dr. Peter is the first eye doctor to explain to me why exactly my vision is difficult to correct, go over all of the options available to me, and then trial different types of contacts to find what I like best. Not only am I happier than ever with my vision, but I actually look forward to my yearly check-ups! I would recommend Eyeopia to anyone. Dr. Peter and all of his staff are wonderful, happy, funny people. They truly make this process any easy and fun one.","useful":0,"user_id":"8_qKbA_zuijo47GjAXBWCw"}
{"business_id":"tLtmCHfl1XeHAXIgXJ_uVQ","cool":1,"date":"2013-01-27","funny":0,"review_id":"oA4_g0jYZuFwO31NEdXt6A","stars":4,"text":"Came here to get my eyes checked after recently getting vision insurance. My appointment was about an hour long, starting with some basic vision tests (ie colorblind test) and some photos of my eyes (super cool!). The staff is very friendly and eager to explain everything to you. They genuinely seem to care about the patients. \n\nI then was taken into the exam room to see Dr. Andreakos. Dr. Andreakos is awesome! He is very experienced and explains everything he does very well. I hate going to the doctor and being told I have an issue with no explanation whatsoever, so I really enjoyed my appointment. Dr. Andreakos basically gave me a \"vision for dummies\" lesson, which I very much appreciated. \n\nI was given a prescription and opted to get glasses there. They have a huge collection of frames. The staff spent a whole hour with me helping me choose my frames (I've never had glasses before, so I really had no idea what would look good or how to choose frames.) After purchasing a pair (they were pretty expensive, I know now to shop at Costco or somewhere else for frames next time), they told me I would be called in about 1-2 weeks to come try on and pick up my glasses. I got them a week later!\n\nOverall great service and a really amazing doctor. I will definitely be back!","useful":0,"user_id":"9M3gY85BdlzFidhQyA5o9A"}
