{"business_id":"UlV-rgCJ9FJqD-RKj3wx5A","cool":1,"date":"2015-04-04","funny":0,"review_id":"iWPbmeZc2g3nPz8MtFSPHw","stars":5,"text":"Massage therapy at Premier has helped release discomfort in my arms and shoulders  from computer usage (curse of the modern age).  Robb can customize therapy to focus on specific areas of concern, or just to alleviate  stress. \n\nThe office  is located in the Quarry Arts Building, where you can just about throw a stone (from a quarry, maybe) and hit a bodyworker's office. Only street parking is available but you can easily find a nearby spot. Flexible appointment times and online scheduling is available, as well as occasional discounts when there's a sudden opening in the schedule.\n\n Fortunately, in addition to stress relief, my sessions tangibly reduced upper body discomfort so I can resume Yelping in style.","useful":2,"user_id":"fJ_qSZH_akvWzHUPMqab1g"}
{"business_id":"UlV-rgCJ9FJqD-RKj3wx5A","cool":1,"date":"2014-10-02","funny":0,"review_id":"r7rwDq4M55c6bWpELd34FQ","stars":5,"text":"I met Robb after competing in the Ironman in early September.  They were offering free 15 minute massages for athletes post race, so I took advantage!  Even though I didn't have Robb at the time, he  gave me his card.\n\nThree weeks later I finally got around to scheduling an appointment, and I'm glad I did!  Robb was nothing but professional, and helped me understand what my body was going through.  He was a positive person to be around, and has great passion for what he does.  Even though it was my first full massage, I could tell he did an awesome job.\n\nI would definitely recommend Robb and Premier Bodywork to anyone.","useful":2,"user_id":"s_Dg0gNZmh-Vc6yLQ34_lw"}
{"business_id":"UlV-rgCJ9FJqD-RKj3wx5A","cool":1,"date":"2015-08-03","funny":0,"review_id":"6xxQTZMGknxUQ5v5a8e87g","stars":5,"text":"Robb takes the time to ask questions and understand potential causes of the tension or pain. He's very considerate and professional, certainly worth booking an appointment and experiencing yourself.","useful":0,"user_id":"sW-CNHEKz3Qy1L8c1EkaOA"}
