{"business_id":"UFxBealJ7NTLHDsotb7fBw","cool":2,"date":"2016-07-25","funny":0,"review_id":"vGr2dscQARf_2dNSK_M3_g","stars":5,"text":"Our entire family loves going to see Dr. Ben! Appointments are relaxed and never rushed. He helped me work through an ankle injury and chronic neck and shoulder pain. The office atmosphere is tranquil and incredibly friendly. Dr. Ben is great and so is his staff!","useful":1,"user_id":"ib99f9jeVveJAEKfby9BQQ"}
{"business_id":"UFxBealJ7NTLHDsotb7fBw","cool":0,"date":"2016-10-25","funny":0,"review_id":"CgkXvz2tVUhQ9V_QsMQsDw","stars":5,"text":"Thank you Dr Ben and staff for always being there when my family needs you! I have chronic shoulder issues from working a desk gig, my husband sees you for back pain from being a laborer, and my kids are rough and tumble-always needing to be straightened out!  we appreciate the conscience of scheduling and careful attentiveness to our issues. I trust Dr Ben with my family-even my days old baby.  Keep up the good work DrBen!","useful":2,"user_id":"1UHIvB6uisSkKcXatUft1w"}
{"business_id":"UFxBealJ7NTLHDsotb7fBw","cool":0,"date":"2016-05-19","funny":0,"review_id":"thS04xuwZh6UY9kTsHek8g","stars":1,"text":"worst experience ever!  went for minor back pain and ended up with a possible broken rib and 2 weeks of work restriction!  the follow-up phone call he promised never happened.  and my phone calls to his office were never returned.  stay away from this guy!","useful":3,"user_id":"QadFfoVl4YWfVrd0aFKzzQ"}
{"business_id":"UFxBealJ7NTLHDsotb7fBw","cool":1,"date":"2016-07-06","funny":0,"review_id":"WcLmRfMqujA_zA0ZZ8Yk2Q","stars":5,"text":"Dr. Ben is great and was able to fix my back when others were not able to adjust me. Now I take the whole family including my youngest daughter since she was 6 months old.","useful":1,"user_id":"YyCv9ogoIQ5zoBFbcYa6Iw"}
{"business_id":"UFxBealJ7NTLHDsotb7fBw","cool":2,"date":"2017-04-20","funny":0,"review_id":"FU7AmF6OjheJ8MpU0PdT-g","stars":5,"text":"I can't recommend Dr.Ben enough. As someone who has been seeing a chiropractor since I was little, I have had my fair share of experiences to compare it to. And if I could bottle Ben up, I would so that the rest of the world could experience great chiro care. \n\nI have been able to run, and experience pain free movement since seeing Dr.Ben! Our entire family loves going to see Dr.Ben for their \"cracks and pains\". He will be very up front and honest. He will not tell you that you need a treatment that you do not need. He is incredibly kind, professional, approachable.\n\nIn fact, my husband who was a skeptic about chiropractic care in the beginning is now quite possibly Dr.Ben's biggest fan! ;) \n\nI promise, you can't go wrong by choosing Blue River!","useful":1,"user_id":"55AzfNr9bSEjJNfA4VOn1w"}
