{"business_id":"Uo2DxgZzbI1_1zJXtyBmng","cool":1,"date":"2017-01-11","funny":0,"review_id":"b6wmRRxxUrKvAFeLY58QzA","stars":5,"text":"I have been to both of the Joints in Madison. If I am at work I can go to the one in Fitchburg and if running errands I can go to the one on Gammon. Both places are great! I have had great luck with keeping my head/neck and shoulders in alignment with a weekly visit. In the past I have suffered from severe headaches, especially when I was breastfeed and carrying twin boys around!! Mandy in Fitchburg has really helped!  I really like that you can just stop in! I'am a busy working mother of four and often have things pop up and find it extra great to just stop in. The joint is really working for me!!","useful":0,"user_id":"c9rDohHWIUzEHXDVbsc3ew"}
{"business_id":"Uo2DxgZzbI1_1zJXtyBmng","cool":0,"date":"2016-01-29","funny":0,"review_id":"zO5JoN8iwMKy9_bGeN2zuw","stars":5,"text":"This place is seriously great.  I waited a bit to post a review, because I really wanted to have a few visits with both of the doctors before writing up anything.  I've now been going here for a couple of months, and it's one of the best things I've done for myself!\n\nDr. James Fink and Dr. Ryan Fulleman are both really excellent people, who are very welcoming, personable, and most importantly, excellent at working out your kinks!  They will both spend plenty of time with you, and make sure you leave feeling way better than when you arrived, unlike some places I've been around here that herd you through like cattle without really helping you at all.\n\nThe front desk staff are very friendly, always smiling and quick to start up a conversation.\n\nTheir prices are excellent, and I LOVE having the option to purchase a wellness package!  For a set monthly price (which is only $10 more than what I would pay for ONE (mediocre) ADJUSTMENT at my last chiro), I get four visits a month, and if I want to come in more, I get any additional visits at a discounted rate.  Even if I were to pay per visit, the price is still absolutely incredible for the care and attentiveness from these docs that you get.\n\nI would absolutely recommend The Joint to anyone and everyone!","useful":1,"user_id":"4knHrBX5K2sWyrMUuvpfQQ"}
{"business_id":"Uo2DxgZzbI1_1zJXtyBmng","cool":0,"date":"2017-01-11","funny":0,"review_id":"EmNGqJNxfJyTMMtgnV0iiQ","stars":5,"text":"I love The Joint!  The chiropractors there are excellent.  Seeing them has helped me with chronic injuries and kept me able to workout pain-free. It's quick, affordable and everyone there is friendly. 5 stars all the way!!!","useful":0,"user_id":"71Z-WBiK1OFVkNS4v_RuYg"}
