{"business_id":"U9x7pHzxDk_gJF1pTecQNw","cool":0,"date":"2016-11-03","funny":0,"review_id":"rumMpW9XASub8KXdJlK80w","stars":4,"text":"I was there last week an from out\nof town an decided to come here,\nAn in my choice i had realized i made\na great decision. First of all everyone was friendly an so helpful.\nTom Waeltz my optomerist, took\nhis time with me an explained everything\nso i could understand. An Asnton was\na pleasure an helped me find my\nlime green glasses. Prices were best\nin time .  Thanks again","useful":0,"user_id":"sFIYSclcrM2xFgia0jxk2g"}
{"business_id":"U9x7pHzxDk_gJF1pTecQNw","cool":0,"date":"2011-02-27","funny":0,"review_id":"zkWDeQFWTHpgJ2Yoc0pg5A","stars":2,"text":"My prescription had changed and I needed new glasses. I've always required a strong prescription, and I knew it would be a little more expensive than typical. If you have a strong glasses prescription, you may do better going elsewhere than Stanton optical. The 2 for $20 was not available for me, and although they cut the price to the warranty and coating they strongly encouraged me to get, the amount I paid was substantial. Stanton's staff were not very knowledgeable about what frames would work with the lens I have, as I have had to go back three times to get the glasses I needed. Next time I get glasses, I'm going to do more homework.","useful":2,"user_id":"c7GMekr3HNT947UlT6IvyQ"}
{"business_id":"U9x7pHzxDk_gJF1pTecQNw","cool":0,"date":"2013-06-29","funny":1,"review_id":"e5FXT-RYyhgzaAdg8kbm9w","stars":3,"text":"I have had mixed experiences at Stanton Optical. I went in looking for a new pair of glasses and was excited about their buy one pair, get the other pair free deal. \n\nI was pretty impressed with their selection of glasses. While I thought some appeared cheap, there were also some that seemed of better quality. For my second pair I got sunglasses. I was not impressed with their sunglasses selection, but did manage to find a pair. \n\nThe gentleman that helped me was very helpful and professional. He wasn't pushy about whether or not I wanted the more expensive choices for lens, which I always appreciate. I was a little surprised at how fast things added up though. You think it won't be much more than the most expensive pair of glasses you chose, but there are a lot of random charges on top of the frames and lenses. In the end though, I still managed to get two nice pairs of glasses for a fairly reasonable price. \n\nThe business doesn't always seem to have enough staff on hand. When I went in to pick up my glasses, there were a lot of customers and not enough workers. People were getting frustrated and it seemed like the staff were stressed. In the end, I waited at least half an hour just to pick up my glasses to then find out that they didn't have my sunglasses ready yet, even though I'd received a phone call saying they were ready. The employee that helped me was very kind, but it was frustrating. I ended up having to come back when the other pair was ready. \n\nAll in all, not a bad place, but they have things they can improve on. Different times of day, especially the weekends are very busy so expect to wait.","useful":2,"user_id":"0UtKtjJtBRD8sI9158FBNQ"}
{"business_id":"U9x7pHzxDk_gJF1pTecQNw","cool":0,"date":"2016-02-24","funny":0,"review_id":"LvRbcSjzz9tCcO00ROrNzA","stars":5,"text":"We worked with Micha and she was amazing! Had an eye exam to keep me up to date and ended up needed some light weight reading glasses. Micha worked with me to find the right sv glasses for the computer- Great customer service!","useful":0,"user_id":"6mwzdYnUbCY-YtBbp7TxiQ"}
{"business_id":"U9x7pHzxDk_gJF1pTecQNw","cool":0,"date":"2017-06-05","funny":0,"review_id":"9TA7IvhdrhypB55xntR2Ag","stars":1,"text":"I admit, I like the frames I purchased there.\n\nBut everything else has been a charliefoxtrot.\n\nI walked in a few weeks ago, telling them I was going to need multifocals, since I'm hurtling through middle age.  This shouldn't be difficult.\n\nI got a prescription from the optometrist there, and a few weeks later, got glasses.  They gave me the lecture about being careful on stairs as I acclimated, and I went home.  But something wasn't right.\n\nAfter an hour, I realized that one eye was completely wrong, as in \"I cannot read anything more than 5 feet away in that eye\" kind of wrong, and my dizziness is not acclimation issues.  So I put my old glasses back on, and go back to the store the next day.   They give me a new exam, and bafflingly tell me that no, my distance prescription hasn't changed at all since my exam a year ago, and that the prescription I got a few weeks was just really, really wrong.  \n\nSo they say they'll cut me new lenses, and send me on my way.  They cut the new lenses, give me the lecture about being careful on stairs as I acclimate, and they're much better.\n\nExcept I realize when I get home that they're single vision, not progressive.\n\nSo I go back again, and they look at my order history and tell me that they've *never* ordered multifocals for me.  So why, exactly, they've given me the spiel about acclimating, I don't know.  And then they charged me another hundred bucks to actually put the lenses I asked for in.\n\nAs I said, I like the frames.  But wow, three trips in two weeks to get what I asked for the first time?  Given I wasn't asking for anything unusual, just bog standard progressive lenses?  And they screw up my prescription AND my order more than once?  That's a fail of pretty substantial proportions.\n\nSo yeah, avoid.","useful":1,"user_id":"4m2Gqldc65xqBaHg2ZODsA"}
{"business_id":"U9x7pHzxDk_gJF1pTecQNw","cool":0,"date":"2013-02-12","funny":0,"review_id":"5XfsTE7y1NwDbK0JikOR9A","stars":4,"text":"Ask for the store manager. He is much more knowledgable than the other employees, and he also has more access to insurance information.  I really wish that I had just asked for him earlier because I waited around for over 45 minutes just so the employees could tell me that I was \"no longer covered under my parents\"...which the manager (with a quick search on his computer) found otherwise. \n\nThe selection at Stanton is limited (especially if you are looking for name brand frames), but I was able to find a few that I really liked and fit my face well. I'd suggest going to LensCrafters if you have in-network insurance, because the selection is much more inclusive there. But if you have VSP like I do, Stanton is a great alternative as long as you don't mind doing some hunting!\n\nI can't wait to wear my new glasses. B)","useful":0,"user_id":"7O1_x_3IlgjpY9BkiZ16xQ"}
{"business_id":"U9x7pHzxDk_gJF1pTecQNw","cool":0,"date":"2015-02-12","funny":0,"review_id":"nJCCkTOrRzkZQ6g_2URaEA","stars":1,"text":"After waiting close to 1.5 months Stanton claims the lens had never been ordered! The only excuse by Manager at West store was - they have become very busy.  \n\nHey Stanton - gear up for customers or don't promise anyone, anything!","useful":3,"user_id":"pMf7ybLSBGrR7ABPzv2bag"}
{"business_id":"U9x7pHzxDk_gJF1pTecQNw","cool":0,"date":"2015-03-26","funny":0,"review_id":"x8XqSh9wYJr6FYol0Zpukw","stars":2,"text":"I had originally gone to Stanton Optical to get new glasses, and they said they would be ready within 14 business days. About 2 weeks later, they called to let me know that while they were putting one of the lenses in the frames, they had broken, and they couldn't get another pair so they wanted me to come in to pick out a new pair. I went in, chose a new pair, and left. About 3 weeks later, I called inquiring about when my glasses would be ready for pick up. I was then told that they had no record of my order, and that I should come in and pick out 2 new frames, AGAIN! Needless to say, I was not pleased, and I asked for a full refund.","useful":2,"user_id":"E99Mnqrqdx5FZ_17OiBBDg"}
