{"business_id":"ufJvmiT7LfWeuzHeTermiA","cool":1,"date":"2016-11-17","funny":0,"review_id":"M3tGzHYXoO8GeJmtFhK3OQ","stars":5,"text":"Love this place!!!! Door Creek is the only place i'll come to for my teeth cleanings. Jennifer always makes me feel at home and is a real pleasure to work with. Highly HIGHLY recommend her. Today was my first time working with Dr. To-Schwalbach and she was amazing as well. Staff is super friendly, professional, and kind. I'll never go anywhere else.","useful":0,"user_id":"fnGnUnPmlCj23qL7seFUVg"}
{"business_id":"ufJvmiT7LfWeuzHeTermiA","cool":0,"date":"2016-04-03","funny":0,"review_id":"xomPBoew10SuBa14hO2ATA","stars":1,"text":"I had never had any issues with my teeth before coming here 6 months ago. My hygenist was an older blonde lady with (typically) flawless teeth that she has doubtlessly spent thousands of dollars on. She rudely and derisively chided me for my less than perfect teeth while basically calling me a liar when I told her that I brush and floss daily. She acted like she was disgusted by the fact that she had to clean my teeth. Mind you, up until that point I had never had a cavity. I told her my teeth naturally accumulate a lot of plaque and tartar, hence the reason for my visit. She then recommended that I get more frequent cleanings. I told her my insurance only covers 2 per year and that I had never had any dental issues before so I would stick with 2 per year. She then (surprise!) proceeds to find THREE cavities in my previously cavity-less mouth. The little asian dentist stops in for about 5 minutes to concur (of course) and goes on her way. Since I had never had a cavity before I was unaware of the different types of fillings or what is covered or the potential costs. The lady at the front desk tells me I'll owe $300. I'm like \"okay :/). Later I find out that they never even told me I could get the metal fillings and have them 100% covered by insurance! Luckily I called back and was able to get the metal fillings. I thought maybe this was just one bad experience and went ahead and scheduled another appointment, hoping for a different hygenist next time. After all, this place has great google reviews. Boy was I ever wrong!\n\nMy last visit was on March 23rd. Once again I get stuck with the rude blonde older hygenist. I told her that I had been experiencing some minimal bleeding when I floss. When I asked her why this might be happening since I am dilligent with home care, she tells me \"mouth breathing\" can be a cause. Mouth breathing?!?!?! Really??? I can't be sure if this woman was trying to insult me or if she is just a base, tactless person, but it set a really bad tone for the rest of the exam. She immediately starts roughly digging into my gums, causing them (surprise!) to bleed, all while making veiled comments suggesting that my mouth disgusted her. She then refused to clean my teeth and told me that I have periodontal disease and that my entire mouth needed a \"deep cleaning\". The little asian dentist comes in and once again (surprise!) concurs. So they send me to the front desk and I get told that the deep cleaning is not covered by insurance and will cost $1300. I told her that since I had NEVER had ANY dental issues prior to visiting door creek, and due to the prohibitive cost of the deep cleaning, I would be seeking a second opinion.\nSo the next day on 3/24/16 I visited oak park dental. My hygenist there was very gental and understanding. She reassured me that plaque and tartar build up is very common and nothing to be ashamed of or grossed out about. The best part was when she told me that my entire mouth did not require a deep cleaning.  The dentist concurred. She also told me that I could get a regular cleaning only if thats what I wanted, but she recommended the deep cleaning. I was able to get the deep cleaning done THAT DAY for $700. So I saved $600 just by NOT going to door creek. Door creek dental is shady and over diagnoses. They also have at least one very rude and tactless hygenist. I tell everyone I can to steer clear of this place.","useful":0,"user_id":"MlvmV75YprbCOUfLXqjczQ"}
{"business_id":"ufJvmiT7LfWeuzHeTermiA","cool":0,"date":"2011-01-19","funny":0,"review_id":"LeM1DEgKp66ETOK5aoO4aA","stars":5,"text":"Door Creek Dental is the best place to go for dental work!  I loved working with everyone there.  I generally had my appts with Dr. Andersen, but met Dr. Kirkpatrick several times, and he's great too.  The best part is, all the dental hygenists and assistants who I worked with are fantastic, friendly, and knowledgeable.  There's a reason DCD was voted one of the best workplaces in Madison several times - the staff is so helpful and nice.  I highly highly recommend them for any time you need a dentist!","useful":0,"user_id":"OVNwx1d04NuPnE127Bl_WQ"}
{"business_id":"ufJvmiT7LfWeuzHeTermiA","cool":0,"date":"2016-08-28","funny":0,"review_id":"kQiCuWf4jpMLSJvVOyp7_w","stars":5,"text":"Selected Door Creek dental at first just out of ease and convenience since they are about .5 miles from where I live. However, what has kept me coming back is their state of the art equipment, the affability of their staff, the level of professionalism and their willingness to communicate with me and not try to up sell me on anything that I do not want or need. This is a dentist's office, after all and not a retail outlet. \n\nThey have a laser device that removes tartar from your teeth that is really cool and I needed two porcelain crowns which they were able to make in-house. I am also pleased with the front desk staff they have always seemed to know what they are doing and they seem to be in good communication with the dentists once you get back up front to work out your insurance/pay. \n\nDoor Creek Dental also firmly stands by the quality of their work. I had a crown chip and was freaked out that I would have to pay for a new one but they provided a replacement at no cost to me. I go there every six months and they will continue to have my business with this level of service.","useful":0,"user_id":"1CZDAB5Q9hhKfRBBFQgMsQ"}
{"business_id":"ufJvmiT7LfWeuzHeTermiA","cool":0,"date":"2013-09-12","funny":0,"review_id":"60x3wUWED85_0CQUqCLr1w","stars":5,"text":"I, my husband, and my children have all gone here for years and I heartily recommend Door Creek Dental. I sort of have a phobia about dentists and seriously, who looks forward to teeth cleaning? But they are so skilled and so nice. Plus they have the latest technology. I had to have a crown and it was designed and fashioned right there and fitted all in one visit. Very cool.","useful":0,"user_id":"q_hEQK95RQFMLbn44MK_yQ"}
