{"business_id":"uuVvQkQxV18evpyd4CnGkA","cool":0,"date":"2014-09-09","funny":0,"review_id":"1ya3IO4ks2ep8cwmV6b7jw","stars":4,"text":"Honestly, Dr. Radke's recommendation on changing contacts has changed my life! I can make it through the whole day without feeling my contacts, having dry eyes or red eyes - a huge improvement.","useful":1,"user_id":"vE53efZrzPlLLjYGtw5MOQ"}
{"business_id":"uuVvQkQxV18evpyd4CnGkA","cool":0,"date":"2015-01-06","funny":0,"review_id":"kRzPlr7VcAFh7zafh2aPzA","stars":4,"text":"I've always dreaded going to the optometrist because I have really awful vision, and I usually feel horrible admitting what I can't see. That and I dislike the usual hard sales on glasses and contacts when I know that I can order them online. I saw Dr. Kari Jones, and I thought that she was excellent. She was professional, didn't push me into buying contacts and glasses (unlike the last optometrist I saw at this same location), and she listened to some of my concerns. My family has a history of cataracts, glaucoma, and macular degenaration, and I felt that she did take the time to make sure that my eyes were \"healthy.\" I was considering switching optometrists, but after walking out with a $75 bill, I'm a loyal customer once again. (I've never gotten out of there with less than $275 before, but that was with a 1/2 year's supply of contacts). I deducted one star because I asked her to write out my glass and contact prescription (which optometrists are required to do by law), and she must have forgotten to write out the glass prescription. I'll have to swing by the office one more time if I decide that I need to get updated eyeglasses.","useful":0,"user_id":"_zBpc2GgTlH14vHGn31FgQ"}
{"business_id":"uuVvQkQxV18evpyd4CnGkA","cool":0,"date":"2014-05-04","funny":0,"review_id":"4W4lT9LqaF8XTA8e3xHfGg","stars":4,"text":"This was the first time I had EVER had an eye exam so I have no prior experience to compare to.  Making the appointment was easy (online) and it seemed easy to find the location/parking.  Everyone was very nice and helpful answering my many questions.  I saw Dr. Radke and she was great!  Explained everything I wanted to know, on time, and very friendly.  I opted for the $35 Optomap since I had no idea what the dilation would be like.  I liked being able to see the picture of my retina and have everything explained.  I didn't think their selection of glasses was that great.  I ended up going to several places to compare prices and found something elsewhere.  However, they were very helpful in explaining what I should get and why.  I will definitely go back again!","useful":0,"user_id":"UAzyp70yVwxDFHqCp1hauw"}
