{"business_id":"v2zaG6Ttb0l9SSCyco4vog","cool":0,"date":"2014-04-29","funny":0,"review_id":"q0k5imNoqGwQGi-mYadL-Q","stars":5,"text":"We discovered this place when my 4 year old gave herself a haircut and she needed some additional help.  It happens to be conveniently located down the street from us and was recommended by a friend.  Turned out to be a good experience.  They are very friendly, good with kids, and reasonably priced.  Now the whole family goes!","useful":1,"user_id":"3xUBv-ek2m4YceJRxVj_OA"}
{"business_id":"v2zaG6Ttb0l9SSCyco4vog","cool":1,"date":"2014-10-19","funny":0,"review_id":"_FUCYe7a8QCoILzobyvxgg","stars":4,"text":"Because there was no style & I left with wet hair, by the time it dried & laid naturally, it was a bit uneven. However, Dan has a 7 day guarantee & fixed it up no problem!","useful":0,"user_id":"A3DTrhiUg4TKJT89vK6kYA"}
{"business_id":"v2zaG6Ttb0l9SSCyco4vog","cool":1,"date":"2015-10-01","funny":1,"review_id":"nxlft1Rni1EyoSZelmCyaQ","stars":5,"text":"I made a last minute appt being as I am fairly new to Madison and have been searching for a new stylist and had Dan as my stylist. He and his wife were so engaging and inviting it was a wonderful experience. The salon is also a charming and relaxing environment, full of character and warmth. Not the typical artificial, bare, over lite place one might go.  He listened to what my hair issues were and what I wanted for an end result and delivered! I made a returning appt on the spot because I was so satisfied. I am usually a stylist hopper because I think maybe someone else will do it better, but I think I have found someone to finally put roots down with! I totally recommend this place!","useful":0,"user_id":"I0YeqLWgGuddFXsJVtSSNg"}
{"business_id":"v2zaG6Ttb0l9SSCyco4vog","cool":0,"date":"2014-10-17","funny":0,"review_id":"0WPjAEedKxA01ULDIz02MQ","stars":5,"text":"Received a great cut! Dan spent time beforehand with photos and really understood what I wanted to achieve. Studio had nice feng shui. Parking was free and directly across the street. Great prices, cash or check. I love Aveda products and would have paid a little more for a scalp massage with the de-stressing Aveda oil that some salons offer. I will most certainly be back!","useful":0,"user_id":"s62LqToKG3C2qEaIo4w00g"}
{"business_id":"v2zaG6Ttb0l9SSCyco4vog","cool":0,"date":"2017-05-01","funny":0,"review_id":"0mes4sI4u7CnLdZ5TFZI8w","stars":5,"text":"Thanks fellow Yelppers for directing me towards Rebecca Lynn Studio.  I was able to get in the same day, got an amazing hair cut (with style and shampoo) within 30 minutes, and the cost was only $23.  I didn't see Dan, but (was it Rebecca?) the other stylist took one look at the photos I brought in and went to work creating a hair cut that made me very happy.  Plus, I didn't have any hair on my face.  You know the stylist is good when they care enough not to cut your hair in your face.  They only take cash and check, but for the cost and service, it's a small inconvenience.","useful":0,"user_id":"sQblfI5c5HBfbE8Nmf7Eqg"}
{"business_id":"v2zaG6Ttb0l9SSCyco4vog","cool":0,"date":"2017-05-12","funny":0,"review_id":"m25bL1Z-ZLJsi3VRQ0-ybA","stars":1,"text":"Let me start off by saying that the owners are very nice; however, I would not advise getting your hair colored here. I asked for an ombré, had pictures, and we spent 15 minutes discussing what I wanted and how to \"save me money\" at the same time. Note, I have brown hair. The stylist went through and bleached strands of my hair with foil. From the way he talked, he sounded like he had a decent handle so I let him work but I was curious because he was bleaching my hair all the way to the roots...not how an ombré works. After I sat for a bit he washed my hair out. His friend was there and very loudly asked if it was supposed to look like that and I responded by saying he wasn't done. Turns out he was! He started drying it (he did not dry it all the way)... I looked like Frankenstein's bride with streaky bleached hair. Wasn't natural looking at all like I had asked. He saw I was panicking and said he could make it more subtle. At this point I was almost crying. I asked for him to tone it so it wasn't so extreme. He went through and toned it. While I was sitting there waiting for the color to set, he wrote down the price...$120, fine I get that stuff like this gets expensive. The real kicker was after he rinsed it out. He literally just offered me a blow dryer...are you f*#king kidding me?? $120 and you aren't going to dry and style my hair?? I've never even heard of such a thing! Nice people, horrible, horrible service. At the end it still looks like I just had a shitty highlight job. They do make very pretty jewelry and tables...hair, not so much. Never again.","useful":0,"user_id":"m7ZZPza50Q9AucL8YwzTgA"}
{"business_id":"v2zaG6Ttb0l9SSCyco4vog","cool":0,"date":"2015-02-25","funny":0,"review_id":"PVQiCwvdO9lyJdtD9Tfnfw","stars":5,"text":"Go here :) If you are looking for a great haircut or color this is the place to go. I went to the salon looking for a new hair stylist & left with the best experience I've ever had at a salon! Dan and Rebecca have what you are looking for. I was very comfortable with a hot cup of coffee (good coffee) by my side and good conversation throughout. \nThank you, thank you thank you! :)","useful":0,"user_id":"ANzJaHJ6NuUj1GzLeNoKzA"}
{"business_id":"v2zaG6Ttb0l9SSCyco4vog","cool":1,"date":"2012-10-02","funny":0,"review_id":"j3Vv-3ahLo50nc3X53Zgvg","stars":5,"text":"Just visited for the first time. Dan is fantastic!! Great service and great price. I'll be back...you should go, too.","useful":1,"user_id":"usQtX8HXMjLNLif5vggNow"}
{"business_id":"v2zaG6Ttb0l9SSCyco4vog","cool":0,"date":"2013-09-13","funny":0,"review_id":"5OCAvRSid8S21gEqjkyVGw","stars":5,"text":"I can't say enough good things about this place.  I've literally never been happier with a haircut - and I used to work at a high-end salon and have had a LOT of haircuts.  Dan is friendly and listens.  I told him how I wanted to look but that I wasn't sure quite how to achieve it.  I told him basically what I was thinking and told him to make a few executive decisions.    Result: Best, most versatile haircut ever.  I've tried a few places  in town - none as good (or a better bargain) than this place.  Will 100% return.","useful":1,"user_id":"zxv5YxYadBIk7vUXf_E-bg"}
{"business_id":"v2zaG6Ttb0l9SSCyco4vog","cool":0,"date":"2014-08-08","funny":0,"review_id":"T8chvg3MDPux2AbYK0lDdA","stars":5,"text":"I had a great experience here! Very friendly. Very informative. She made me feel comfortable and able to say what I want my hair to look like. I will definitely go there again! Highly recommend.","useful":1,"user_id":"M1SkCndJmi-FeEMM9b_6uw"}
{"business_id":"v2zaG6Ttb0l9SSCyco4vog","cool":0,"date":"2012-04-20","funny":0,"review_id":"NKJeC6BwPFRFSoyx2rJceg","stars":4,"text":"A new friend suggested I check out Rebecca Lynn Studio; he is balding, and said \"if they can make me look good, imagine what they can do for you!\"  So I popped in one day for a cut--literally called em up and drove right on over, no wait!  \n\nThe place is clean and cute, and they have wet stations which means you don't have to traipse back and forth across the salon for a wash, they just spin you around and viola!  \n\nDan cut my hair, and he was friendly and personable.  He really asked me how I liked my hair cut, what tools to use, etc., since I know \"my hair best.\"  My hair can be a little difficult to work with, so I really appreciate that he took the time to ask.\n\nAnother great bonus: 1 week guarantee on the cut.  If I didn't like it, I could come back for a redo or even get my money back.  Got the cut on Monday and was back on Friday for some tweaking, which I'm glad I did, but even better to know the offer was there.  \n\n$23 for a haircut is a wonderful deal, but beware: CASH ONLY!  They also do styling, hair color, perms, nails, waxing and make up.  They are an Aveda salon (but not a concept salon).\n\nI haven't decided yet to keep seeing Dan, or back to Robyn at Cha Cha, but I would recommend Rebecca Lynn Studio to anyone looking for a great deal on great service.  As of 4/13 they were going to be closed for 10 days to remodel, so be sure and call ahead.","useful":3,"user_id":"pE74I7bXpi65Skjm5aFR1w"}
{"business_id":"v2zaG6Ttb0l9SSCyco4vog","cool":1,"date":"2012-05-28","funny":1,"review_id":"jxXYTuYNizqkNSy-3Juc3w","stars":5,"text":"My girlfriend called this place (found them through Yelp) after another salon butchered her bangs and cut them too short.  They let her drop in with no appointment, fixed her bangs, and made her very happy. \n\nThey are really nice people, too.  She will definitely be going back there for any future hair appointments.  Actually, I probably will too.","useful":1,"user_id":"fk6P3_fMGk7UP4pSDvyk6w"}
{"business_id":"v2zaG6Ttb0l9SSCyco4vog","cool":0,"date":"2016-12-23","funny":0,"review_id":"D0fAiQOln_eFIr2Brdiiqg","stars":5,"text":"Had a wonderful experience here with Dan. I am about as low maintenance as they come when it comes to my hair. I usually just get out of the shower and go, occasionally blow drying if I have the time. That being said, I've never been satisfied with discount salons - I like to keep it simple, but I have a short cut and always walk out thinking it looks terrible. I also don't want to spend $50 on a haircut, so I've always dreaded the whole ordeal. \n\nEvery other review is right on about this place. For the price, it's the best haircut I've ever had. Dan is a genuinely friendly guy, easy to talk to and definitely knows hair. I told him what I wanted - to pull my bangs straight forward without looking like a sheepdog and a trim everywhere else - and he knew exactly where to go from there. He suggested a razor cut instead of a scissor cut, I told him to go with whatever he thought would be best and it turned out great. \n\nThey also have a 7 day guarantee, which I think is excellent. I've left salons before happy with the cut (especially because they've just styled it) but once I get it washed and back to 'normal', I'm no longer satisfied. I think this is a great way to ensure customers are truly satisfied with their experience here. \n\nHe also did an excellent job on my eyebrows!\n\nI'm looking forward to coming back!","useful":1,"user_id":"yqgyW9kuCNmjyjnT4G9ZDg"}
{"business_id":"v2zaG6Ttb0l9SSCyco4vog","cool":0,"date":"2014-07-16","funny":0,"review_id":"sGlPeTra6UWxNgHzjxNxpA","stars":5,"text":"I was looking for a place on the east side and came across Rebecca Lynn Studio. I had a great experience with both my haircut and eyebrow waxing. I am certainly going to return for follow up visits. My stylist spent a lot of time on both a new hair style and reshaping my brows. It was an excellent visit and I highly recommend the salon.","useful":0,"user_id":"RaFiMH1cgE-LKnpeAR9zIw"}
{"business_id":"v2zaG6Ttb0l9SSCyco4vog","cool":0,"date":"2014-01-19","funny":0,"review_id":"vIHz6BNUfF0SaMgbV4galA","stars":5,"text":"On very short notice Dan helped me out in a pinch and did a fantastic job at a reasonable price.  Great haircut and nice guy too.  Thanks Dan!","useful":0,"user_id":"lxKLKgu_V20ygY4uqxw1gg"}
{"business_id":"v2zaG6Ttb0l9SSCyco4vog","cool":0,"date":"2013-12-29","funny":0,"review_id":"laMVFSYyn7R5cqAo6h2cNg","stars":5,"text":"Cute place, very laid back experience, friendly people! Not to mention my girlfriend's hair looks great! :)","useful":0,"user_id":"4VSaSL3ik7Pf_xgUyHG93w"}
{"business_id":"v2zaG6Ttb0l9SSCyco4vog","cool":1,"date":"2016-05-03","funny":0,"review_id":"bYx13V9dFoJwaWbJ9r8UrQ","stars":5,"text":"This is a great and considerate hair salon. I'm an international student, so most of the time I am worried that the stylist can't really understand my meaning or what I want. However, Dan is very professional and patient. He let me address what I want and gave me some suggestions. Then he made sure I understood every sentence he said. It was a really great experience. If you are an international student in Madison, don't hesitate to go to Rebecca Lynn hair studio. You will like it!!!","useful":1,"user_id":"TGAWs8z8Rji2bAy6Gi4y_w"}
