{"business_id":"Vdb5D7PX3uFC3gjZcCyizQ","cool":0,"date":"2015-05-31","funny":0,"review_id":"oBF1qnA_h2X-G0zr8Glddg","stars":2,"text":"I loved Dr Schanel because I got the best eye prescription there each year and he is a nice gentleman but I have had nothing but bad experiences with the guy who works the front desk. After 3 years of going there and purchasing several pairs of glasses, I'm done with this place! He is condescending,sometimes rude, and not accommodating at all. Very sour, know-it all, bossy personality and not even helpful when it comes to deciding on frames.","useful":3,"user_id":"eJ00Pm6BVn91jySR6ETCag"}
{"business_id":"Vdb5D7PX3uFC3gjZcCyizQ","cool":0,"date":"2013-07-05","funny":0,"review_id":"CQ7oJjoU974Tf6oKQqDI_g","stars":1,"text":"I had a really bad experience here where I was grilled about my health insurance when trying to get a simple eye exam. My insurance company does not print new cards each year, and since my card had last year's printed date on it I was almost refused service by the person at the front desk. I had to call my insurance company myself and put them on the phone with the front desk person in order to verify that my insurance was current. It is frankly not the customer's job to verify their insurance, and even the insurance person I called was surprised and mentioned that they have an online system for businesses to verify coverage online. The excuse I was given is that lately they have given eye exams to people who did not have current insurance coverage. As I stated before, this is not my problem as a customer and most other places simply verify coverage themselves before providing services. \n\nI would have just left but I made the appointment ahead of time and didn't want to bother rescheduling. I will certainty never come back since I was treated extremely rudely.","useful":1,"user_id":"nXVdNQmaUboP7lIcVS45og"}
{"business_id":"Vdb5D7PX3uFC3gjZcCyizQ","cool":1,"date":"2015-11-30","funny":0,"review_id":"bh9HR3nVGL_zyJfXdwpRng","stars":4,"text":"Dr. Schanel was friendly, informative and efficient with my eye exam.  I am very happy with the prescription he wrote for my progressive lenses.  The front desk person was also friendly and helpful.  The only reason I'm not giving 5 stars is that the front desk is often understaffed when I've been in; it is difficult for one guy to juggle the demands of 3 or more customers at once.  Bonus: the lenses and frames are extremely reasonable in price, much cheaper than other places I've been, including a couple other places on State Street.","useful":0,"user_id":"zZu3-MgEwTB90cslIPDqiw"}
{"business_id":"Vdb5D7PX3uFC3gjZcCyizQ","cool":3,"date":"2013-02-27","funny":0,"review_id":"xmCSiGspOCurkLMF4mhhHA","stars":5,"text":"You know, Dr. Schanel is one of the nicest gentlemen I have met.  I'm diggin' his brown loafers, and his eye exam was fun.  And I told him that.  And he laughed at me and gave me the thumbs up.  \n\nI've never in my life worn contacts.  I'm the kind of person who can't even put eye drops in my eyes without making it into a drama, so contacts??  Psshhhh... no way.  So for 4 years I avoided the thought, and for 4 years I was skippin' along with my cute lil purple eye glasses.  Until a while back when a co-worker of mine was punched in the face on a home visit and his eye glasses shattered and conveniently located shrapnel in his eye in a bloody mess.\n\nEveryone on my team who wore (WORE being the key word here) glasses made eye exam appointments that day..  \n\nSo there's the background on how I ended up sitting in Dr. Schanel's office on my 10th failed attempt at getting these stupid contacts into my ever blinking eyes.  Dr. Schanel's wife runs the front of the store, and Dr. Schanel takes care of the back.  After a bit of encouragement and yet another failed attempt that left me sighing and feeling like a loser, Dr. Schanel sent in his wife, and she told me exactly how to keep my eye from blinking and get that damn contact in place.  And it worked!  I was so excited to tell Dr. Schanel!  He walked into the room and did a fist pump after seeing the huge grin on my face.  \n\nAnd now I wear contacts to work everyday.","useful":3,"user_id":"ISJ860z59OPGcuBbo-kjXg"}
{"business_id":"Vdb5D7PX3uFC3gjZcCyizQ","cool":0,"date":"2012-08-25","funny":0,"review_id":"Z-n63l6v9wzrA7aCUkyq0w","stars":5,"text":"I'm genuinely obsessed with this optometrist.  The selection of frames is incredible and so much cheaper than you can find at lens crafters. Designer frames are always on discount and the service staff are probably some of the nicest people in Madison.  They bent over backwards to get me the discontinued frame I was looking for. I couldn't be happier.","useful":0,"user_id":"ZylhrIMerbZlO0Xf2S0mjg"}
{"business_id":"Vdb5D7PX3uFC3gjZcCyizQ","cool":0,"date":"2016-12-01","funny":0,"review_id":"M1_ovXgIBqdwtfLZHOHnsg","stars":5,"text":"Dr. Schanel is outstanding.  He is thorough, listens closely, asks key questions about the client's needs.  I have gone to other optometrists and ophthalmologists when I have lived in other places and I keep coming back to Dr. Schanel.   He is kind, knowledgable, and extremely experienced.  He has been an exceptional member of my physical care team for all of my adult life and he will be missed by me and many others when he retires.","useful":0,"user_id":"c_sChRFMD4JM0h7u3Aqgig"}
{"business_id":"Vdb5D7PX3uFC3gjZcCyizQ","cool":1,"date":"2016-01-31","funny":0,"review_id":"JZaBtp4E9IFCXKtCly06HA","stars":5,"text":"I went in for an eye exam today and had an extremely good experience! Dr. Schanel was very nice and professional and the person at the front desk was friendly, helpful, and accommodating. Their prices are also extremely reasonable.","useful":0,"user_id":"V9UAI5y-ZFPFVLdy_4pVyw"}
