{"business_id":"VcPweXTZ4aRc1wrzZD-crw","cool":0,"date":"2012-09-14","funny":0,"review_id":"CRMcvsuREzo2Vxb3N9SCOw","stars":5,"text":"I made my appt the day of and it was very easy to make my appt as a new patient.  I didn't wait at all for my appointment and the staff was very nice and the office was clean.  I saw Dr. Sokol during my visit.  She was extremely nice and spent the time discussing dailys vs 2 week contacts and the positive/neg of the different contacts.  She was very thorough in figuring out my prescription and made sure I left seeing crystal clear!  She let me sample multiple contacts and solutions to find the right fit for my eyes.  I would definitely recommend Sokol eye care and Dr. Sokol!","useful":1,"user_id":"AgIvVZM9y53ALF5nPoTVNA"}
{"business_id":"VcPweXTZ4aRc1wrzZD-crw","cool":1,"date":"2011-12-19","funny":1,"review_id":"T4RNHktYMP7U4I89h6TEuQ","stars":5,"text":"I visited Dr. Tessa Sokol for my own vision care, as well as for my 7-year old son's. Tessa offered outstanding care, and took the time to do an in-depth exam of my son's eyes (he wears glasses) and explained to me exactly what was going on. She recommended vision therapy and explained to me the benefits he would receive from a therapy plan. For me, she was able to match me with a correct contact lens for a mild astigmatism, which took several attempts to find something comfortable. I would not hesitate to recommend Tessa to anyone looking for a great optometrist.","useful":2,"user_id":"oPq11EpIsU3thaS1Ci99cw"}
{"business_id":"VcPweXTZ4aRc1wrzZD-crw","cool":0,"date":"2014-12-29","funny":0,"review_id":"UWHw58UUy3qZceFu-jQw5A","stars":5,"text":"I wandered into the Lens Crafters at West Towne Mall in hopes to discuss getting new glasses. I found a frame that I really loved, but told the Lens Crafters employee that I should probably get an updated eye exam. They directed me to Sokol to make an appointment.\n\nThe minute I walked over to Sokol, they hurried around so that they could get me in and get my eye exam completed that same day. Within an hour of casually walking into Lens Crafters, and being redirected to Sokol, my eye exam was complete. \n\nThe optometrist was extremely personable and very sweet. We are in similar patient-centered professions and we bonded over that fact. Most of the time when you are put into these situations, like with a beautician or similar, you have to make awkward small talk for an hour or two that is almost painful. That was not the case at Sokol--I felt really comfortable and did not feel pressure to make small talk.\n\nOverall, it was a great experience. Even though their prices are a little higher than what could be found elsewhere, I will continue to return here simply because of the great service I received. Customer service speaks volumes.","useful":1,"user_id":"2w7nV5OzLN1TRJ5rNbqhvg"}
{"business_id":"VcPweXTZ4aRc1wrzZD-crw","cool":0,"date":"2014-08-09","funny":0,"review_id":"aBW6c5lpSrMdHrf06vNUXg","stars":5,"text":"Dr. Tessa Sokol took my appointment on the same day. She saw me promptly and provided excellent care.","useful":0,"user_id":"pmLx6Cydg5pE0cdO0f5Vpg"}
{"business_id":"VcPweXTZ4aRc1wrzZD-crw","cool":0,"date":"2017-03-10","funny":0,"review_id":"9VER8NLeeOqL8JXZ61BWzg","stars":1,"text":"By far THE WORST customer service I've had anywhere. We made an appointment here for our 6 year old son. We arrived for our appointment the guy working the counter was very friendly. We were just waiting to get checked in but he kept getting more calls and customers st the counter. There was also a female who would come to the counter but then just walk away. One would assume she was busy. Nope she was just sitting at table with other employees chit chatting. After 20 minutes of this we ended up just leaving the guy at the counter seemed to understand our frustration with the situation. Terrible service even worst if you have kids who aren't as patient.","useful":0,"user_id":"X7yPcs7sXVf0Woob69vwTQ"}
