{"business_id":"V9WQSMMYOVKlix4CrSLrwg","cool":0,"date":"2014-07-07","funny":0,"review_id":"riLfEQAwsnmR56mguqWsAw","stars":3,"text":"I got a Groupon deal for half off on a massage as a birthday present. \n\nArea - it isn't in a super pretty area but I didn't feel it was unsafe. You park on the frontage road, no parking lot that I could see\n\nInside - the atmosphere is nice, I hate when spa places have loud ticking clocks though, that is not relaxing. \n\nMassage - was good and I've had several. It was actually a mix of swedish and some other types\n\nThe owner also does all of the services as an fyi and it was a bit difficult to book an appointment because there isn't a receptionist but I think it was a good deal.","useful":0,"user_id":"xzVZbl1d3w7qsA5ROPks9Q"}
{"business_id":"V9WQSMMYOVKlix4CrSLrwg","cool":0,"date":"2013-12-16","funny":0,"review_id":"fic8zMYMns4ePBg-A9w8cA","stars":1,"text":"DO NOT GO HERE.\nThe esthetician is extremely harsh with your skin.  She rushes through the treatments, and is very unprofessional.   \nThe \"spa\" is not relaxing, extremely cold (I went in December and it was just as cold inside as it was outside), and not very clean.\nThey run a lot of deals on websites.  Don't bother purchasing these.  Just pay the extra money and go to a reputable place. \nIt's also very hard to make an appointment.  I had to call several times and leave messages before anyone returned my calls.","useful":0,"user_id":"-tmLEZMDJD506l1gmktvlQ"}
{"business_id":"V9WQSMMYOVKlix4CrSLrwg","cool":1,"date":"2015-09-16","funny":0,"review_id":"UYDoOK8KT_cRA6VoC1y4NQ","stars":4,"text":"I had a Groupon for a facial and honestly, it was one of the best facials I have ever had. Angela was very polite and accommodating and did a very thorough job. It was exceptionally relaxing! The hand paraffin dip felt wonderful as did her hand massage that followed. The experience was well worth the cost!\nThe only frustrating aspect of booking my appointment was trying to reach them on the phone. They were also fairly booked up so I had to schedule it almost a month out. \nOverall, a good experience.","useful":1,"user_id":"hCdSF66nlE6Vef4QmqB3BA"}
{"business_id":"V9WQSMMYOVKlix4CrSLrwg","cool":0,"date":"2015-09-07","funny":0,"review_id":"nLk97DEy5Gv6jvv4uWfQvQ","stars":1,"text":"I had the Groupon gifted to me for a facial. I felt uncomfortable while I was there. The esthetician was rude, rushed through things, never smiled, etc...At one point after not being touched for +5 minutes during the treatment I looked up and opened my eyes to make sure she wasn't going through my purse...that's how uncomfortable I felt while I was there.","useful":0,"user_id":"nmnmfT_YNdccM-OMlHBQkw"}
