{"business_id":"WrGYbxma7l3-qzP6-ZhgmQ","cool":1,"date":"2013-05-30","funny":0,"review_id":"Uvl_u8KR9LqYzAyq5inJ9g","stars":5,"text":"how do you not give this place the highest of highs when they save your life.  The care is first rate and hope that I never have to set foot in the place again.","useful":0,"user_id":"lsBIIpm-EwfSiD9BQdnHAQ"}
{"business_id":"WrGYbxma7l3-qzP6-ZhgmQ","cool":0,"date":"2014-04-03","funny":0,"review_id":"2UA579vufiBwTWUgRcBoaQ","stars":5,"text":"I've never had a better experience with a hospital!\nMy wife's father, who is living with stage 4 lung cancer, was in ICU for a week and I absolutely appreciate how attentive the staff was to his needs and how easy everyone was to talk to.\n\nMaybe it's a Wisconsin thing (we live in Vegas currently), but everyone was so incredibly nice and actually fun to talk to that it REALLY put our minds at ease.\n\nThank you all so much!","useful":0,"user_id":"-Pzwc0mhPiE1ppEiQ4fk8Q"}
{"business_id":"WrGYbxma7l3-qzP6-ZhgmQ","cool":0,"date":"2012-02-03","funny":0,"review_id":"n4Kj1TZmIb4wp9ze7zNGcw","stars":4,"text":"Here at the UW Hospital surgery center for my husband's eye surgery. Very easy to park and find the right place to go. Nurses and medical staff are all very helpful! Impressive to see how smoothly everything runs around here.","useful":0,"user_id":"t84edKljN32y3-az_olkng"}
{"business_id":"WrGYbxma7l3-qzP6-ZhgmQ","cool":1,"date":"2017-01-05","funny":0,"review_id":"ztHCz5ub2LwtA1uqkiaDrw","stars":5,"text":"Joined my mother in the Surgical Waiting Area, as we waited for my dad to get out of a Vascular Surgery.  The staff keep my mom in the loop with updates.  Even as the staff member was getting ready to close the Surgical Waiting Area for the night, she made sure my mom's car was easy to get back from Valet Services, and that the Recovery Room staff had my mom's cell phone.  The chairs and table areas are comfortable and there are TVs and computers available.  \n\nAfter my dad got to the Recovery Room, his surgeon came to speak to us about the status of the surgery.  He was extremely personable and easy to communicate expectations with.\n\nIt was not a long wait from there to my dad moving from the Recovery to his Unit on D4/5.  Staff there were friendly and eager to make my Dad comfortable.  UW Hospital and Clinics is our family's choice for inpatient care.","useful":2,"user_id":"8EipJXehR14DD9x9N7RSSw"}
{"business_id":"WrGYbxma7l3-qzP6-ZhgmQ","cool":0,"date":"2013-08-15","funny":0,"review_id":"gEDblTxvg_vHKPn7JpeFYg","stars":5,"text":"This is absolutely the best hospital for cancer care. We came here for a 2nd opinion and they were the first hospital to take my husband's entire health into account when testing, diagnosing, and treating his lymphoma. Friendly cancer team treated us like family.","useful":0,"user_id":"kI_ggYdOLRRRdj9VT_aMqw"}
{"business_id":"WrGYbxma7l3-qzP6-ZhgmQ","cool":3,"date":"2015-11-17","funny":2,"review_id":"pZrplrldYnBjbfxAmo2vPA","stars":5,"text":"After several unexpected adverse health events recently, I've gotten to visit here and its affiliated clinics too many times. I just have to say a huge and sincere thanks for the care I've received from everyone, right down the line from check-in staff to surgeons. I'm the type of person who needs the maximum amount of information to be able to deal effectively with anxiety, and I've gotten so much information that I could potentially perform the procedures myself. People are friendly, easygoing, and definitely not overly, annoyingly solicitous. I have so much respect and admiration for a staff who gets it right like this. Thanks for fixing me, folks.","useful":5,"user_id":"yJP-54fC6lpYXXl5X0JyJw"}
{"business_id":"WrGYbxma7l3-qzP6-ZhgmQ","cool":0,"date":"2016-09-05","funny":0,"review_id":"KsKCV05TH7SJOpBHTu968w","stars":5,"text":"I have lived in the Madison area my whole life. If I have a choice I choose the UW. Everyone is very professional and they give such high quality care. The hospital and clinics are well organized and easy to navigate. There is always someone to ask if you get lost.","useful":0,"user_id":"OOFugtIPzCPi5bC8Fs1fGQ"}
{"business_id":"WrGYbxma7l3-qzP6-ZhgmQ","cool":0,"date":"2011-11-09","funny":0,"review_id":"sWCscV_c9ZED2k33kArn1w","stars":5,"text":"I was back at UW Madison last week for a family member needing a series of labs and doctor visits lasting four days.  Yup...FOUR days, people!  We visited about six different clinics within the hospital and stayed in a nearby hotel each night. Overall the staff was extremely attentive and professional.  I hightly recommend UW Hospital for your medical care.\n\nA special note to our coordinator for making our visit informative, efficient and a postive experience. Thank you!","useful":0,"user_id":"FTDkdWwfgGRdts4ZuxnSxg"}
{"business_id":"WrGYbxma7l3-qzP6-ZhgmQ","cool":0,"date":"2015-08-20","funny":0,"review_id":"LzpmhibFmHImzWTfPql6UQ","stars":5,"text":"GI procedure floor - very caring nurses and doctors, great experience!!  Dr.  Benson the BEST!!!!!  :)","useful":0,"user_id":"fZzkRgKvlENEaiizlKYKBQ"}
{"business_id":"WrGYbxma7l3-qzP6-ZhgmQ","cool":0,"date":"2016-12-02","funny":0,"review_id":"nopC2OQU_20blEk62lvErg","stars":5,"text":"Several times over the years we have had to rush over to the UW Hospital's Emergency and I can not say enough wonderful things about the quality, compassionate care we have received each time. From rushing our daughter to Emergency because of a severe allergic reaction and most recently because of my husband's heart attack, from THE MOMENT we stepped through the Emergency doors we were quickly greeted by a caring, competent, efficient staff member at the reception desk and then hospital personnel whisked the patient away while I finished registration within minutes. I have the most utmost praise and respect for everyone working at this University Hospital and I will forever be grateful for their hardworking team of caring, professional, dedicated doctors, nurses and nursing assistants, technicians and reception admitting staff. UW Hospital will always be the first hospital we rush to whenever there is an emergency.","useful":1,"user_id":"RR8z_wcpxlH8Hx3E8MrPjg"}
{"business_id":"WrGYbxma7l3-qzP6-ZhgmQ","cool":0,"date":"2011-03-22","funny":0,"review_id":"z4TMZhcKylnpvfc_LZaOeA","stars":5,"text":"In the last three years I have made almost a dozen trips to the ER at this hospital with my Father, Step-Father, nephew and daughter. \n\nI cannot say enough good things about the staff of this unit, or of the staff in the AM FAM Children's Hospital, the Palliative Care unit, the Oncology unit or the ICU.\n\nThe Pediatric Waiting room is a life saver if you have children, whether or not the child is the patient, and the procedures they have in place when children are patients are superb.\n\nWhile no one ever wants to go to the ER, they make is as painless as possible.  I will continue to go here, even though I live closer to Meriter.","useful":2,"user_id":"D_dEKoXm9vsfKEpzixieRg"}
{"business_id":"WrGYbxma7l3-qzP6-ZhgmQ","cool":0,"date":"2016-07-02","funny":0,"review_id":"fgvzwpLe7Lp733VTAN04AA","stars":4,"text":"Stayed here for a couple nights after surgery in May. My nurses were attentive & very friendly, and the docs were polite when they came and rounded. My MA during the day shift, Rachel, was awesome. The food services guy was a hoot, singing me some song from The Carol Burnett Show (I'm too young to know it, but my mom & aunt sang along :/ ) Ultimately, it was a very nice place to recover at. My only issue was with the size of my room...I was put in a room in an area of the hallway where the supply cabinet was outside my door, so the room could barely fit a chair in addition to my bed. Cramped quarters, but overall great staff.","useful":0,"user_id":"noIwH6eykE-X9bo0RK4r3w"}
{"business_id":"WrGYbxma7l3-qzP6-ZhgmQ","cool":0,"date":"2014-09-22","funny":0,"review_id":"PPA3jMHEhqZQcZo8DuRr3w","stars":2,"text":"The beds are the worst beds I've ever slept on. Very uncomfortable \n\n  It feels like you're laying on 2 large poles digging in to your back. I had to get 4 pill\nOwls and position them around my back. To be able to sleep.","useful":1,"user_id":"jdPpklFNq8SF2ZcOgI5qFQ"}
