{"business_id":"WMZq37GTuDgxZQ4M0ufNEA","cool":0,"date":"2016-07-23","funny":0,"review_id":"dD6vJ5qkirCwEAafgXNtHg","stars":5,"text":"I was terrified to death to get my wisdom teeth removed. The facility was beautiful, bathrooms well kept, AND staff was comforting and informative. From the front desk lady-- to the nurse -- to the oral surgeon-- to the lady who woke me up, all great. It was very scary but they did the best they could to make you feel comfortable.","useful":0,"user_id":"QyBN6ECXjFXbLdXAbfahDQ"}
{"business_id":"WMZq37GTuDgxZQ4M0ufNEA","cool":0,"date":"2016-11-16","funny":0,"review_id":"VOfNCnUBWeZanOsHw31VEQ","stars":5,"text":"I saw Dr. Dyer to get my Wisdom teeth removed. I wish I should've gotten them done when I was still a teenager. The facility is clean, the reception staff is really nice and friendly, the doctors are really friendly. However, in the recovery room all I remember was the woman that was there was really mean and I guess I annoyed her because well... the medicine made me loopy. I kept asking to take my wisdom teeth home and she got annoyed with me. Oops. Sorry. Anyway, I'm here today to be my husband's chauffeur for his procedure. I do recommend coming here. Their scheduling is quite open and you'll get in within a couple of weeks or so. Very convenient. They also have doctors that are on call to assist you with any questions you may have. I give it 5 stars because they got me in rather quickly and was very flexible and helpful during the entire experience, from start to finish. My gums healed nicely, I recommend following the directions they give you to ensure a fast and problem free recovery. I don't have any problems with my gums, I didn't have any major complications besides the fact that the pain medication was really harsh on my stomach and made me feel really sick, and I didn't have dry socket or any infections, and if I could do this again, I wouldn't because it sucks... anyway, I highly recommend Dr. Dyer. He did a great job.","useful":1,"user_id":"PFhGejjJ-IHzM8XeZIXgIw"}
{"business_id":"WMZq37GTuDgxZQ4M0ufNEA","cool":0,"date":"2015-06-18","funny":0,"review_id":"S_CsYNq8xUSlu9iRV77RYQ","stars":4,"text":"I had the unfortunate experience to have not one, but TWO root canals go bad.  I had to have the teeth pulled. I went to Dr. Pansegrau at Center for Oral and Maxillofacial Surgery to have him place both of my implants.\nI was very pleased with his work. I have had one of my implants for a couple years and the second one just over a year.  It's a long process, but worth it.\nI do have to say, as far as putting the implant in, I opted to do a local anesthetic.  Probably the dumbest thing I could do.  I know it was probably literally minutes and the implant was drilled in but - ick. The pressure and sound is too much to bare.\nI felt that Dr. Pansegrau was very informative and provided me with all of my options for deciding what to do.  He is very friendly and would highly recommend him. \nThe other nice thing is they have 3 locations that he has hours at each, so you can pick the location that is most convenient for you.","useful":0,"user_id":"QEkgYrrUEPJJbiUCLqf0fg"}
