{"business_id":"WdQP8kl9SzcOdubWz0Rs5g","cool":0,"date":"2016-01-06","funny":0,"review_id":"NGPTO11UM94ctffkz5S9mg","stars":5,"text":"Alex has done wonders for me, I have Ehlers Danlos which is a connective tissue disease, and he has corrected my posture, relieved an incredible amount of pain, and was able to loosen several joints. I found him through groupon several years ago, and I see him regularly now. He always comes to the rescue when I injure myself too, which is often. He is so knowledgable and not afraid to look outside the box which is what great for me. My husband has seen him and still talks about it. I saw home through my pregnancy, and he was able to keep me comfortable which was a huge plus!  He knows what he is doing and really cares about his clients well being. He checks in you after sessions, and always really listens to what you have to say. He is alway very professional as well. He does great work!","useful":2,"user_id":"c5yLe7_HsJ_kiKfWvd19jg"}
{"business_id":"WdQP8kl9SzcOdubWz0Rs5g","cool":0,"date":"2017-06-10","funny":0,"review_id":"-SSNIqcgX9E7ers974tq_g","stars":5,"text":"I have had a few massages with Rachel and each has been specifically tailored to my needs at that time.  She's professional but I felt that she truly cared about my experience.  I suggest you book an appointment with her and see for yourself.","useful":0,"user_id":"oSpmnCDxbFjqiLaVCAl-BA"}
{"business_id":"WdQP8kl9SzcOdubWz0Rs5g","cool":1,"date":"2016-08-29","funny":0,"review_id":"cYAeBAK0Px_aVQavQ2FGgQ","stars":5,"text":"Alex is an empathetic, intelligent, grounded bodywork expert. If your path takes you towards TRE, Structural Integration, or any other his other modalities, I recommend him without reservation.","useful":0,"user_id":"UwmGp4JSAnyghrisHPYSAQ"}
{"business_id":"WdQP8kl9SzcOdubWz0Rs5g","cool":1,"date":"2015-07-06","funny":0,"review_id":"_CeyJgUdNBtNa3PIR3MUqA","stars":5,"text":"Alex is an amazing bodywork practitioner and just an all around great guy. He is truly committed to every person who walks through the door having access to a better life. Whether you are struggling with specific body challenges or are looking to take an already healthy body to the next level, Alex knows what to do. I am particularly picky about bodywork and Alex is 1 of only 2 people in the world who I would trust to have the knowledge, skills, and deep sensitivity to work on me.","useful":2,"user_id":"56CWgevQR64zV1ql9ZF4Zw"}
{"business_id":"WdQP8kl9SzcOdubWz0Rs5g","cool":0,"date":"2016-10-15","funny":0,"review_id":"FBtctWv6W5jKir7tXC7a0Q","stars":5,"text":"I worked with Alex on the recommendation of friends. Before I started a 10-session Structural Integration series in early 2015, I asked him if it was a reasonable expectation to view this as a \"body reset\". I had been experiencing chronic pain for over a year in my quads and piriformis that no amount of self work through yoga or assisted work through message could relieve. He shared this was a reasonable expectation and we began the series. Not only did my chronic pain go away (YEAH!) through the series my mind-body blossomed to a new level I didn't know was possible (even after 10+years of yoga!). I have since started a home TRE practice (first guided by Alex) and go back every 6-9 months for a \"tune up body work session\". I am grateful for Alex's knowledge, professionalism, compassion, guidance and ability to help me feel optimally healthy.","useful":1,"user_id":"2zS6b9_k3EAc_oe4YxZDtw"}
{"business_id":"WdQP8kl9SzcOdubWz0Rs5g","cool":1,"date":"2016-08-28","funny":0,"review_id":"o9uSs9Po8J0DPTooNRc7oA","stars":5,"text":"In combination with body work, Alex coached me in the use of TRE, which I use as a regular practice at home.  I find that TRE helps me release tension and feel more grounded in my body.  A short TRE practice feels like a way to \"reset\" my nervous system so that I can be more present in my life.  I regularly refer clients and friends to Alex to learn TRE -- it's a powerful skill for self-care that can help heal both trauma and run-of-the mill, daily stress.","useful":1,"user_id":"xR9B4PY3e7cs5lRD4x_3dg"}
{"business_id":"WdQP8kl9SzcOdubWz0Rs5g","cool":0,"date":"2016-08-30","funny":0,"review_id":"eg0HmeF53GjrYJ1boG3clg","stars":5,"text":"I've been struggling with chronic pain and tension from body trauma and PTSD. Based on a friend's positive experience and recommendation, I started seeing Alex. Alex has helped me access and heal the pain and tension in my body over the course of a few sessions in a way that months of physical therapy couldn't. Alex provides a safe, professional, sensitive, and compassionate therapeutic environment. \n\nOne thing I appreciate, is that Alex maintains clear communication with me throughout the session, it makes our work together impactful and efficient. Beyond having years of training and expertise, Alex also has AMAZING intuition for bodywork. Give him a shot, you'll soon be referring your friends!","useful":4,"user_id":"ciGCADCZEGiZBWfJXCCorA"}
{"business_id":"WdQP8kl9SzcOdubWz0Rs5g","cool":1,"date":"2016-08-30","funny":0,"review_id":"zqdhggj9uVZQUO_rzmcxNw","stars":5,"text":"I love coming to Alex for bodywork. Within a few visits he knew my body better than I did! He is professional and thoughtful and makes the intense work enjoyable.","useful":1,"user_id":"jYKyA5MqPwitTQVz4FLhRQ"}
{"business_id":"WdQP8kl9SzcOdubWz0Rs5g","cool":0,"date":"2016-09-05","funny":0,"review_id":"I0GFaE4WpT4aT2jGafiTYQ","stars":5,"text":"I worked with Alex over a period of weeks in 2016 doing a 10-session Structural Integration series with a session of Trauma and Tension-Releasing Exercises in the middle. Some of my regular mind-body practices had allowed me to start releasing some old trauma and I wondered if SI could help me get at the 'stuck' stuff that felt sort of unreachable to me. I was drawn to Red Beard by Alex's background and his broad set of therapeutic skills.\n\nThe experience was very powerful for me. I felt relief pretty quickly from some nagging tensions - piriformis pain, hip tightness, neck stiffness. Over the course of our work my body felt better and better. There were also shifts in my life in a psycho-emotional sense that I attribute to my work on the table with Alex. \n\nAlex creates a sense of safety and comfort, and his practice space is lovely. I was particularly grateful for his gentle, expert guidance and steady presence when old emotions would unexpectedly come up.\n\nAlex is a gifted bodyworker who is clearly committed to his work and to his own ongoing learning. He is thoughtful, attentive and very skilled. \n\nI can imagine anyone seeking more fluidity and awareness in their lives or wanting to release old, stuck trauma of any kind would benefit from working with Alex. I certainly did.","useful":2,"user_id":"sSDt0MX-zeKzIb9ITBMawg"}
{"business_id":"WdQP8kl9SzcOdubWz0Rs5g","cool":1,"date":"2015-07-07","funny":0,"review_id":"eJ0X35kuNPa4W4VYT-YrRw","stars":5,"text":"I first found Alex when I was searching for bodyworkers specializing in TRE (Tension/Trauma Release Exercises). I made a note to self to book in with him, and by chance I got to meet him in person at a TRE seminar before even booking any sessions with him. This past year working with Alex has been amazing! He is a wealth of knowledge and is very thoughtful and professional at all times. When working with clients, he considers all of their needs (emotional, physical,mental) and is great at then communicating with you what areas he senses could be worked on, and always working within your comfort zone. I highly recommend Alex for anyone seeking deeply therapeutic body work!! Get ready to feel a new you!!","useful":2,"user_id":"pXrNADVedVEXnEr0Vyjasg"}
