{"business_id":"XM48NoYcHVhwHeNkJzJ5nA","cool":0,"date":"2017-07-01","funny":0,"review_id":"UdFHng0iIjEhOJpbhi-wgg","stars":5,"text":"I am a fan. The trainers are top notch. I'm a fan of the changing routines and the fact that I can get in and get out in about 40 minutes and I always feel like I've had a great workout.","useful":0,"user_id":"IxAiO0yZ_9EWQ2ErFAzY5A"}
{"business_id":"XM48NoYcHVhwHeNkJzJ5nA","cool":0,"date":"2013-07-25","funny":0,"review_id":"5Lk4zLrn-EkcWkTZtzlz-A","stars":4,"text":"I've been going to this gym for almost 3 years. It is, quite simply, the best 30-minute workout I've ever found. \n\nPROS\nCome in anytime during business hours to work out. You're done 30 minutes later.\nYou work your whole body: upper, lower and core. \nYou never do the same workout twice.\nYou'll be challenged, but you can do it.\n\nCONS\nThis is not a full-service gym with weights, classes, showers, etc.\nThe trainers are not necessarily educated in health, fitness or boxing, but they are knowledgable and will safely guide you through the moves.\n\nLike every fitness service, you get out of it what you put into it. But for me, I've gotten into the best shape of my life at 9Round, in only 30 minutes a day. \n\nBy the way, I quit running 5 years ago. For fun, I ran a mile this week - and shaved a full minute off the best mile time I ever ran in my life. Thanks, 9Round.","useful":6,"user_id":"iZfNeKpJnSiq2cw7xivwlA"}
{"business_id":"XM48NoYcHVhwHeNkJzJ5nA","cool":1,"date":"2013-04-07","funny":0,"review_id":"ASx3BwKLqi0Bryj8cnQG2g","stars":5,"text":"I really like 9Round. It's nice to have a gym where you can go in and basically do your ish and leave. There are nine different stations with varying equipment, and the activities are different every day. You do intense cardio for three minutes and then one minute of \"active rest\" like high knees or wall jumps, and move on to the next round. It's only half an hour but the intensity of the work makes it feel like a full hour by the end.\nThe instructors are attentive and help each student perfect their technique during the rounds. I have kind of a bum ankle and talked to one of the instructors about it and he gave me a suggestion for how to approach certain kicks. He said, \"if this doesn't work, we'll find something that does work.\" It's the first place I've been where the instructors care enough to help and actually follow up with their students. I'm pretty sure the first workout is free, so if you've been curious about it, you've got nothing to lose. Go ahead and give them a try! You won't be disappointed!","useful":4,"user_id":"GrQzEG9PlNx9DkgBvgWfaw"}
{"business_id":"XM48NoYcHVhwHeNkJzJ5nA","cool":1,"date":"2015-10-01","funny":0,"review_id":"jir7STrj9yu8lf3X4atTqg","stars":4,"text":"I've been going to 9Round for over a year. I really truly enjoy my time here. I like the concept of the 30 minute workout with stations. If you think that's not enough time to get a good, muscle shredding, cardio boosting workout in, you are dead wrong. Plus, you get to beat the crud out of stuff. What I enjoy even more than the workout is the sense of empowerment that goes with it. I feel stronger mentally from these workouts. I feel like a champ! Your workout can be as hard or light as you need it to be, as you are the driving factor. The staff is very encouraging and helpful. They will make sure you know what to do at each station and will motivate you to keep pushing. The workouts at each station are new each day, so it never gets boring. \n\nWhat really impresses me about this place is their continuous drive to improve. As a member, I get emailed surveys asking for my feedback. They have made lots of changes based on their responses. \n\nDownsides: The location is small. 1 dressing room and 1 bathroom at the back of the room, so you have to walk through all the people working out to get there. There's a small waiting area at the front with 2 chairs and some cubes to stash your stuff, and no showers. Even though it's small, I've never seen a line for the bathroom or changing room, and I've never seen people waiting longer than 1 or 2 rounds to get into a station.","useful":3,"user_id":"9spAWfhsOPb20vsdsAQeuA"}
