{"business_id":"xwZHoVUAMOYLnQ4LiB0aCg","cool":0,"date":"2017-07-18","funny":0,"review_id":"3f7lpd897-yxsmJTkMy2nA","stars":1,"text":"So...I regret purchasing a year membership.  In late December they had staff turnover which resulted in almost 2 months of temporary fill-in staff.  And if listening to the temporary staff gossip about the turnover and complain wasn't enough, they hired permanent staff who seem to only be there for the paycheck.  Part of the appeal of 9Round is the staff interaction and motivation, and if your staff don't want to be there, why would I want to be there?  I didn't pay to have a \"certified 9Round trainer\" look at their phone and tell me when 2.5 minutes are up. \n\nI asked for alternative exercises at some stations, and the \"trainers\" couldn't give me feedback or modifications.  Given the types of exercises done at each station, I think their lack of knowledge is a safety issue.  Plus, it's not fun anymore.  I can go to a regular gym and be ignored by staff, and it's a lot cheaper!","useful":1,"user_id":"sQblfI5c5HBfbE8Nmf7Eqg"}
{"business_id":"xwZHoVUAMOYLnQ4LiB0aCg","cool":0,"date":"2016-01-18","funny":0,"review_id":"GnqB51ITyS589x-2jX9K7g","stars":4,"text":"Stopped by 9Round last week for a free first workout.  I am working on getting back into shape after over a decade of not taking care of myself.  The trainer Matt did a great job on asking me what my goals were and running me through the gym.  \n\nThe basis of 9Round is you have 9 different stations that are boxing/MMA themed.  You don't have to have any prior experience and they have gloves there if you don't have any.  So each round is 3 minutes and then you do a 30 second high intensity cardio interval between each round.  Each workout is different every time.  \n\nThe only downside is the cost of a membership, which is why I am docking a star.  It's expensive.  Since I don't live in Madison, I am going to go the \"drop in\" option and go once a week.  It's $9.00 per visit at the \"drop in\" rate, but it's a great idea for someone like me that needs to change it up a little bit during the week.  \n\nIf you need a change of pace in your workout routine, and you can afford it, I would recommend 9Round!","useful":4,"user_id":"vYwIDEWb7qCHopxjHAm8SQ"}
{"business_id":"xwZHoVUAMOYLnQ4LiB0aCg","cool":1,"date":"2017-06-23","funny":0,"review_id":"uT6jRSHV1c2kAIr-FHsC6g","stars":5,"text":"30 minutes of punching with gloves, and kicking bags. There are only 9 rounds, 3 minutes each, then your done and get can on with the rest of your day. There are intermediate exercise inbetween each round. Different exercises each day, and a trainer with you every step of the way! What more could you ask for?","useful":0,"user_id":"pBPQ2RHYvP4_dHD17AVqOQ"}
