{"business_id":"xRvPtzqVQdFHsigE3OeX8g","cool":1,"date":"2016-09-02","funny":0,"review_id":"i4s-f3Lg5fRAshF7MHcsGg","stars":5,"text":"Love this place!  Sweet ladies who work here.  I've been here the last 2 times I have visited Madison and will come back every time.  Prices are really great and good deep massage.  Don't be put off by the fact that it's not your typical spa.  There are no frills but you are getting a good massage for a good price.  I go to Chinese acupressure/foot spas all across the country because I travel a lot and my body hurts.  Try it!  You'll like it!","useful":2,"user_id":"_DyQFk4IYIX32IKybZwyLQ"}
{"business_id":"xRvPtzqVQdFHsigE3OeX8g","cool":1,"date":"2016-10-21","funny":0,"review_id":"FIaYiLu6QZ1vdSBHHsstiA","stars":5,"text":"Really excellent and affordable. The foot massage is bliss. \n\n$30 (plus a generous tip) gets you: \n\n- a hot foot bath\n- 30 min foot massage\n- a metric ton of relaxation and feet that feel awesome. \n\nI intend on doing this after my work week on a regular basis.","useful":2,"user_id":"OiynUc4afw8xI6M3hIwLbA"}
{"business_id":"xRvPtzqVQdFHsigE3OeX8g","cool":8,"date":"2015-12-30","funny":2,"review_id":"BxrUErxc_feoemk6Y3zAmw","stars":5,"text":"This is a Chinese massage business, the typical nondescript, but clean and efficient place you'd find in NYC's Chinatown. I've also had massage in China that was in a similar type of place. This means that it's bare bones, and not a Western spa with lavish decor and the scent of essential oils. The furniture is very clean, but worn. By not investing in expensive decor, you're really paying for the service you receive, and getting a great value.\n\nThey are currently building their business, so it's easy to walk in and be seen right away. I have two friends (a husband and wife) who have regularly had massages for years, and they absolutely rave about this place. My friend even bought massages for this place as Christmas gifts for his direct reports. With that kind of recommendation, I had to immediately make plans to visit.\n\nThey have a variety of offerings you can view on professionally printed posters as you enter. They do full body, but I opted for the winter special, which is a 40 minute foot massage for $28. The sign indicates they do more than just your feet, and I was pleasantly surprised by how comprehensive it was. I've had this service twice now. They have 4 low massage tables in a fairly open area (so other customers may also be there). You remain fully clothed, so it's best to wear comfortable clothing and pants with legs you can pull up to your knees. \n\nYou lie on the table face up and they put a large towel on your body and a small one on your head and over your eyes. Your feet are hanging off the end of the table soaking in a warm bath. Not sure what's in the water, but there was a tea bag in there. Chinese classical music is playing in the background.\n\nWhile your feet soak, they start with a face, neck and head massage, focusing on pressure points. I was pleasantly surprised with how well the therapist worked on this area during my visits. She moves down to shoulders and arms from there and on to tops of thighs. I thought she did a great job massaging and stretching my shoulders. It was perfect for this type of massage.\n\nThe therapist spends a lot of time on your feet and shins and uses lotion for this part. I especially liked the foot massage. Both times the therapist really worked on my arches and also hit key reflexology points.\n\nOnce finished with your feet, she has you turn over. There's a section of the padded table that is moved under your feet and lower legs at this point. There's also a face cradle for added comfort. The final part of the session is her working her way up from your feet, stretching the back of your thighs, back, shoulder blades and neck. Again, GREAT job finding my hot spots from sitting at a computer all day.\n\nI thought hard about my rating and I tipped in favor of 5 stars because of the great service I've received, the cleanliness and the value. The only negatives are they have a Facebook page that is essentially empty and a website link that doesn't work. Having their services and prices posted online would be great. Some customers may feel the space is awkward because it's not the typical Western spa environment. \n\nI will definitely continue to be a customer and look forward to a more traditional massage in the future. There are several private rooms for that purpose.","useful":11,"user_id":"CH9VC7aLLsV8NFdaoU_uog"}
{"business_id":"xRvPtzqVQdFHsigE3OeX8g","cool":2,"date":"2017-01-30","funny":0,"review_id":"OKzybnYO7EMps0NAG-arUw","stars":5,"text":"I was so glad to have found this place-it's just what Madison needs (there's a severe lack of good, cheap, deep-tissue massage spas here). Don't expect anything fancy with decor, but it is very clean! I paid $40 for a 30-min back and shoulder massage and it was better than any other massage I've had here - most are too gentle for more than twice the price. I did a walk-in but they will take appointments. I plan to be back at least every couple weeks! Thank you!!","useful":1,"user_id":"XKrutBriKsUgFhJ6B139QA"}
{"business_id":"xRvPtzqVQdFHsigE3OeX8g","cool":1,"date":"2016-03-25","funny":0,"review_id":"-ryobSb9tCr0F5JS-kBMEw","stars":5,"text":"As Sallie Jo noted in her fine review, this is not a fancy spa with luxury decor, but of course their prices are much more affordable than those fancier places, which more than makes up for it. I have had some bad experiences with other Asian massage places. At two other places which I will not name, the therapist very aggressively pressured me for a higher tip (I gave her a reasonable tip, and her aggressiveness about wanting more made me uncomfortable and struck me as very low class). The therapists at Yuan have never done this. The massage is always good, and when I leave a tip they just say, \"thank you\". After three visits, this seems to be a reputable place run by people who want to build a business based on good service. I'll likely go back.","useful":2,"user_id":"HyrKzCU1-4Y1ZbqcYlVicg"}
{"business_id":"xRvPtzqVQdFHsigE3OeX8g","cool":2,"date":"2017-01-10","funny":1,"review_id":"zgZfCACSEjkQpfOdb94k_A","stars":5,"text":"My feet has been feeling taut for weeks and I was missing my foot massages from SF, then I came across this place. Madison has many chinese massage places come and go. There used to be one in west town mall that I wasn't impress with. \n\nThen there is this place. Came in after lunch nearby and there was no other customers so I got the place all to myself. Yan, the massage lady was very professional and courteous. She put on done light music, made a call to get another staff to come on to man the front desk before fetching the bucket of hot tea / water. It was hot because my feet were cold from the outside. Within a few seconds,they were in haven. \n\nThe process is well described by others. I just want to share that this place is as good as the one I go to in SF. The only difference is price. Out in SF, I have the same 60 min massage for $25! Here it was $50, which is  is comparable to other places in madison. \n\nI have to say this is the best chinese massage place I have visited in madison. Give it a try. Wear loose clothing as it is a clothe massage. Be prepared to fall asleep. That's how comfortable it was for me. And for the final round of back massage, medium is plenty unless you like it rough.","useful":4,"user_id":"Gh6sagblKhuMpWUDWeQjNg"}
{"business_id":"xRvPtzqVQdFHsigE3OeX8g","cool":1,"date":"2016-11-14","funny":0,"review_id":"GvdqC6fb-gmfePs89QbJ2Q","stars":5,"text":"This is not a high end, you're paying for the amenities type spa. This is a place to go when you are in pain and need someone to work on you. This is where I went after a week long overseas trip where I walked and sat on planes for hours.  I got a 30 minute back massage, and 30 minute foot massage, for $50.00 total. It reminds me of a place I stumbled into in New York Chinatown. Absolutely nothing fancy here but they know how to work you and you actually feel better afterwards. They have a chair massage option if you are in a hurry, but the back/foot options they have are great.","useful":1,"user_id":"etJczK1foxkyRZ2NMNaNqA"}
