{"business_id":"XjFJgCv9d3LS8ARxo1F32g","cool":2,"date":"2017-01-09","funny":0,"review_id":"zwjuObAti_MioPEHYkbVrA","stars":5,"text":"Float was a very cool experience!! I have not done anything like it before and I'm pretty sure I passed out a couple times. lol. Extremely relaxing!! Even if you're not able to let your mind wander and reach that zen state, you can still benefit from floating. I would suggest it to anyone, at least once! The prefloat info is great and Greg made the experience fantastic. Well worth it and I'll be back again!!","useful":2,"user_id":"sVKCEePqBPp9V5HUrIrAug"}
{"business_id":"XjFJgCv9d3LS8ARxo1F32g","cool":0,"date":"2017-07-14","funny":0,"review_id":"T1IAAmu9fxVHb_sJiaVbfw","stars":5,"text":"Second float even better than the first! You get to an even better spot, knowing you won't panic and letting your mind go. Thinking monthly membership....","useful":0,"user_id":"cxO6m61pmktxesMXaURy4Q"}
{"business_id":"XjFJgCv9d3LS8ARxo1F32g","cool":2,"date":"2016-07-20","funny":0,"review_id":"qWVB27RtDE0cv4MM3S7aNA","stars":5,"text":"Great instructions, great facility - clean, well designed, almost dead quiet. I used the hot tub-style tub. Floating isn't cheap, but it's one of the best ways (sort of) to escape gravity and really let your body unwind.","useful":1,"user_id":"UwmGp4JSAnyghrisHPYSAQ"}
{"business_id":"XjFJgCv9d3LS8ARxo1F32g","cool":0,"date":"2017-04-27","funny":0,"review_id":"H5Qs9e_I4viR7aDEkeW74A","stars":5,"text":"Great place to float! The owner is very nice and the facility is excellent. It's clean, private, up-to-date and offers variety with the new ocean float room. Located downtown, it offers a convenient escape from the bustle of city living. My husband and I booked online easily and has floats at the same time. I was lucky enough to use the ocean float room, but the pods are excellent too. We first became acquainted with floating at the Float Factor on the Westside of Madison. The facilities were comparable - both excellent - but this one is closer to home. My hubby's training for a marathon and I have severe chronic neurological pain, so we floated for very different reasons. You get a lot out of each float - it's personal and often cathartic. The recovery room helps give you time to reflect on your experience and take some time before reentering the world. I highly recommend people try floating - there are too many reasons to list! I will definitely return - in fact, we already have our next one booked. I consider it a medical necessity.","useful":2,"user_id":"hhCPmAzz1SryzFBEx2Y7Mw"}
{"business_id":"XjFJgCv9d3LS8ARxo1F32g","cool":2,"date":"2016-09-22","funny":0,"review_id":"uFKZhe1fgpgvlwq06Yge0w","stars":5,"text":"Greg made my first float a memorable one!! Totally hooked now, and will visit every time I'm in town. He is a hard working, detail-oriented and hands-on owner, and just an overall cool chill dude. Thanks a zillion!!! My back feels great and mind feels fresh","useful":0,"user_id":"I1z_UAIAPVWBZ_mdJS91gA"}
{"business_id":"XjFJgCv9d3LS8ARxo1F32g","cool":1,"date":"2016-06-19","funny":0,"review_id":"l1c9acw9tzhBLwoVv0foBw","stars":5,"text":"Everything was great. All professional and well maintained.  My first experience here was good, I would come back again.  I didn't have any negative things that I could point out.  I liked the float pod.","useful":1,"user_id":"NwWxxELLCGKvh2p1N5WZdA"}
{"business_id":"XjFJgCv9d3LS8ARxo1F32g","cool":1,"date":"2017-01-12","funny":0,"review_id":"S-9SQQDd7JTSYNc0zTu-lA","stars":5,"text":"Awesome experience. First time floater here. What a nice atmosphere and wonderful owner. Will be back when I am in town next. Loved the experience and the tea after in the \"relaxation room\" What a neat place. Try it out :)","useful":1,"user_id":"f3M6zhgnFEU0ouAR2fDBKA"}
{"business_id":"XjFJgCv9d3LS8ARxo1F32g","cool":0,"date":"2016-12-10","funny":0,"review_id":"ZKE0TDjBowMqYlILs6EZAQ","stars":5,"text":"This place is well worth it. You will come away feeling like a new person. It also is impeccably clean,  and Greg wonderful.","useful":0,"user_id":"PtpN931oM7pxJJ3pypjT5Q"}
