{"business_id":"XRDM8DALeb031tCNnuhZJQ","cool":0,"date":"2013-03-06","funny":0,"review_id":"Xzl07b9eFKREoZvISGu3Uw","stars":5,"text":"If you are in the market for appliances, do yourself a favor and go to the East Town mall Sears and ask for Jeff Bettin. We recently moved from Madison to Loveland, CO. Jeff took great care of us and made sure our new refrigerator and washer/ drier arrived on time along with setting up the install and delivery of our microwave. If Jeff can make this happen across 1000 miles he certainly can make a local purchase go as well. Thank again Jeff my wife and I appreciate all your work and attention to detail..","useful":0,"user_id":"SdKgIX1NC59mFgeBMAByFA"}
{"business_id":"XRDM8DALeb031tCNnuhZJQ","cool":0,"date":"2014-09-09","funny":0,"review_id":"KYDlc1gGaxNU2oA4HT4LXg","stars":1,"text":"I placed a Sears internet order 9/2/14 paying with my debit card and requested \"customer store pick-up\" to save on shipping.  I received notification 9/4/14 items were shipped via UPS.  Today, 9/9/14 I called Sears East Towne, but somehow got the 1-800 \"retail support dept.\" in another state.  After explaining I ordered online 9/2 and haven't received a call from Sears East Towne, she asked what the store number was -- I ordered online, I don't know -- oh, that's right you said that.  After repeating again what I had told her originally, she found my order and had the same information about my order in front of her as I did.  She said, well, the order is processing.  I said that's a generic statement, not the current status.  I asked her to call Sears East Towne and she came back on the phone and told the item wasn't there.  I said I have a tracking number from UPS - it's way past the arrive timeframe of 9/4 - 9/7.  So she dug further into the tracking number and verified the package IS at East Towne.  I said why did they say it wasn't there?  She said they just have to go further into the system and they would see that it's there.  I asked her to call Sears East Towne back and tell them my order IS in their store, get the person's name, then come back on the phone to give me that information.  I am so tired of crappy customer service I could scream.  I love working in retail customer service and when I did, I was surrounded by employees who gave crappy customer service, just like this, so I got out of retail - I could not stand it   They don't listen to the customer, and I honestly think they give customers a \"made up\" excuse.  Now, somebody's not doing their job.  If you don't like retail, find another job.  Ridiculous.","useful":0,"user_id":"RFYXgR3iDv2h1MXp3KcY2Q"}
{"business_id":"XRDM8DALeb031tCNnuhZJQ","cool":0,"date":"2014-03-05","funny":0,"review_id":"yaKmPugxL8w8aXI6-swmmQ","stars":2,"text":"Don't fall for their \"BOGO\" in the Optical Dept.  I did and encountered that the doctor was running 45 minutes behind, would have been longer if the appt before me wouldn't have gotten sick of waiting and left.  The waiting area was full of loud children and a man in his 40's that obviously didn't know it's rude to pass gas in public (loud and stinky!!!).  The doctor was nice and thorough and they had a good selection of frames, although they were a tad on the pricier side.  What disappointed me was that if you have insurance (and mine only paid about $25 of a $280 bill) that the bogo does not apply.  That was the ONLY reason why I choose a department store optical center over a speciality practice.  Had I known that I wouldn't have never made an appt....they conveniently tell you this at the end, AFTER you spend an hour in the exam room and time picking out the perfect frame......scam!","useful":1,"user_id":"D1QJ8SRAldoHir-266c8SA"}
{"business_id":"XRDM8DALeb031tCNnuhZJQ","cool":0,"date":"2016-12-09","funny":1,"review_id":"xYOMMA_ozH1XmnmEvnuP2w","stars":2,"text":"I have no idea what's going on with Sears but it was a big disappointment going in there today. They barely had any Christmas ornaments or lights. Not like how they used to keep them stocked. I'm not sure if Sears is going under or if they are in trouble financially because this place is went from being my first few places to go to for housewares and holiday decorations to one of the last places I go to. It's sad because Sears has been around for quite a while. The store itself is clean. It's hard to find someone to help you find things. The electronics area was very unorganized. After my failed mission of looking for Christmas decor, I decided to look for a new phone case. There were a lot of empty shelves and cases all over the place. I couldn't tell which case was for my phone since it only listed it as New iPhone instead of iPhone 6s or something more descriptive. I admit though, Sears does have good deals on shoes, socks, and sometimes tools. I won't completely stop coming here but it definitely wouldn't be on my list of firsts.","useful":1,"user_id":"PFhGejjJ-IHzM8XeZIXgIw"}
{"business_id":"XRDM8DALeb031tCNnuhZJQ","cool":0,"date":"2007-08-14","funny":0,"review_id":"zC-7qWmKPACYqKB9p14GIA","stars":3,"text":"Sears is a nice large mall store upstairs and downstairs is where all the tools and appliances are. Mmm, tools. Theyve got quite a selection of craftman stuff as well as plenty of other things like shovels and rakes that arent craftsman. Service is friendly and the store is organized.","useful":0,"user_id":"Zpxb7bDtFfOE9Ywe7pUD8w"}
{"business_id":"XRDM8DALeb031tCNnuhZJQ","cool":0,"date":"2013-12-13","funny":0,"review_id":"y6awXWeA8mzcH0kiF6htKA","stars":4,"text":"Bought several appliances here (about $10,000 worth over the past 6 years), and have noticed two trends: 1) aggressive up-selling of home remodeling services and 2) an increasingly discombobulated supply chain. I suspect these are issues affecting the company overall, but the inability of floor staff to help close the loop on botched deliveries for purchased appliances quickly is aggravating.\n\nOn the balance, a softer sell and giving staff more power to see what's going on across the delivery systems for the company would go a long way. Otherwise, great products and a clean store.\n\nUPDATE: After talking with store manager Brian Hawkins (2013), he seems willing and able to accept responsibility in more \"unusual\" and troublesome situations. Upgrading my rating.","useful":1,"user_id":"IkPSUSiLxO25pfbyIgmC7w"}
{"business_id":"XRDM8DALeb031tCNnuhZJQ","cool":0,"date":"2015-01-09","funny":0,"review_id":"uQqM669eOE54NMZaOTsdXg","stars":2,"text":"Barren would be a good description for this Sears.  Go to the electronics department and soak in the empty shelves or the ones covered with old technology.  I came in here looking for a UHD TV and the options were so limited and prices so out of line that it was a total waste of my time.  Sears used to be a great place to shop but I think the writing is on the wall. . .","useful":0,"user_id":"MCoWTSg1H_dMzffPE9YOtw"}
{"business_id":"XRDM8DALeb031tCNnuhZJQ","cool":0,"date":"2016-12-28","funny":0,"review_id":"-CS9Gb8PGxojq84juTHfwQ","stars":1,"text":"Have a Sears Garage Door opener that is just over 2 years old and the wall pad (the one wired to the unit) stopped working. Tried to reach the store no one would answer the phone. Leave a message etc. Then finally got to parts and they told me it was just outside of warranty and I would have to buy another wall pad for $45. Reached a supervisor to ask for someone to do the right thing and warranty this obviously defective pad and no go. Terrible customer service!!! I will NEVER BUY ANYTHING FROM SEARS AGAIN!!!","useful":0,"user_id":"_FeHylgqkkDM1cFJXpDjBQ"}
{"business_id":"XRDM8DALeb031tCNnuhZJQ","cool":0,"date":"2016-03-01","funny":0,"review_id":"PdYyP8edvwUfWEVjqCfiow","stars":1,"text":"called to get a water filter for a Kenmore refer. They don't stock the filters, they have to be ordered on line! What happened to this place???","useful":0,"user_id":"UjVkVsTheQnm9Tfvz0unHg"}
