{"business_id":"yXKJ6NxfX3LLh6tTho1-zQ","cool":0,"date":"2017-04-23","funny":0,"review_id":"g-KJwHgoKrXJiQygDSrVbw","stars":5,"text":"I purchased a pair of glasses in September of last year . Today I went into the store because the paint was wearing off of my frames . The employee I talked to took a look at my glasses and promptly walked to the backroom and had another new pair of my style frames in hand .He apologized about the paint and put my lenses in the new frames. No hassle or anything ,and said come back if any more problems arise . It really surprised me as they were 200 dollar frames. Great job LensCrafters !","useful":0,"user_id":"xAvVjrNM1A8fGzdRJPPGDg"}
{"business_id":"yXKJ6NxfX3LLh6tTho1-zQ","cool":0,"date":"2015-08-27","funny":0,"review_id":"6siEoWuRTAOZDgVDhcVVUw","stars":2,"text":"Very slow service. I'm sure they must be short staffed. Waited 2 hours to pick up glasses when was told they were going to be done the day before. Took 2.5 hours to order them the first time. While here, they lost someone else's glasses and couldn't find another's. They need to have bathroom cleaned. Glasses are cheap and faster than getting them elsewhere though. You are buying the glasses off the wall- so if the paint is coming off the frame, that's what you get.","useful":0,"user_id":"pR6gjMkN7DcuJbbMFiXBrA"}
{"business_id":"yXKJ6NxfX3LLh6tTho1-zQ","cool":0,"date":"2016-07-24","funny":0,"review_id":"Kih9VEmzBVJ5vZ6xu2Hiog","stars":4,"text":"Great selection of frames with typical Lenscrafter service - i.e. can be on time or can be running behind, but either way it's fairly fast. I've really no complaints about the service. I had a sunglasses Rx filled that ended up being off. I went back to my eye doctor within a week for a correction and Lenscrafters switched out the lenses for free with no hassles.\n\nI prefer the selection and service at this location (East Towne) than the west side store.","useful":0,"user_id":"krTXvpaRz5b6r_m3p4DpcQ"}
{"business_id":"yXKJ6NxfX3LLh6tTho1-zQ","cool":0,"date":"2017-02-04","funny":0,"review_id":"cdOhg6EL2IXMUiZJXszEWA","stars":5,"text":"Very thorough doctor. Confident I'll get great glasses because it was a very complete and thorough exam.","useful":0,"user_id":"k_Ej94M_K_WaXEtzMA-6uQ"}
{"business_id":"yXKJ6NxfX3LLh6tTho1-zQ","cool":0,"date":"2017-03-06","funny":0,"review_id":"7Zb-6XFCd2zOzp8HdyEK5g","stars":2,"text":"GREAT experience with the optometrist! That was not an issue at all. It was the \"upsell\" of items when looking into purchasing glasses. AFTER insurance it was going to be $498 and change for a pair of glasses for my husband. We walked and shopped around. Same prescription - same price frames - same insurance - we paid $108 a couple blocks away. Anytime that I can save $390 dollars I am going to. \n\nThey said the insurance covered the lenses - but not the material or the labor to make them into prescription needed.... so the difference was in how they broke down the charges. Seems shady and I won't trust them or be back again. I did this for convenience so husband could have the glasses before he had to leave town. Well - walking across the street - he had them back the next day and still before he left town.","useful":1,"user_id":"yohlYyxTBYE9g_RuBmNOPg"}
{"business_id":"yXKJ6NxfX3LLh6tTho1-zQ","cool":0,"date":"2013-04-18","funny":0,"review_id":"ssbafKVAKXwd6GwOzVauwg","stars":5,"text":"I will never again buy glasses from any other company! This place rocks. First of all, I have super human capabilities when it comes to breaking glasses. I have probably owned a couple hundred pair over my illustrious career. So, when I found out they sell warranties on their glasses I was like CHA CHING! Since then, I have broke my original pair three times and gotten a new pair for just 25 bucks. AWESOME! Secondly, they have all sorts of cool technology to make sure your glasses fit better than ever. Joseph was great in making sure all my needs were taken care of. Thanks a bunch!","useful":2,"user_id":"JlNWZ_lBYzkBMsQAqBLvCw"}
{"business_id":"yXKJ6NxfX3LLh6tTho1-zQ","cool":0,"date":"2010-07-26","funny":0,"review_id":"IPYdHpENNxROvqvYI9MPMA","stars":5,"text":"I was fit for a pair of glasses in January at a different LC location, and they were not the right fit for my face. The management was very accommodating and willing to work with me to find frames that I would be able to wear. The glasses selection is very good, and reasonably priced. I really appreciate the excellent service, and will definitely shop at this location again","useful":1,"user_id":"pddsXpqGxHCFhMv9_rRmgQ"}
{"business_id":"yXKJ6NxfX3LLh6tTho1-zQ","cool":0,"date":"2017-01-05","funny":0,"review_id":"erHD_GTkurXwp-t6CNwOug","stars":1,"text":"We have Eye Med insurance, took my son to LensCrafters where it cost $40 for the eye exam.  I go to an ophthalmologist where with Eye Med insurance it costs nothing for an eye exam.  LensCrafters should not cost more for a visit to their store. We have also used the insurance at JC Penney and Sears eye locations and not been charged this.  Will not be using them next time.","useful":0,"user_id":"zuhKGA2fDw8-JwRnnsDRbQ"}
