{"business_id":"y0pTeRLBftD__abekOFj6g","cool":1,"date":"2017-05-17","funny":0,"review_id":"5fd0uCCXkC7YTjC0IMjB2w","stars":5,"text":"Tia and her staff were above excellent during my first visit to the salon! All super friendly and made you feel very welcomed. \n\nI had been scared for coloring my hair for the pst year from a different salon botching and damaging it. Tia listened to my concerns, made me feel safe in her hands, and picked the perfect color to correct the damage that was done! \n\nPaired with a perfect hair trim to better frame my face and a voluminous blow-out, I could not be happier!!!","useful":0,"user_id":"9brb3jp3oZVIlL5jt4ilCA"}
{"business_id":"y0pTeRLBftD__abekOFj6g","cool":0,"date":"2015-05-25","funny":0,"review_id":"QBPclPCP3jUKVYQE1upmlg","stars":5,"text":"Tia and honeycomb salon are fantastic. I trust Tia blindly with my hair color and cuts. She and her team did a fantastic job on the hair and makeup for me and my whole wedding party. The shop is great and I've only ever had great experiences there.","useful":0,"user_id":"pNMMBjOqlARwgBh7ALdV4A"}
{"business_id":"y0pTeRLBftD__abekOFj6g","cool":1,"date":"2017-01-18","funny":0,"review_id":"80zO3dRIcBDIKDWNk_WMOA","stars":5,"text":"Made my appointment with Tia. She was great! Easy going and very nice. She was alone that day and helped a few of us at once. Got her work done gracefully,  not looking like she was stressed or upset. I got a bayalage and I love it! Thank you Honeycomb! I've got a lot of compliments and I recommend this place to everyone who asks.","useful":0,"user_id":"NaUtf0SXQe5nMQAnceNVFw"}
{"business_id":"y0pTeRLBftD__abekOFj6g","cool":0,"date":"2014-12-19","funny":0,"review_id":"5sPcaZzcJWfhedUlmIEF-Q","stars":5,"text":"Love the new shop!  Very clean, bright, and modern with all the amenities.  I needed a hairstyle and makeup for a photoshoot; Tia was more than accommodating to my last-minute request.  Everything was stellar - exactly what I needed, and the cost was so reasonable.  I'll be back, and I highly recommend Tia and her new shop.","useful":0,"user_id":"Eao1bSyVDJ6zTa0kRD0DEg"}
{"business_id":"y0pTeRLBftD__abekOFj6g","cool":1,"date":"2015-09-26","funny":0,"review_id":"7S9ILatoV6UPI9-Wu1x4kw","stars":5,"text":"We had a mishap with scheduling for a bridal party, and were panicking about getting our hair done the morning of the wedding. We started calling around and were so lucky to talk to the incredible folks at this salon. They called in an extra stylist on his day off (thank you, Joshua!) and they all worked together to get three of us in the wedding party in and out really quickly. Everybody's hair looked amazing, and the staff and owner were fun to hang out with for a couple hours. Tia, the owner, did my updo, and it's without a doubt the prettiest updo I've ever had. I highly recommend going to them for anything you need!! Thank you all SO MUCH!!","useful":0,"user_id":"cQA1hK8_qyzVtZKxzGdPtg"}
{"business_id":"y0pTeRLBftD__abekOFj6g","cool":1,"date":"2017-02-10","funny":0,"review_id":"6yYFz7H4CNAYxME7kolC7w","stars":5,"text":"Liz is awesome-sauce. I have lived in Madison for about 4 years and never really found a stylist that I could call \"my own.\" I initially looked up HoneyComb because it's near my work and I thought Liz's profile perfectly matched what I wanted - someone funky with a cute 'do and a creative flair. Liz is a pleasure to chat with, easy to book with, and totally loves my funky hair ideas that also have to be practical for my professional job type stuff. If you need a new stylist, I recommend Liz 1000%!","useful":1,"user_id":"0LwHPkmzM7Oy2rBWJbrolg"}
{"business_id":"y0pTeRLBftD__abekOFj6g","cool":0,"date":"2015-11-04","funny":0,"review_id":"B_Gfiym1MbJCmawY35ImYQ","stars":5,"text":"Megan cut my hair today and she was AWESOME! Super friendly and personable, but not annoyingly chatty. She cut my hair exactly the way I wanted it - actually even better than what I had in mind! I will definitely be back. I've gotten tons of compliments all day :)","useful":0,"user_id":"cxsYY272-laVtOyfMxH0tg"}
{"business_id":"y0pTeRLBftD__abekOFj6g","cool":0,"date":"2016-07-14","funny":0,"review_id":"nqbiAs4r0DnnB4WEbqFT3Q","stars":5,"text":"I called HoneyComb for an appointment for full highlights, cut, and blow-out. I couldn't come in during work hours but I was able to get in with Tia Hunter within two weeks (which is pretty good for a 2 hour appointment after 5:30 pm)! The salon itself is neat, clean, simple and whimsically decorated. Tia took time to listen to me describe what I wanted to do with my hair and she offered advice and recommendations. She took the time to explain what she was doing and gave me some tips for maintaining the style. Tia updated the color and cut with some very subtle changes but it definitely freshened up my style! I am still super happy with her work two weeks out. Thanks Tia!","useful":0,"user_id":"Y-eXFpVQcxGB4-EBYsdgWA"}
{"business_id":"y0pTeRLBftD__abekOFj6g","cool":0,"date":"2015-03-18","funny":0,"review_id":"1FHwh_UY8I_Kkt39nCES3g","stars":5,"text":"I love Liz!  She listened to me and was genuinely interested in the pictures I showed her and how I wanted my hair.  I haved lived in Madison 8 years and never truly found a hair dresser I trusted- always waiting to return to California to see my old hair dresser in San Francisco.  Liz is a technical master of the razor and gave me a beautiful, textured yet light bob.  I got compliments from everyone- even strangers.  I am already planning my next appointment to have highlights done.  The salon itself is easy to find off Park Street.  The salon interior is open and welcoming and very modern.  It was super easy to make my appointment online too. Love this place- don't wait!  Make your appointment now.","useful":1,"user_id":"uE0N6qvKnOvZLjH_hEHjxQ"}
{"business_id":"y0pTeRLBftD__abekOFj6g","cool":1,"date":"2015-11-19","funny":0,"review_id":"YG0q7OyIVwDtY-g8Glxzwg","stars":5,"text":"I've had Tia cut and color my hair for two years now and I've always been very happy. She is especially good with color and with styling tips. My two teenage daughters go to her also. Tia gets along great with all ages and hairstyles. We're fans for life! So much so that my mom now has her hair done by her too!","useful":1,"user_id":"0xy4iFKmc2eP0otXehsKGQ"}
{"business_id":"y0pTeRLBftD__abekOFj6g","cool":0,"date":"2015-07-01","funny":0,"review_id":"wb5iL4KAPhuhBKvOYYEVGg","stars":5,"text":"Cassie is the absolute best!  First, I got an appointment right away, which was great.  Second, I loved the style and atmosphere of the salon as well.  Third, I went in to buzz half my hair and Cassie was down to do it, no questions asked, no trying to talk me out of it.  I'm not a fan of when you have an idea in your head and the stylist talks you into something else that you end up not liking after it's no longer styled.  She went through and buzzed it, shampooed my hair and then set to trimming it.  I decided while trimming that I wanted the buzz a little shorter, and she fixed it immediately.  She then styled my hair for me the way I wanted at the end.  Pricing for everything was well worth it.  \nHighly recommend!","useful":1,"user_id":"V12HIIwQU-dYEQZBxEQTPg"}
{"business_id":"y0pTeRLBftD__abekOFj6g","cool":0,"date":"2016-07-14","funny":0,"review_id":"luuQ0Nf-110G2KebaBSn6A","stars":2,"text":"Update for those of you who read my previous review:\n\nI had stopped my mail while on my honeymoon and hadn't received the mail I'd \"missed\" until the 11th of July. The owner of the salon had reached out to me with a letter apologizing, a full refund, a gift card, and  a voucher for a free hair cut and  manicure. She was prompt in her response, however I'd never received an email. I'm still sad that I'll never have the memory of having my hair/makeup done for the wedding, but instead I'll have the memory of my relatives stepping up to help. I don't think I'll be going back but I appreciate their gesture.","useful":0,"user_id":"57JBcf4--UteYs2SRr5vWQ"}
{"business_id":"y0pTeRLBftD__abekOFj6g","cool":0,"date":"2016-07-26","funny":1,"review_id":"2g9COXmhq3FdujpD1NApUA","stars":3,"text":"I had an appointment with Cassie a couple of weeks ago. I debated writing a review, but I know that I rely on reviews to make choices and felt like I should.\n\nIt was fine. Just. Fine. No hair disaster, nothing horrifying. Just fine.\n\nShe didn't want to look at the pictures I brought. \n\nI asked for some styling tips for the summer and she responded with, \"you could look on Youtube.\" Maybe I've just been really lucky in the past, usually stylists offer ideas for product and styling options.\n\nMy hair wasn't fully dry when I left.\n\nWhatever. It was a negative experience. My hair was ok, but I went to get it cut again at another salon 2 weeks later because I didn't love it and didn't want to go back.","useful":3,"user_id":"qcAQ3JIcsHzO53I04Q5Gwg"}
{"business_id":"y0pTeRLBftD__abekOFj6g","cool":0,"date":"2017-04-05","funny":0,"review_id":"-ldHNpXhPxZdnqrzh39V7w","stars":5,"text":"Having just moved to Madison a few months ago, I have already been to the salon a few times. Megan S. is my stylist and colorist. She did a wonderful job not only matching, but improving my haircolor. I have gray roots so that adds a little issue to coloring my hair. My roots always seem to pick up the overall color differently, so we have to be careful. Megan and her coworkers worked together to come up with the perfect color. My roots blend perfectly! The salon is modern, has lots of light and windows. Many of the staff have their hair colored with fun vibrant colors! Everyone there makes you feel comfortable, listens carefully to your needs, and makes sure you are happy before you leave.","useful":0,"user_id":"QagO5No1EY3zUMQ5f3YKXA"}
{"business_id":"y0pTeRLBftD__abekOFj6g","cool":0,"date":"2014-12-18","funny":0,"review_id":"BxT4AB06e0szquxi7tGRWw","stars":5,"text":"HoneyComb Salon Collective is great! I've been going to Tia (the owner) for a few years ago and was very excited to havey first appointment in the new place. I can say I was not disappointed. The place looks great, easy to get to, and as always I left with a great hair color and style. I would recommend this place to anyone.","useful":0,"user_id":"ngMC_zCjEGI4jiYxVaCKpw"}
{"business_id":"y0pTeRLBftD__abekOFj6g","cool":0,"date":"2016-07-07","funny":0,"review_id":"18xr-s_gmjooqo7YNCPzkQ","stars":5,"text":"HoneyComb salon did hair and makeup for my wedding and I just loved them! The salon is very nice and has an intimate feel and the prices are fair. They let us bring mimosas and snacks while the wedding party took turns getting hair and makeup done. Tia did my hair and I thought she did a fabulous job and was fun to work with. There was a mix-up with my florist and the flower comb provided was super underwhelming but Tia was on it - she rearranged the loose flowers that were provided for the entire wedding party and made a beautiful floral arrangement for my hair as well as for the bridesmaids. I'd definitely recommend them for your wedding!","useful":0,"user_id":"nzWAeNhw1Z2HVm4gde4Kdw"}
{"business_id":"y0pTeRLBftD__abekOFj6g","cool":0,"date":"2015-01-17","funny":0,"review_id":"RT3SqQvZInUuLSrfWYvt1Q","stars":5,"text":"Tia is extremely knowledgeable and amazing work. I definitely would recommend her. Congrats on the new saloon. It's gorgeous and look forward to another haircut! Shawn","useful":0,"user_id":"24XA_akDc-UIRjUgVh33Pw"}
