{"business_id":"yvqjRBZwWtM1hV_9DraXGw","cool":0,"date":"2012-03-06","funny":0,"review_id":"SqAVvPY_NU4GqRnxJ9zMng","stars":5,"text":"Excellent experience.  From the minute you walk through the door you are treated with respect.  They always have fresh chocolate chip cookies and coffee.  I had a hip resurfacing done and felt like I was always taken care of.  They spent time with me prior, during, and after the surgery.  All staff members care about you.  There website is great.  If you are in need of hip surgery or hip resurfacing he is the best.","useful":0,"user_id":"k7ClkRJmMdCedME5-iugYw"}
{"business_id":"yvqjRBZwWtM1hV_9DraXGw","cool":0,"date":"2016-02-16","funny":0,"review_id":"mCrJ-nfFZEC8BYJa7Nck-A","stars":5,"text":"We met with him to determine if this procedure would work for us - it does and he advised an anti inflammatory diet and holding off on surgery as long as we could. We both really liked his down to earth demeanor and his diet advice has helped.","useful":0,"user_id":"ymqIs7zSRCMsdEpklCeNUA"}
{"business_id":"yvqjRBZwWtM1hV_9DraXGw","cool":0,"date":"2015-12-11","funny":0,"review_id":"RM8-aMBZ55Dw6dXOLbthnA","stars":1,"text":"He may be great at surgery, but don't go to him if your goal is to avoid surgery. I had hip problems, and was referred here by Dr. Adams. Despite the fact that I had tons of imagery already (including multiple x-rays and an MRI), Dr. Roberson insisted on taking his own two x-rays for \"different angles\". Then, he gave me some bogus talk, trying to tell me my hip bone wasn't the right shape and that I had better get surgery. Once he saw I wasn't interested in surgery, he told me about this miracle pill that cures cancer and helps with inflammation called Curcumin. I bought it (it costs $120 for a two month supply), and I tried it, and it made my hip explode in pain. I had to be on Tylenol for a week to recover. Turns out, he gets kick backs if people buy the Curcumin from the Apple Wellness store on McKee. Total garbage. I am a college-educated IT professional, and I don't appreciate his slimy money-grubbing techniques. From the moment I walked in and saw the amazing, gorgeous, dark wood rotating shelves full of patient charts, and the gorgeous carpets I knew there was something weird. No patient-oriented Doctor should be making enough profits to afford such nice furniture in their office. I'm so mad that he got me to buy the Curcumin and that it caused so many problems for me. Total joke of a doctor. If you need a sports medicine Doctor, Dr. Wilson with UW Sports Medicine (just down the street from this jokester) is excellent. He is recommending three months of physical therapy, and he is just as interested as I am in avoiding surgery.","useful":0,"user_id":"XaE0NiFkP7osFfO1eoqVwQ"}
{"business_id":"yvqjRBZwWtM1hV_9DraXGw","cool":0,"date":"2015-04-09","funny":0,"review_id":"y0WmKYfDl_VsuZFtu7vXEA","stars":5,"text":"Dr. Rogerson and his team are fantastic. Dr. Rogerson is a renowned orthopedic surgeon who is sought out by patients long and far. \n\nLast year he resurfaced my Left Hip. His technique is often complimented by his peers and I couldn't be happier with my outcome. I'm back to weightlifting and Brazilian Jujitsu. Dr. Rogerson and his staff practice medicine the way it's supposed to be practiced. Dr. Rogerson and his surgical PA, Joanna have always been very generous with their time. I've never felt that my appointments were rushed. \n\nI was referred to Dr. Rogerson by a friend who is also a patient of Dr. Rogerson. I've in turn referred several friends and family members to Dr. Rogerson with utmost confidence. He is a completely honest, ethical, compassionate and highly skilled surgeon. He is a great choice for orthopedic care whether he is your first point of contact or you are seeking him out as a second opinion. As a RN and athlete I would recommend Dr. Rogerson without reservation.","useful":2,"user_id":"aR7F6JaHjsYW_j5Biih0rQ"}
{"business_id":"yvqjRBZwWtM1hV_9DraXGw","cool":0,"date":"2016-09-17","funny":0,"review_id":"UobXHK72jan7jMDZ75SqRQ","stars":5,"text":"To add to my last review post op.  I am 5 months almost post op.  I had no complications and barely a fever with excellent care from Orthoteam, Hip Hab and Stoughton Hospital.  I will not kid ya the rehab was pretty extensive but I feel 100 percent with no pain and no instability from my resurfacing procedure.  It is actually the best joint in my body, knock knock.\n\nOrthoteam contacts me the  same day whenever I have a question, almost unheard of in todays healthcare.  It is health \"care\" with the package from Dr. Rogerson and he has been the real deal and followed thru on everything he told me.  I am almost in tears when I think at 56 I got a very special doctor to provide a very special procedure so I can work, pay taxes take care of my family obligations with no limitations and ski vast open snowfields. \nI really had a hard time finding anyone else in Wisconsin I was comfortable with to do this procedure or with near the experience. \n\nI hoped and prayed when I met Doc and he just welcomed me into his office with the feeling of \"come on in sit down lets talk\" it would work. The experience of a deteriorating hip is an eye opener as a whole and it worked out better than I expected.  When a bad hip gets ya down, look up, get up and let Orthoteam and Stoughton Hospital keep ya up!!  I am in healthcare and I know no surgery is foolproof but with the Orthoteam's attention to detail and training you are in good hands. Thanks Doc!!.","useful":0,"user_id":"AadBXqLk3YqxgzbjN9Vvzg"}
