{"business_id":"YQ3MYXj-oJw3TE52SItbMA","cool":0,"date":"2016-04-21","funny":0,"review_id":"jOMkUZDawvv0e3DOkyFlnQ","stars":5,"text":"I have been going here for many years! By far the best dentist I have been to. Dr. Andler's staff is also extremely professional. The office is beautiful and they have a nice variety of drinks you can help yourself to. I would definitely 100% recommend this place to anyone looking for a great, trustworthy place.","useful":0,"user_id":"x6s5zQTp-mByYc7lRZ6YWw"}
{"business_id":"YQ3MYXj-oJw3TE52SItbMA","cool":0,"date":"2016-12-23","funny":0,"review_id":"X5dJFfZ0PVZDJza9MC8iLw","stars":5,"text":"Excellent staff! Excellent work! Dr. Andler replaced my cracked crown, and did an excellent job. He has the CEREC technology, so he was able to replace my crown in one visit. He did a great job using local anesthetics and getting a perfect fitting crown in place. I had a small amount of pain after I left, I took tylenol and it was gone, and I had no pain the next day.","useful":0,"user_id":"mbVlJ6NiwYpb9nT9oO30PQ"}
{"business_id":"YQ3MYXj-oJw3TE52SItbMA","cool":0,"date":"2017-01-24","funny":0,"review_id":"V1VnrzBS18ukma28CBlNaQ","stars":5,"text":"I love working with everyone at Andler Dental! I really appreciate how the entire staff truly cares about me, my comfort, and my teeth! I needed a lot of work done on my teeth (re-do fillings, crowns, etc) and Dr. Andler was fantastic about creating a \"priority\" list for what needs to be done first and then working with me to complete in stages. My financial options were not only explained but actually taken into consideration. I used to go to a local big group dental clinic who never seemed to care that much. With Andler Dental, I feel like an important client and not just an unimportant patient with an open wallet. Give Dr. Andler a try, you won't be disappointed!!","useful":2,"user_id":"pUm3AO3jrAiuGQNYKv-qAQ"}
{"business_id":"YQ3MYXj-oJw3TE52SItbMA","cool":2,"date":"2016-08-18","funny":0,"review_id":"IWv-pnn-HB211Jj450zhgg","stars":5,"text":"I love Dr. Andler and his whole staff. They are friendly, cheerful, and take great care of me and my teeth!\n\nUpdate: I was just in again, and it was a great experience as always. Jamie is the best hygienist I've ever had. The whole staff is great. Their office is beautiful and relaxing, and the location is super convenient! Thanks again!","useful":1,"user_id":"5-eLp0PdMxH_0uxqAVVK5A"}
{"business_id":"YQ3MYXj-oJw3TE52SItbMA","cool":1,"date":"2016-05-26","funny":0,"review_id":"RB43iRkffOmk3QcGalVQwA","stars":5,"text":"We have been going to Andler Dental since it opened and I couldn't be happier here.  The atmosphere is very friendly and welcoming and the staff is extremely knowledgeable and informative.  The office also has a calming effect which I appreciate for my kids.  It's so nice that my kids have never been hesitant or afraid to go to the dentist!  Thank you Andler Dental!","useful":0,"user_id":"_1M8TV1BIEXuSKewA7gWrg"}
{"business_id":"YQ3MYXj-oJw3TE52SItbMA","cool":0,"date":"2013-11-10","funny":0,"review_id":"tF36xogjb5AC0rcbcMteNA","stars":5,"text":"Great dentist with fantastic and enthusiastic staff! My daughter who is 3 and I feel completely comfortable going into this office! My daughter actually gets excited about coming here! Overall I've been happy with my experiences here!","useful":0,"user_id":"4yo0ZcjLUswKpxgE275b_w"}
