{"business_id":"yTJj9oTLWyHtszCuzuTkjA","cool":0,"date":"2012-06-15","funny":0,"review_id":"hskh-suyxWyVZnOOsqCAcg","stars":5,"text":"I cannot say enough positive things about my experience here.  I called yesterday in extreme pain with what turned out to be an abscessed tooth needing a root canal.  Even though I was not a patient, they got me into an emergency appointment right away and referred me to an endodontist to have the root canal a few hours later.  They were kind and compassionate to someone who has a lot of dental anxiety.  Also, I have no dental insurance and they were helpful with payment options.  Thank you so much!","useful":1,"user_id":"mRm7RRUdRz5yRlFiR9E3uQ"}
{"business_id":"yTJj9oTLWyHtszCuzuTkjA","cool":1,"date":"2016-09-28","funny":1,"review_id":"AEE0Xle8GVzFaIwE6dfTrw","stars":5,"text":"I was a first-time patient here after successfully avoiding the dentist for the past two years. They made it an easy, stress-free and reasonably priced initial visit and cleaning.\n\nYou can schedule online or the old fashioned way (phone).  \n\nTheir offices are on the near west side on Odana Road and easy to get to with plenty of parking. Their offices are soothing and comfortably lit--good for the whole family.\n\nMy dentist and her team are very knowledgeable, welcoming and did not deride me for not getting more regular dental care.  My initial visit - - and some fillings later - - proceeded on time, efficiently and successfully with no pain. I was particularly impressed with how well my dentist and her hygienists worked together as a team.  Pretty impressive and it is clear that they know what they're doing and know what they are doing together and are on the same page.  Confidence inspiring.\n\nIf you have to go somewhere to say \"aaahh,\" I recommend that you consider the pros here.","useful":2,"user_id":"SEZVQUIxNukcowUAR14VUQ"}
{"business_id":"yTJj9oTLWyHtszCuzuTkjA","cool":0,"date":"2015-07-30","funny":0,"review_id":"uojSFo4Y4Mb77uHu-MD2yw","stars":5,"text":"Dr. Donnelly is excellent.  They have evening appointments which are convenient. The building is newly renovated and I have never had to wait.","useful":1,"user_id":"CI2XxwZsIVyjEbarCkoaaQ"}
{"business_id":"yTJj9oTLWyHtszCuzuTkjA","cool":0,"date":"2012-09-20","funny":1,"review_id":"TnfstJlfYusS3za7yNWAQQ","stars":1,"text":"I had work done in last couple years at MFDA, and unfortunately was not given informed consent. Both dentists told me they were filling my teeth with \"silver.\" I've since come to find out that they actually used mercury.\n\nI've know about the dangers of mercury toxicity for years, and would never have consented to it being put in my mouth. I'm of childbearing age, and I am extremely concerned about the associated risks of mercury poisoning due to \"silver\" fillings.\n\nI've done much research on the subject, and have begun the very expensive process of removing these fillings. The dentists here in California are shocked to hear that mercury is still used, as it's very controversial and common sense alone tells us that putting a toxic metal in one's head could lead to serious consequences. Numerous scientific reviews agree (*see below for links), and even the UN is working to eradicate the use of mercury fillings.\n\nThe team MFDA are all very nice people, and I hate to rate them so low, but this is a serious matter and I would love to hear that they change their policy to offer their patients informed consent. \n\n* I'm including several links about the dangers of mercury fillings:\n\nhttp://www.disabled-world.com/health/oral/dental/mercury-filling.php\nhttp://www.dentist.net/silver-filling.asp\nhttp://www.naturalnews.com/007851.html \nhttp://iaomt.org/understanding-risk-assessment-mercury-dental-amalgam/\nhttp://www.zeromercury.org/index.php?option=com_content&view=article&id=254:governments-at-un-mercury-negotiations-urged-to-reduce-exposure-end-toxic-trade&catid=68:press-releases-2012&Itemid=82\nhttp://iaomt.org/state-department-considers-global-impact-toxic-dental-mercury/\nhttp://www.youtube.com/watch?v=9ylnQ-T7oiA\nhttp://www.iaomt.org/articles/category_view.asp?intReleaseID=342&catid=30 (Sounds especially bad for pregnant women and babies. Linked to autism. \"Norway, Sweden, and Denmark have banned the use of mercury fillings in dentistry, while Germany and Canada have limited their use for pregnant women,36 37 and France, Finland, and Austria have recommended that alternative dental materials be used for pregnant women.\")\n\nIf you want to remove mercury fillings, be sure to go to a dentist who is certified by the International Academy of Oral Medicine and Toxicology to remove them properly. If you replace them with resin, be sure your dentist uses the BPA-free resin. \n\nTo your good health!","useful":1,"user_id":"610eJ6aDT4ZzbkobsgNVng"}
{"business_id":"yTJj9oTLWyHtszCuzuTkjA","cool":0,"date":"2012-04-18","funny":0,"review_id":"rjLZX2Pqgcm_n1KBa7ev0w","stars":2,"text":"While the service itself is fine, the wait to schedule an appointment is not.  I called today (mid April) to schedule a cleaning.  They have nothing until mid-August.  Unacceptable.  After 10 years of dealing with this kind of scheduling issue, I've decided to change dental practices.","useful":0,"user_id":"j_1zOP-Vk3SP-DcURmtBMQ"}
{"business_id":"yTJj9oTLWyHtszCuzuTkjA","cool":0,"date":"2012-05-16","funny":0,"review_id":"1G6TmubqEZS1hv7r0unGmQ","stars":5,"text":"Thank you for finally making a dentist office that understands the needs of people.\n\nI have so much anxiety about going to the dentist and the assistant Rachel was so understanding.  Dr. Donnelly was fantastic.  They were honest and open with my dental treatment options.\n\nFriendly, well-organized, comfortable and clean.  They even gave me a reusable water glass! I think the green gift was very welcoming.","useful":1,"user_id":"tbycp0aRhRsiAVYUAVR_uQ"}
