{"business_id":"ylDv7nEgpzTTqecYDOTEVA","cool":0,"date":"2017-05-13","funny":0,"review_id":"WO_mNGjB7MYw6ySDA8aRmQ","stars":5,"text":"I did a few sessions of acupunture, bought some supplements and was good for awhile. then reviewed their protocol with my medical doctor and he thought it all sounded solid, then compared the Perscription for Nutritional Healing and it was very close to what they recommended. Throughout a trial of melatonin, Chandon has been very helpful via e-mail at clarifying where melatonin is produced within the body, and how it should be taken which was also very helpful to my doctor.\n\nHaving this holistic perspective which includes supplement advice (though a tiny amount of supplements) is very appreciated, as well as dietary advice is very valuable and something I have been looking for for a very long time.","useful":0,"user_id":"hX9XVdchOeQdbDGTNd0YQw"}
{"business_id":"ylDv7nEgpzTTqecYDOTEVA","cool":0,"date":"2016-12-09","funny":0,"review_id":"K9-KtaF91Qw24mI4sEYYVg","stars":5,"text":"I cannot share enough great things about Isthmus Wellness and Lisa Littel specifically. I have two chronic health issues that have taken years to diagnose and seeing Lisa routinely is the only treatment I can reliably count on to manage and even improve my symptoms. On top of that, my husband and I are trying to conceive and Lisa has been incredibly supportive and helpful throughout our fertility journey. \n\nI used to love getting massages but my illness prevents me from getting those any longer - they became quite painful. Acupuncture with Lisa is a much needed opportunity for relaxation and stress relief and I could not live without it! She is the best and I would recommend her to anyone, anytime.","useful":2,"user_id":"RYO9fwl0hEVXLUymlVMhdA"}
{"business_id":"ylDv7nEgpzTTqecYDOTEVA","cool":1,"date":"2017-03-13","funny":0,"review_id":"o7Y2XV6afqbZQ1ySK4Y-Wg","stars":5,"text":"I go to see Liz who is amazing! I get acupuncture and cupping. I leave feeling unreal. It's such a great experience for your body and your mind!","useful":0,"user_id":"HIFRfJDfwfcN01z4zM-89w"}
{"business_id":"ylDv7nEgpzTTqecYDOTEVA","cool":0,"date":"2016-12-16","funny":0,"review_id":"1UmwrmMYgnNDdBXrXNVK-g","stars":5,"text":"I make a point to visit Isthmus Wellness whenever I am in the Madison area. The environment is warm and inviting and they serve an amazing tea blend as you check in for your appointment.  I have had Jessica as my practitioner for reiki and massage therapy.   Jessica is always attentive to my needs and was able to create a relaxing and soothing experience.  She is the best massage therapist I have ever experienced and I have had several massages. I highly recommend her and the rest of the staff at Isthmus wellness.","useful":1,"user_id":"RZi8p9htW0Nmq2OBLwcl3A"}
{"business_id":"ylDv7nEgpzTTqecYDOTEVA","cool":0,"date":"2017-03-06","funny":0,"review_id":"fQcPc2SN8-EfFFNAgbHTcg","stars":5,"text":"The staff at Isthmus Wellness is fantastic.  I switched to Isthmus because of a reommendation for energy work and then acupuncture.  I have low back issues and miscellaneous health concerns. All of which are under control and improving based on my acupuncturist. I utilize all the services and love the sauna, detox foot bath, nutrition supplements and essential oils they carry.  I recommend Liz for acupuncture and Jessica for energy work and massage therapy.","useful":1,"user_id":"yflcX0Ks1JNrOXiB0AxUXA"}
{"business_id":"ylDv7nEgpzTTqecYDOTEVA","cool":0,"date":"2017-01-03","funny":0,"review_id":"o_9nfwFDZSNXBjG7dQkKqQ","stars":5,"text":"This comment is specific about acupuncturist Lisa.After a brief discussion about my neck pain, and her seeing how I could barely move my neck from side to side, she said to roll up my jeans to just just above the knees. I said, \"You know my neck is higher, right,\" she chuckled explaining detail about how the body has several points... (now I'm beyond my area of knowledge so I'll just continue.) She touched the inside of my foot and asked if it hurt there - and I said, \"Oh yeah! So she began the treatment and \"ouch.\" A big ouch actually. And actually for literally a couple seconds. She then said, \"Turn your head,\" and OMG...I was able to turn my head and neck pain free. If I didn't experience it myself, I'd be a big doubter. It works. She's great! The entire Team at IW is incredible. Thank you.","useful":2,"user_id":"YUl6pXwA2hiHPX13KgJ0tw"}
{"business_id":"ylDv7nEgpzTTqecYDOTEVA","cool":1,"date":"2016-12-12","funny":0,"review_id":"rTZUmoaqirD4Ho1pCwfDEQ","stars":5,"text":"Isthmus Wellness offers comprehensive acupuncture, massage, and bodywork treatment. A really great group of highly qualified and caring practitioners. I always feel listened to, the space is really welcoming, and ultimately I was able get relief from an ongoing tennis elbow issue!","useful":1,"user_id":"dbkYdNLj9pvZwFcPj04O1A"}
{"business_id":"ylDv7nEgpzTTqecYDOTEVA","cool":1,"date":"2017-01-08","funny":0,"review_id":"ZcBz8_JuzoPq5TZfTzsY6A","stars":5,"text":"My neck was spazzing for over a week. After trying our a chiropractor and seeing my PCP (primary care physician), I realized I should've done acupuncture first. \n\nI had treatments before for some face paralysis several years ago in another state and it was a miracle. I highly recommend acupuncture.\n\nLiz is amazing. She asked a lot of thorough questions. With some essential oils and some time with some needles....I feel so much better. My neck spasms were about a 7-8/10 in pain and after one treatment...I feel like a 3-4/10 now. After a couple of more sessions, I can't wait to be free of this pain. \n\nAppointment only. Cute waiting area and the oils smell amazing. Second floor, down the hall and the door is on your left. Cheers to wellness and self-care.","useful":1,"user_id":"k4qx0yGRfwjtnIYJDoiQfA"}
{"business_id":"ylDv7nEgpzTTqecYDOTEVA","cool":0,"date":"2017-03-22","funny":0,"review_id":"5AdMSEXjnyhMedJERU6pHA","stars":5,"text":"I've seen acupuncturist Jahna Cook at Isthmus Wellness on several occasions, and she has been excellent in treating several issues that I feel modern medicine was unable to treat. \n\nRecently, Jahna helped me reach a full resolution to a sudden blurry vision problem. After three MD visits, two eye exams and two different prescriptions for glasses, I finally turned to acupuncture to treat the problem. Thanks to Jahna, my vision is completely clear again, and I tossed out the prescription orders for eyeglasses.\n\nI discovered acupuncture about two years ago, and in my experience, it has successfully treated problems for which I've received little help via modern medicine. I've even convinced family members to explore acupuncture for ailments, and they've had great success as well. I don't really understand how acupuncture works, but I've seen it work time and time again!\n\nI would recommend Jahna Cook at Isthmus Wellness for anyone looking for a great and caring acupuncturist in the Madison area.","useful":1,"user_id":"XkXhvRmzyKzTaqXcmfAsXA"}
