{"business_id":"zi-bfaUWysEvWNK26QwfTg","cool":0,"date":"2017-05-30","funny":0,"review_id":"ZCyx8a6NtXNINwcv9dgVIQ","stars":4,"text":"I came here for their plant sale and to try to find a plastic kid pool for my backyard.  My girls and I also cruised the store and found it clean, and found a lot of items on clearance we could use.  There weren't many checkouts open inside, but it still went smoothly.\n\nHowever, it was the outdoor plant area that had me blown away with service and quality.  I ended up with two more coupons from shopping inside and used them.  They had a huge selection of plants.  My oldest can't walk that long, so she was nestled in the cart and my five year old helped me choose a few flats of flowers to plant.  The line to the checkout was long and I considered ditching my stuff until I saw there were four registers.  I also spotted the giant plastic pool.  Leaving my girls to wait there as I couldn't maneuver the full cart while weaving through the mass of plants-I had an associate help me immediately.  He carried the pool to my van as well, helped me load it and picked up the plants that slipped off my cart. Good customer service is rare!","useful":1,"user_id":"M7LTyzbRK1M3RsMllbf3Og"}
{"business_id":"zi-bfaUWysEvWNK26QwfTg","cool":0,"date":"2012-02-25","funny":0,"review_id":"NDLxPwzy-RuMmMinm0NlJw","stars":4,"text":"I'm a fan because (1) It's not wal-mart. Review my Walmart write up and you'll know of my Southern brainwashing a la Walmart. \n\nShopko is a native WI retailer & I appreciate the difference. My primary purpose for writing was to counter the 1star rating. Why? from what I've read a number of retailers open early Black Friday withstanding and as a hard working wage earner; I'm sure other workers, like myself, appreciated extra hours to work (which the is the complaint of the 1st reviewer) surrounding the Black Friday/Holiday retail season and especially is this slow economy. I haven't worked much retail outside of my own small biz but I did it enough to learn the industry beyond the theory info provided in class. To that end, I'll digress & now cover ShopKo. \n\nThe locations remind me of an old Otasco-style. IDK if Otasco was a specific Southern regional store but think Update decor but small & reachable employees. The footprint is akin to the initial Wal-Marts & targets before SUPER Walmart & GREATLand/Super Target. \n\nI've used the Optical Dept for 4years and I'm loyal due to the price and simplicity. They easily fax my prescription without complaint across the US whenever I'm out of town and need it. I once sat on my glasses driving across the US & had to stop at a TN SuperWalMart to buy whatever contacts they had in my prescription. Shopko got things taken care of in less than 5minutes. That WalMart did not. \n\nThey don't' sell groceries. They have a Payless Shoestore inside. This was new to me but sometimes it helps as there aren't any stand alone Payless stores in Madison. Don't ask why is that?!?!They also sell name brand shoes including Nike/Adidas et al. The prices are simple enough. Nothing to stand in line for but when they have a sale......THEY HAVE A SALE! lol\n\nIn the end, I appreciate ShopKo as it made my Dont' go to Wal-Mart rehabilitation/Kick the habit so much easier and smoother. It's local to the economy and based out of Green Bay, WI. As for business practices- I don't think anyone is as most egregious as Wal-Mart but that doesn't make illicit practices okay what I'm saying is....business is business. You have to make some decisions in order to make a profit and to keep folks employed while making customers happy. So maybe To & Jo could contact corporate directly and express their concerns to see what changes can take place. Maybe they've seen their bottom line and it's not a profitable idea to open and compete for the Holiday bucks. But honey....MY FAMILY WOULD RATHER SEE ME WORKING AND PROVIDING THEN UNEMPLOYED AT HOME LOOKING AT THEM EVERYDAY....BITCHING AND MOANING AND MISTREATING EVERYONE BECAUSE I'M NOT CONTRIBUTING WITH MY WAGES. For those who want Holiday time....trust me they don't go into retail (I didn't) or better yet they schedule to be off (which is what I did when I needed to be with family).","useful":1,"user_id":"r-zUIQPaHzvIyL93wQaoiQ"}
{"business_id":"zi-bfaUWysEvWNK26QwfTg","cool":0,"date":"2014-06-16","funny":0,"review_id":"8FlCRidANwZ7mKEtlDLlAw","stars":1,"text":"I got lied to by a GPS purchase, I was promised it had free lifetime map updates but it turns out, it does not.  The customer service desk people were nice and understanding but the manager that was brought over was extremely rude and dismissive.  I could not return the gps or was offered anything to rectify me spending too much money on the gps.  I will never come back here and everytime Shopko is brought up I will share this story.","useful":0,"user_id":"ifejnnez-760hV4ysQzzqA"}
{"business_id":"zi-bfaUWysEvWNK26QwfTg","cool":0,"date":"2017-01-18","funny":0,"review_id":"rBYsDUzwPDn8DOmWBGHKxw","stars":1,"text":"I went to she shopko on the west side of Madison  wi. I was told by a manager that the nonrecept return would be done. I sat for 45 minutes waiting for the product to be brought up. When it finally arrived in was told it couldn't be done. I. Went back three hours later and was told a totally different story. Again I was told that the return couldn't be done for another reason. Then I was told that if I didn't leave they would call 911. What a way to treat a customer. Never go there. You may get arrested.","useful":0,"user_id":"Wdr6mEbE_3re54C9WEvdzg"}
{"business_id":"zi-bfaUWysEvWNK26QwfTg","cool":1,"date":"2011-11-17","funny":0,"review_id":"AyVNiLTmiFC3PliIOAF6bg","stars":1,"text":"This is another store from which we have to move our dollars away from.      We often use them for clothing and some housewares.   They are also conveniently located by other businesses that we frequently shop at.  Sadly, they have chosen to open their stores early this Thanksgiving destroying any chance for their employees to enjoy the holiday.  As a result we will be taking our dollars elsewhere.    Any store that opens prior to 5am on friday morning after Thanksgiving will lose our business.","useful":1,"user_id":"duku8ZJEzJC3_E8602coqg"}
{"business_id":"zi-bfaUWysEvWNK26QwfTg","cool":0,"date":"2013-12-03","funny":0,"review_id":"SAQ--OaFYMtnW_IOPwoj4w","stars":1,"text":"The employees in this store--if you can FIND one to help you--are indifferent or rude. I can only conclude this is a poorly-managed store that doesn't train or pay their employees properly and under-staffs to save money. I will not shop here anymore.","useful":2,"user_id":"FGsfAB92FJt4wTLiuPvm0g"}
{"business_id":"zi-bfaUWysEvWNK26QwfTg","cool":2,"date":"2012-10-02","funny":0,"review_id":"wjIaDXGozQ05gnrZ56FANw","stars":3,"text":"While ShopKo is still needing to up its game in general, I stopped in for the Payless. I had a coupon and wasn't sure how it would work with the store-in-a-store situation. The clerk at the checkout was very happy to take it and even double-checked that it had gone through the system properly. 2 people greeted me when I entered and 3 thanked me as I left. While the offerings of the store are needing a bit of improving, they've got their customer service down pat.","useful":1,"user_id":"u2NjjrFtg4ZMsoDXtDBqjA"}
{"business_id":"zi-bfaUWysEvWNK26QwfTg","cool":0,"date":"2016-09-05","funny":0,"review_id":"SiZnFIGNqW2FJp-z8iSazQ","stars":5,"text":"I really dig ShopKo. It has been a Madison staple for as long as I can remember. I can almost always find what I need. If you hit them during clearance time you can get some amazing deals. They are a great place to hit for deals on camping equipment and cookwear. I like this location because it is close, the staff is helpful and the store is very clean. I'm there at least once every two weeks.","useful":0,"user_id":"OOFugtIPzCPi5bC8Fs1fGQ"}
{"business_id":"zi-bfaUWysEvWNK26QwfTg","cool":1,"date":"2017-04-07","funny":0,"review_id":"681MO7KFMH9YDucErRDa7A","stars":3,"text":"The store has recently renovated to brighten itself up with a green color scheme - much more cheerful than the drab tan that had dominated the store previously. Many of my former critiques still stand (northwoods vibe, overpriced), but I've noticed an uptick in customer service and the sales continue to be a good reason to come in. They just debuted their \"lower than our lowest prices\" sale and I ended up filling an entire cart (and am thinking about going back to pick up a few things I talked myself out of in the store). Is it going to be my go to? No. (My heart belongs to Target). However, I've recently had a much more pleasant shopping experience than in previous years and will give them more of a chance.","useful":0,"user_id":"wd3xoNaDLib8dhQ7BxUl6g"}
