{"business_id":"ZghjiK973wxMTpdADVEhKg","cool":0,"date":"2011-07-10","funny":0,"review_id":"mz_ewPTjJOScDm_SSikscw","stars":4,"text":"This place is great! I've always been impressed with Michelle and her personal approach. They offer a variety of herbs and vitamins in their office which makes it convenient. Good appointment times available. \nThe only reason I gave it 4 stars is that parking is sometimes a challenge here depending on the time of day you come. 95% of the time you can find a spot in the lot, but occasionally have had to park down the street for an appointment.","useful":0,"user_id":"VIlNSn_e9E3zk3qABpiurw"}
{"business_id":"ZghjiK973wxMTpdADVEhKg","cool":1,"date":"2012-11-13","funny":0,"review_id":"nZAsSvGOiW0PWSdGurksyA","stars":5,"text":"Moving to their new location was the best idea ever. The building is just gorgeous - the waterfall, the nice big reception/waiting area and the treatment rooms with all their different themes are awesome.   I now have a wonderful massage therapist and super acupuncturists and very conveniently located 10 minutes from my house!\nVery helpful friendly and knowledgeable staff.  Highly recommend it!","useful":1,"user_id":"waFwOd9hUHYYM5eaFkhK2A"}
{"business_id":"ZghjiK973wxMTpdADVEhKg","cool":1,"date":"2016-01-20","funny":0,"review_id":"IMVxiEzGwGKYHMwLVRlgSw","stars":5,"text":"Really awesome healers here!!! Service is exceptional. I always leave here feeling better. So happy to have this place in Madison.","useful":0,"user_id":"yTMFs6_aKqFm0UmarGe1nw"}
{"business_id":"ZghjiK973wxMTpdADVEhKg","cool":0,"date":"2012-10-03","funny":0,"review_id":"Fr8cCvYT1qBvb7P8qpS3Xw","stars":5,"text":"Michelle Buchanan was recommended to me 5 years ago by my acupuncturist in Chicago, right before my 1st IVF treatment.  I was looking for the right herbs that would compliment my existing meds protocol to increase my chance of pregnancy.  Michelle offered me a thorough phone consult with extensive paperwork that I had to fill out to give her the information she needed to make the appropriate herbal concoction.  With her help, I was able to conceive a beautiful, healthy baby boy.  I will forever be thankful to her.  Michelle is kind, caring and full of knowledge.  Her staff is very helpful and pleasant to work with.  Now as we approach our journey to have our second child, I am back in her care.","useful":0,"user_id":"H7XR4ygzutqQBzNyIEBt5g"}
