{"business_id":"zf1PntRvwazVKtwBq-BmUQ","cool":1,"date":"2016-01-04","funny":0,"review_id":"buCHJbT_eUY38EtlWIgK0w","stars":5,"text":"This a nice independent small shop Physical Therapy clinic. All of the therapists are well credentialed and well trained. I initially found Sport & Spine based on the recommendation of Dr. Rogerson when I was rehabing after a hip resurfacing. \n\nI'm currently there rehabing an elbow dislocation. The therapists at Sport & Spine really seem to work with you to get you appointments in a timely manner. They also are very interested in getting you back in shape so you can meet your goals.","useful":1,"user_id":"aR7F6JaHjsYW_j5Biih0rQ"}
{"business_id":"zf1PntRvwazVKtwBq-BmUQ","cool":0,"date":"2017-01-03","funny":0,"review_id":"kyn2OphTwRiDmGXm6YmDjA","stars":5,"text":"I can't rate this place highly enough.  I've been to tons of physical therapists over the years (I have always been injuring myself from sports), and Kyle is one of the best.  He took a detailed history of my hip pain.  I'd had the hip pain for years (maybe 8 years), and he mostly fixed it in 6 months.  I originally saw Dr. Rogerson who did an x-ray and concluded I needed hip resurfacing surgery.  That didn't fly with me because although I had hip pain, I was planning to climb Mt. Kilimanjaro in 10 months, and I couldn't be out of commission in recovery from surgery when I was training.  I got a second opinion at the UW Health Sports Medicine Clinic (I think I saw Dr. Wilson) who diagnosed a labral tear and iliopsoas tendonitis and then prescribed physical therapy.  The physical therapy with Kyle allowed me to avoid surgery (which was a stupid suggestion anyway) and climb my mountain in great shape.  Kyle gave me exercises to do at home, and although I haven't been absolutely perfect about doing them every day, I've been doing them enough to keep my hip in good condition.  I can't believe that my hip is in such great condition after having so much pain for 8 years.  I knew I had to figure this out before going to Kilimanjaro, and I'm so glad I found Kyle at Sport and Spine PT!\n\nOne final note about how great Kyle is - most of the other sports medicine doctors and physical therapists that I've seen over the years have told me that my abdominal muscles are weak which is absolute hog wash.  I'm very muscular all over, including my abdomen.  He did not say any of this kind of garbage, and instead fixed my hip with a combination of resistance exercises, movement exercises where he maneuvered my hip into different positions, and running on an anti-gravity treadmill.","useful":1,"user_id":"XaE0NiFkP7osFfO1eoqVwQ"}
{"business_id":"zf1PntRvwazVKtwBq-BmUQ","cool":0,"date":"2016-03-07","funny":0,"review_id":"7TsuZU0rz3nFgAW70HVmEQ","stars":5,"text":"I have visited several physical therapy clinics for back pain. \nFor many reasons, I think this the best clinic in this area. \n\nAppointments were 1 hour long as opposed to 40 minutes in other clinics I visited. This gave us good amount of time for therapy.\n\nI worked with therapist David Lippi.\n\nFor first 5-10 minutes we used to discuss symptoms and progress (may take more time if this is first visit) and then worked on muscles/problem area for 20-25 minutes. For remaining time of the appointment he gave me various exercises. \n\nHe never wasted time and got lot of things done in those 60 minutes. \n\nAlong with massages, he also tried dry needling to figure out what works the best for me.\n\nI was suffering from back and leg pain for long time. But he never gave up on me and kept coming up with innovative ideas to target specific problem areas. I am still taking the treatment but I am feeling much better and stronger than when I started the therapy.","useful":1,"user_id":"TLCxxfPQkKp1y6Z5fN6NQw"}
{"business_id":"zf1PntRvwazVKtwBq-BmUQ","cool":1,"date":"2016-09-27","funny":0,"review_id":"8bsMMMsvBb7ZyB_0YTIitQ","stars":5,"text":"I just recently started seeing Hayley at Sport and Spine for issues related to marathon training as well as pain in my lower back. She has been a miracle worker! From my first visit, everyone at the clinic made me feel important--that my health concerns actually mattered and they wanted to see me improve. Hayley is my PT and she genuinely cares about how I'm doing; she listens to me and goes out of her way to ensure treatment is working. She is amazing and I'm happy I found Sport and Spine Clinic. You are in great hands there!","useful":0,"user_id":"L-vDzf9zlExnMKXZjWYBlg"}
{"business_id":"zf1PntRvwazVKtwBq-BmUQ","cool":1,"date":"2011-03-11","funny":1,"review_id":"Hr80iTJ2ZvenwQNWsGePVg","stars":4,"text":"I have only been here once so far, but I was extremely impressed during my visit.\n\nI was referred here by my doctor and wasn't particularly excited about having to go, but when I walked in the door I was immediately comforted. It is a bright and clean and new atmosphere, you don't feel like you are at a doctor's office or a rehabilitation center at all.\n\nThe staff was all really nice, they have interns who are actually helpful and good at what they do. I felt that the PTs listened really well to my bad explanation of the problems I am having, and stayed more positive about a successful treatment of my spinal problems than any doctor or chiropractor I have visited.\n\nThe PTs were extremely helpful, they took the knowledge that I was a college student and tried to find as many resources on campus for me as possible. They also gave me the option of borrowing equipment for a week to test out before I decided if I wanted to purchase it, which I really appreciated. I also appreciated the print out with drawings and instructions of the at-home stretches I need to do.\n\nI'm actually pumped about going back.","useful":2,"user_id":"e8YiilZmbi7SaWYLk4vpfg"}
