{"business_id":"zs_YKgwh5YAie6TXZgYP9Q","cool":0,"date":"2016-05-27","funny":0,"review_id":"8_DLnS8FXacDETfCtPiATg","stars":5,"text":"Great customer service and fast. Going on vacation in a couple weeks and I needed to have an eye exam and get advice on sunglasses. Was scheduled easily the same week. \n\nExam was standard but I mentioned I needed sunglasses and the doctor gave me very honest advice about the pros and cons of different types of lenses. I also got to learn more about my own retina, which was a cool touch after years of eye exams where I never got to see what it looked like. \n\nI was worried my insurance was not still current because I had no current vision insurance card, but I asked before the exam and they were able to look it up and assure me I had coverage. A big relief. \n\nBuying frames and lenses was easy. The prices are a bit higher than I would like, but they have great selection and helped me figure out what I was comfortable in, but wouldn't look silly wearing. \n\nAll around a great experience.","useful":1,"user_id":"fmf_pgnmglIoBHPIhUIt9g"}
{"business_id":"zs_YKgwh5YAie6TXZgYP9Q","cool":1,"date":"2015-11-23","funny":0,"review_id":"XxGJBcU2rlW2uw8OwNjHVQ","stars":5,"text":"I've been seeing Dr. Steinhauer for years and years, and now take my children to see him and his son.  His personal approach makes the whole experience enjoyable (except for that puff-in-the-eye test! :) ), and his advice over the years has been sound.\n\nI had Lasik eye surgery at another center, and he did all the follow-up care for that surgery, even seeing me off-hours due to a scheduling conflict when my family was going out of town.  He has always taken a pragmatic approach to his care, recommending a new prescription when necessary, but not pushing it when the prescription change was slight.  I would highly recommend him.  \n\nMy son went to see Dr. Steinhauer's son (also in the business) and we were happy with that experience as well.  It's nice to support a local, family-run business that conducts itself with integrity.","useful":0,"user_id":"nQcq3rBhPLEfex_6bLbjmA"}
{"business_id":"zs_YKgwh5YAie6TXZgYP9Q","cool":1,"date":"2016-11-14","funny":0,"review_id":"F3ZHgqHvwAr24BUzgGD5FA","stars":5,"text":"Dr Andrew Steinhauer and his office staff are exceptional. This is the second year they have taken very good care with me. Lindsay in the office management/billing coordinator has worked with me several times with coordinating for insurance claims including out of state insurers. Hats off to Steinhauer eye clinic dr Andy and his staff are great looking forward to visiting them yearly for my eye and contact lense needs.","useful":0,"user_id":"6fzuXBePgLW5LCsd-xEKjQ"}
{"business_id":"zs_YKgwh5YAie6TXZgYP9Q","cool":0,"date":"2016-01-21","funny":0,"review_id":"4bXWzi_mQxjDe9DCgiTpVg","stars":5,"text":"Had no trouble making a timely appointment. Staff were very courteous and I had minimal wait before being seen by the optometrist. I saw Andrew Steinhauer, who was extremely professional. He asked about my history, and when I forgot to mention that I had previously been diagnosed with a small congenital cataract, he immediately spotted it and made sure that I knew. Not pushy at all about selling contacts or eyeglasses. \n\nOverall, about as positive experience as I could imagine! I'll be back for my next appointment.","useful":1,"user_id":"iqq1yl2u8D3Pe0PNTOU6hw"}
{"business_id":"zs_YKgwh5YAie6TXZgYP9Q","cool":0,"date":"2014-04-15","funny":0,"review_id":"ePGPwdBYAmfwt1nwpZUc8Q","stars":1,"text":"I am not sure how the optometrists are at this place, because unfortunately a terrible receptionist prevented me from finding out. Tried to make an appointment with her using my insurance plan, but encountered a rude, demeaning receptionist who was completely unsympathetic toward my issues. I called her asking if they accept my insurance plan, and asked how much the co-pay is. She said $98! Wow...and you know that before you look up what my plan is? That seems a tad high for just a regular check-up. When it came time to take down my name, she was culturally insensitive and didn't even wait for me to finish saying my name. She was just incredibly rude the whole 5 minutes, and created one of my most unpleasant phone conversations.\n\nWhat a way to treat a patient suffering from pain in the eyes. There is no way I will subject myself to this treatment at a healthcare provider - heading to another provider instead!","useful":5,"user_id":"H45yAEUvW3r_HGrQfV343Q"}
{"business_id":"zs_YKgwh5YAie6TXZgYP9Q","cool":0,"date":"2014-03-17","funny":0,"review_id":"anSWZpWpp8yimvOxKmXvOw","stars":5,"text":"Was up all night with progressively worse eye pain last week. By the time it was dawn my eye was swollen and in crazy pain, so I called the first place with emergency eye care in the area. There were few openings that morning but after describing my symptoms the receptionist told me to come on over ASAP. I was in their office by 8:20 and in the back by 8:25.\n\nThe staff was so nice and very helpful. I saw the son, Andrew. Immediately it was determined I had a corneal abrasion. After some more tests, I was written a prescription for eye drops, and now about five days later I am finally feeling great again.\n\nI would recommend Steinhauer to anyone in a heartbeat. They were so accommodating of my emergency, and I had my rx within half an hour. I unfortunately was heading out of town later that day so I couldn't partake in a follow up appointment a few days later, but they showed concern in always checking in with patients after the appointment. I felt very welcome and taken care of. \n\nOne last thing-- they were also very helpful with insurance info. I didn't have my parents' insurance card in Madison with me, and the receptionist was very helpful in helping me get the info from my dad and providing him with a fax number for ease. Thanks, all!","useful":1,"user_id":"rWGgJFYfIzn0Adf627oYaw"}
