{"business_id":"ZiH14J7t8WnMPPHwHsfGOQ","cool":0,"date":"2016-12-02","funny":0,"review_id":"iI1QmuR4v3kla25J6TRzWA","stars":5,"text":"I really like this place! My husband had day surgery here and everyone was super nice and the whole place has a nice quiet atmosphere. The communication was top notch throughout the day and there is a frequently updated tv monitor in the family waiting room that you can follow along to see when the patient is in surgery, when the surgery is done, patient is in recovery, when the doctor will talk to you about how the surgery went and when you can see your loved one. It's just like the \"arrivals and departures\" screens in an airport that keep you updated. You will be given a surgery ID # to look for on the screen. It was so helpful to know when surgery was completed and when I would be able to see him. I highly reccomend Meriter's UnityPoint Health Center! You don't need to register on the main floor just go up to the floor you are told to check in.","useful":1,"user_id":"RR8z_wcpxlH8Hx3E8MrPjg"}
{"business_id":"ZiH14J7t8WnMPPHwHsfGOQ","cool":0,"date":"2017-01-12","funny":0,"review_id":"EY51G0NsHYTaOTTw6J4qbQ","stars":1,"text":"Pull out your wallet! Two-mile ambulance transport was $2000 ($1000 per mile!!!) because Meriter staff cares nothing about who's in your insurance network when they schedule services. Backstory: Medically stable grandson who was being transferred to University Hospital needed ambulance transport (vs. private car) because he had an IV.","useful":0,"user_id":"6-qB8ukK6U2sidbDD5c_lA"}
{"business_id":"ZiH14J7t8WnMPPHwHsfGOQ","cool":0,"date":"2014-11-10","funny":0,"review_id":"nrImKB4cyMW5EeHTn63JXw","stars":4,"text":"I went to Meriter ER after having a fall. I was taken by rescue squad. I found my care to be prompt with good follows by nursing staff.  Was referred to an orthopedic clinic for follow up care.","useful":0,"user_id":"FWSHBTX6lVrS1rL0VWOIXQ"}
{"business_id":"ZiH14J7t8WnMPPHwHsfGOQ","cool":0,"date":"2014-03-01","funny":0,"review_id":"I9Wz7tSw7af40czaEf4HLA","stars":5,"text":"Had an outpatient surgery here. Staff were so kind and helpful, everyone was friendly, and the facility was very very clean. I was impressed. If I ever have to go to the hospital again, I am coming here.","useful":0,"user_id":"_QsmmmpkgaV2YyZmbNX9LQ"}
{"business_id":"ZiH14J7t8WnMPPHwHsfGOQ","cool":0,"date":"2016-10-04","funny":0,"review_id":"w4MdlnY9TgdcHVaaNnzFgg","stars":1,"text":"BEWARE if you go there asking for help with a mental health issue you will be treated like a criminal.  You will be guarded by security and they don't give you a call light (no cords allowed) so God forbid you need to pee.  They order you back into the room when you try to get help for such things.  Basically everything they can do to take away your dignity they will.  I was robbed and assaulted (physically not sexually) 8 yrs ago and i would rather repeat that experience over going to Meriter for help.  Add to that they lie to outside treatment team about offering you help when in reality they turn you away telling you they can't help.  It was one of the most frustrating and degrading things I have ever experienced.  Top off the criminal like treatment with leaving unable to get help and finding a random vial of meditaction in the bucket where they put my belongings  ( way to go no help with suicidal thoughts and giving random meds to help them out!! I assume if fell out of a pocket into the bin) it was absolutely the opposite of what should be done and is decades behind what should be happening in 2016.  They could learn a lot from the UW.","useful":2,"user_id":"iUjjuov-XayCS_A8Og8raQ"}
{"business_id":"ZiH14J7t8WnMPPHwHsfGOQ","cool":0,"date":"2015-03-28","funny":0,"review_id":"Q2EAvJUXbd-qfqDsxSK-MQ","stars":1,"text":"Their billing department head build me a co-pay that should've been waived after being admitted into the hospital for treatment and further imaging. Their billing department told me they can hold you in the hospital for a week or more and still be considered outpatient. I asked them for documentation. Their response from the billing department was will just take you to collections and so they did. And when it comes to them sending bills out they are usually 90 days after your visit. Maybe they're waiting to see what is covered by the insurance but to say that I'm 90 days past due when you don't receive a billing until 90 days after is not right. past-due should be considered from the first billing that you receive. We need to stand up against these kinds of companies that don't care especially when they're in the business to give care.","useful":0,"user_id":"FSHBxXywO7JCxzZUhCW1zQ"}
{"business_id":"ZiH14J7t8WnMPPHwHsfGOQ","cool":0,"date":"2017-01-02","funny":0,"review_id":"MvC_RmcZQK1gK7M-5qLF7A","stars":1,"text":"Spent the night in the ER with my boyfriend last night. I am absolutely baffled at how rude the nurses there were. We had a nurse named Shawn and he was not only extremely unfriendly but also extremely unsympathetic and unhelpful. I will never ever return here.","useful":1,"user_id":"9gZDFVnT_IqpZE3YmVm4ng"}
{"business_id":"ZiH14J7t8WnMPPHwHsfGOQ","cool":0,"date":"2009-01-20","funny":2,"review_id":"z7rEBemdMYTLX0_O3cXaDw","stars":3,"text":"Once you get in, it's fine ... the problem is that you may die waiting. \n\nMaybe I was spoiled with Columbia / St. Mary's hospitals in Milwaukee, but this location took nearly two hours during the early afternoon of a work day. I sat there with a potential blood clot; old SARS victims were hacking away and I could have sworn that an elderly person sat there with cob webs growing on her. Horrible. \n\nIt gets a positive review overall because the care and patient care is considerate, kind and intelligent.","useful":0,"user_id":"9I-kXfb7-1iAQFvHplk1PA"}
{"business_id":"ZiH14J7t8WnMPPHwHsfGOQ","cool":0,"date":"2012-04-23","funny":0,"review_id":"YgqfQGVYVkR3EXB9bG2m-w","stars":5,"text":"My sister took me to the ER after I spoke to a nurse. I had a stabbing pain in my chest that lasted more than 16 hours. I was taken right in. Immediately, they started working on me. I had an IV, all the heart monitors, etc. They brought in an X-ray machine, I saw a doctor and then a heart specialist. After and echocardiogram I spoke again to the specialist Dr. Moses. The treatment was so fantastic. No bodies laying in the hallways of the busy ER. People moved quickly, and were very attentive. If anyone in my family needs an ER, it will be Meriter not UW or St. Mary's.","useful":0,"user_id":"WFP_CgkAjYpvUBDa01GMlA"}
{"business_id":"ZiH14J7t8WnMPPHwHsfGOQ","cool":1,"date":"2009-04-29","funny":2,"review_id":"w8jgwt_y4B19zc4mfJXFDA","stars":4,"text":"Stayed here September of 07'.  Twice.  WTH?!?\n\nYeah some allergic reaction mixed with something viral; made my throat close up and could barely breathe; nearly passed out.\n\nLong story short; the nurses are zero supreme (Number 1) and my private room was bangin'!\n\nThey actually listened to me when I told them I have \"hidden veins\" and a butterfly needle would suit me.\n\nMy beau, parents and daughter all came to visit and also were pleased at my accommodations.  \n\nGod forbid something else unfortunate should happen to me, but if it does, Meriter is my hospital.\n\nThanks!","useful":3,"user_id":"EKjpxH__JX8Y2dqhtcUksQ"}
{"business_id":"ZiH14J7t8WnMPPHwHsfGOQ","cool":0,"date":"2016-04-19","funny":0,"review_id":"aUIiLTaitVhES5P37GDmtw","stars":1,"text":"I had to go to the ER twice last month and felt dismissed and uninformed both times. It wasn't until I went to visit my primary care provider who requested the records did I actually find out what was going on. As I have a pre existing health issue that could have been seriously compromised by what I was being seen for, things could have gone seriously wrong. The doctor I had on my last visit is the reason I won't be going back.","useful":3,"user_id":"DvOwFCDt8w5as1tea4aYdQ"}
{"business_id":"ZiH14J7t8WnMPPHwHsfGOQ","cool":0,"date":"2016-04-10","funny":0,"review_id":"W1IE1fW2w2sg7KbxglBfSA","stars":4,"text":"Ok - so the security here is non-existant.  Anyone can walk in here.  It is kind of scary being a lady who is walking in an out during early and late hours.\n\nThe cafeteria is a pleasant surprise.  Food in this area can be inaccessible because of parking.  Everything is priced under $5 and made fresh.  Most of the stuff is reason and healthy.  And it really is not \"terrible\" hospital food.  It is nice to know when I am visiting family I can get a full, health meal for under $4.","useful":0,"user_id":"tbycp0aRhRsiAVYUAVR_uQ"}
{"business_id":"ZiH14J7t8WnMPPHwHsfGOQ","cool":0,"date":"2014-10-13","funny":2,"review_id":"PSxAc4vCaMvaD5R2yMfsPA","stars":1,"text":"This ER quite possibly has the absolute worst Drs  in any facility ive ever been to. Having a life threatening illness  these ppl didnt listen to a word i said - if you ever have seen charlie brown and remember the teachers voice going wahwah wahwah that is what these drs remind me of - i did not go in seeking pain meds as i do not take them but they treated me like i was a drug seeker and not even remotely did they listen or address any problem that i described to them. If this is the kind of care u from a hospital why bother you may as well stay at home. I rate these ppl at a pnegative gazillion and and their ER DRs should well to put it mildly - they have in business being in the medical field period!!!!!!","useful":2,"user_id":"l1y0bk5eAnUz9pD0iOPRCA"}
